226 30
227 30
228 28
229 28
230 34
231 34
232 30
233 24
234 22
235 22
236 22
237 20
238 16
239 16
240 16
241 14
242 14
243 16
244 16
245 14
246 12
247 14
248 14
249 12
250 14
251 14
252 16
253 32
254 48
255 44
256 40
257 46
258 42
259 30
260 38
261 68
262 78
263 52
264 8
265 40
266 30
267 10
268 20
269 40
270 46
271 26
272 22
273 38
274 32
275 2
276 6
277 14
278 4
279 12
280 12
281 18
282 20
283 20
284 28
285 28
286 20
287 20
288 14
289 14
290 8
291 12
292 10
293 10
294 10
295 6
296 6
297 4
298 0
299 0
300 0
301 0
302 0
303 0
304 0
305 0
306 0
307 4
308 4
309 12
310 18
311 32
312 10
313 24
314 20
315 42
316 52
317 12
318 38
319 52
320 30
321 34
322 12
323 6
324 16
325 24
326 34
327 34
328 10
329 18
330 18
331 12
332 20
333 40
334 48
335 22
336 34
337 18
338 16
339 18
340 28
341 30
342 30
343 20
344 32
345 44
346 46
347 36
348 26
349 30
350 30
351 28
352 26
353 26
354 28
355 28
356 28
357 24
358 18
359 10
360 6
361 10
362 12
363 14
364 18
365 20
366 16
367 14
368 14
369 10
370 10
371 14
372 12
373 8
374 8
375 10
376 10
377 10
378 10
379 6
380 10
381 8
382 20
383 28
384 26
385 16
386 12
387 12
388 14
389 16
390 16
391 16
392 16
393 16
394 16
395 20
396 20
397 20
398 22
399 18
400 22
401 26
402 24
403 20
404 16
405 18
406 22
407 22
408 18
409 16
410 14
411 12
412 12
413 16
414 22
415 22
416 20
417 20
418 24
419 26
420 22
421 20
422 20
423 18
424 18
425 20
426 22
427 22
428 14
429 10
430 18
431 30
432 50
433 52
434 38
435 34
436 48
437 42
438 16
439 18
440 20
441 26
442 22
443 30
444 10
445 6
446 16
447 14
448 12
451 48
452 46
453 44
454 42
455 44
456 40
457 36
458 30
459 24
460 24
461 24
462 18
463 12
464 12
465 14
466 14
467 12
468 12
469 10
470 8
471 10
472 10
473 8
474 8
475 12
476 14
477 16
478 28
479 36
480 36
481 44
482 50
483 48
484 46
485 46
486 68
487 76
488 44
489 6
490 30
491 20
492 18
493 16
494 32
495 38
496 16
497 18
498 40
499 32
500 4
501 4
502 12
503 2
504 10
505 10
506 16
507 22
508 24
509 32
510 34
511 26
512 24
513 18
514 18
515 16
516 16
517 12
518 14
519 12
520 6
521 8
522 8
523 4
524 4
525 4
526 4
527 4
528 4
529 4
530 2
531 4
532 6
533 6
534 12
535 12
536 28
537 18
538 18
539 2
540 32
541 38
542 4
543 36
544 34
545 8
546 20
547 20
548 20
549 24
550 26
551 26
552 18
553 8
554 18
555 14
556 14
557 18
558 30
559 28
560 8
561 18
562 8
563 16
564 26
565 26
566 20
567 18
568 10
569 18
570 28
571 44
572 38
573 22
574 28
575 26
576 22
577 20
578 20
579 24
580 22
581 20
582 20
583 18
584 12
585 8
586 10
587 14
588 14
589 16
590 20
591 20
592 18
593 18
594 16
595 14
596 16
597 14
598 12
599 10
600 12
601 14
602 18
603 16
604 16
605 20
606 22
607 32
608 38
609 30
610 18
611 16
612 18
613 22
614 22
615 22
616 24
617 24
618 24
619 26
620 30
621 30
622 30
623 30
624 28
625 30
626 28
627 24
628 22
629 22
630 22
631 22
632 24
633 20
634 16
635 16
636 16
637 16
638 18
639 24
640 26
641 24
642 24
643 26
644 30
645 30
646 26
647 26
648 24
649 22
650 24
651 28
652 34
653 30
654 22
655 28
656 38
657 46
658 58
659 54
660 66
661 82
662 72
663 52
664 50
665 38
666 34
667 30
668 28
669 26
670 18
671 32
672 24
673 18
676 42
677 40
678 36
679 34
680 34
681 30
682 28
683 24
684 22
685 22
686 22
687 14
688 4
689 2
690 4
691 4
692 0
693 2
694 4
695 6
696 8
697 8
698 8
699 4
700 4
701 6
702 8
703 18
704 34
705 44
706 50
707 54
708 52
709 54
710 50
711 64
712 76
713 46
714 8
715 26
716 12
717 10
718 8
719 28
720 30
721 6
722 18
723 46
724 36
725 6
726 4
727 12
728 2
729 2
730 6
731 8
732 14
733 18
734 26
735 32
736 30
737 28
738 22
739 18
740 18
741 16
742 14
743 16
744 12
745 8
746 8
747 4
748 2
749 4
750 4
751 4
752 4
753 4
754 6
755 4
756 6
757 6
758 4
759 8
760 4
761 18
762 8
763 16
764 10
765 38
766 42
767 18
768 42
769 28
770 14
771 28
772 28
773 18
774 10
775 4
776 6
777 16
778 18
779 6
780 18
781 30
782 22
783 22
784 24
785 12
786 16
787 10
788 10
789 28
790 40
791 28
792 16
793 18
794 22
795 12
796 28
797 24
798 12
799 20
800 16
801 10
802 12
803 10
804 14
805 12
806 8
807 8
808 14
809 14
810 12
811 10
812 12
813 14
814 14
815 16
816 20
817 20
818 20
819 22
820 20
821 20
822 18
823 18
824 18
825 18
826 20
827 26
828 20
829 20
830 20
831 24
832 32
833 34
834 22
835 18
836 16
837 20
838 22
839 20
840 22
841 22
842 20
843 20
844 24
845 26
846 26
847 26
848 26
849 26
850 26
851 26
852 26
853 26
854 22
855 18
856 20
857 24
858 20
859 16
860 16
861 16
862 16
863 18
864 20
865 24
866 24
867 24
868 24
869 26
870 30
871 30
872 28
873 26
874 26
875 24
876 24
877 32
878 36
879 32
880 26
881 22
882 18
883 40
884 84
885 130
886 158
887 150
888 150
889 138
890 104
891 68
892 38
893 22
894 28
895 22
896 38
897 24
898 18
901 28
902 28
903 26
904 28
905 28
906 24
907 24
908 16
909 12
910 14
911 16
912 12
913 6
914 6
915 8
916 10
917 8
918 8
919 8
920 10
921 12
922 14
923 18
924 16
925 14
926 14
927 18
928 24
929 32
930 42
931 46
932 50
933 52
934 54
935 58
936 54
937 66
938 34
939 16
940 38
941 22
942 18
943 12
944 30
945 26
946 10
947 18
948 52
949 40
950 10
951 8
952 18
953 10
954 10
955 14
956 6
957 6
958 4
959 12
960 18
961 20
962 24
963 24
964 18
965 16
966 14
967 14
968 12
969 6
970 4
971 4
972 4
973 6
974 4
975 0
976 0
977 0
978 0
979 2
980 6
981 4
982 4
983 2
984 4
985 8
986 24
987 4
988 20
989 10
990 36
991 40
992 30
993 54
994 42
995 22
996 16
997 6
998 24
999 34
1000 32
1001 26
1002 18
1003 16
1004 24
1005 32
1006 10
1007 38
1008 42
1009 66
1010 26
1011 6
1012 8
1013 4
1014 14
1015 38
1016 46
1017 30
1018 18
1019 16
1020 6
1021 16
1022 18
1023 12
1024 16
1025 14
1026 12
1027 14
1028 10
1029 16
1030 16
1031 12
1032 8
1033 10
1034 14
1035 18
1036 18
1037 18
1038 20
1039 20
1040 20
1041 22
1042 22
1043 22
1044 24
1045 24
1046 26
1047 24
1048 24
1049 24
1050 26
1051 26
1052 26
1053 22
1054 22
1055 20
1056 22
1057 26
1058 24
1059 14
1060 12
1061 14
1062 18
1063 18
1064 20
1065 22
1066 18
1067 16
1068 16
1069 20
1070 20
1071 20
1072 20
1073 18
1074 18
1075 20
1076 24
1077 26
1078 24
1079 18
1080 16
1081 20
1082 24
1083 20
1084 16
1085 14
1086 12
1087 14
1088 20
1089 22
1090 22
1091 24
1092 26
1093 28
1094 28
1095 30
1096 34
1097 34
1098 28
1099 28
1100 24
1101 18
1102 22
1103 28
1104 30
1105 22
1106 8
1107 18
1108 70
1109 144
1110 216
1111 252
1112 242
1113 255
1114 255
1115 214
1116 148
1117 76
1118 32
1119 24
1120 28
1121 34
1122 20
1123 20
1126 12
1127 14
1128 14
1129 20
1130 22
1131 18
1132 22
1133 22
1134 18
1135 20
1136 20
1137 14
1138 6
1139 2
1140 2
1141 4
1142 4
1143 4
1144 6
1145 8
1146 8
1147 10
1148 16
1149 16
1150 14
1151 12
1152 14
1153 22
1154 26
1155 34
1156 38
1157 44
1158 48
1159 46
1160 56
1161 40
1162 50
1163 20
1164 24
1165 34
1166 8
1167 16
1168 10
1169 28
1170 24
1171 18
1172 16
1173 56
1174 48
1175 20
1176 18
1177 28
1178 22
1179 22
1180 30
1181 26
1182 20
1183 16
1184 16
1185 10
1186 2
1187 4
1188 10
1189 10
1190 8
1191 8
1192 8
1193 6
1194 4
1195 0
1196 4
1197 6
1198 8
1199 8
1200 4
1201 4
1202 4
1203 4
1204 6
1205 6
1206 6
1207 6
1208 2
1209 4
1210 8
1211 20
1212 8
1213 28
1214 10
1215 30
1216 32
1217 62
1218 100
1219 102
1220 106
1221 110
1222 76
1223 60
1224 48
1225 40
1226 34
1227 22
1228 22
1229 36
1230 8
1231 78
1232 158
1233 146
1234 168
1235 124
1236 58
1237 26
1238 6
1239 8
1240 16
1241 36
1242 40
1243 24
1244 8
1245 2
1246 10
1247 20
1248 20
1249 22
1250 24
1251 26
1252 24
1253 22
1254 24
1255 28
1256 28
1257 24
1258 20
1259 18
1260 18
1261 22
1262 24
1263 24
1264 24
1265 26
1266 28
1267 26
1268 26
1269 28
1270 28
1271 30
1272 28
1273 30
1274 26
1275 26
1276 26
1277 24
1278 22
1279 24
1280 24
1281 24
1282 24
1283 20
1284 14
1285 12
1286 16
1287 18
1288 18
1289 22
1290 20
1291 16
1292 16
1293 18
1294 22
1295 22
1296 24
1297 24
1298 20
1299 20
1300 22
1301 24
1302 22
1303 18
1304 16
1305 16
1306 20
1307 24
1308 18
1309 16
1310 14
1311 12
1312 16
1313 22
1314 22
1315 22
1316 26
1317 30
1318 32
1319 32
1320 34
1321 38
1322 40
1323 34
1324 32
1325 30
1326 22
1327 16
1328 18
1329 26
1330 30
1331 26
1332 36
1333 126
1334 228
1335 255
1336 255
1337 255
1338 255
1339 255
1340 255
1341 252
1342 146
1343 62
1344 28
1345 32
1346 32
1347 28
1348 34
1351 42
1352 40
1353 38
1354 40
1355 40
1356 36
1357 36
1358 30
1359 20
1360 18
1361 16
1362 10
1363 4
1364 4
1365 4
1366 2
1367 0
1368 0
1369 4
1370 6
1371 4
1372 4
1373 8
1374 8
1375 8
1376 10
1377 8
1378 12
1379 14
1380 20
1381 28
1382 30
1383 28
1384 24
1385 38
1386 26
1387 30
1388 14
1389 30
1390 28
1391 12
1392 32
1393 20
1394 40
1395 26
1396 12
1397 2
1398 48
1399 48
1400 20
1401 18
1402 24
1403 22
1404 22
1405 26
1406 26
1407 26
1408 24
1409 16
1410 14
1411 12
1412 6
1413 4
1414 2
1415 0
1416 0
1417 0
1418 4
1419 4
1420 0
1421 2
1422 4
1423 8
1424 8
1425 4
1426 4
1427 4
1428 4
1429 4
1430 2
1431 2
1432 6
1433 2
1434 6
1435 12
1436 24
1437 10
1438 20
1439 4
1440 18
1441 42
1442 120
1443 176
1444 190
1445 174
1446 200
1447 162
1448 108
1449 54
1450 26
1451 24
1452 24
1453 34
1454 32
1455 66
1456 180
1457 255
1458 210
1459 246
1460 218
1461 136
1462 70
1463 20
1464 8
1465 14
1466 10
1467 32
1468 28
1469 14
1470 6
1471 22
1472 26
1473 26
1474 26
1475 30
1476 36
1477 28
1478 30
1479 24
1480 30
1481 34
1482 32
1483 26
1484 20
1485 18
1486 20
1487 24
1488 22
1489 20
1490 22
1491 26
1492 26
1493 26
1494 26
1495 24
1496 24
1497 22
1498 26
1499 26
1500 22
1501 22
1502 24
1503 24
1504 24
1505 24
1506 24
1507 22
1508 16
1509 14
1510 14
1511 16
1512 16
1513 16
1514 20
1515 16
1516 14
1517 18
1518 22
1519 24
1520 26
1521 28
1522 26
1523 24
1524 24
1525 22
1526 20
1527 18
1528 16
1529 14
1530 12
1531 16
1532 20
1533 12
1534 14
1535 12
1536 12
1537 16
1538 20
1539 20
1540 20
1541 26
1542 28
1543 26
1544 26
1545 28
1546 34
1547 36
1548 34
1549 32
1550 32
1551 30
1552 18
1553 18
1554 24
1555 38
1556 42
1557 64
1558 188
1559 255
1560 255
1561 255
1562 255
1563 255
1564 255
1565 255
1566 255
1567 204
1568 92
1569 32
1570 30
1571 30
1572 36
1573 40
1576 56
1577 54
1578 52
1579 50
1580 46
1581 38
1582 32
1583 26
1584 20
1585 14
1586 10
1587 4
1588 8
1589 8
1590 8
1591 6
1592 4
1593 4
1594 6
1595 6
1596 4
1597 4
1598 2
1599 6
1600 4
1601 6
1602 4
1603 2
1604 10
1605 12
1606 14
1607 10
1608 4
1609 2
1610 12
1611 8
1612 4
1613 14
1614 28
1615 28
1616 16
1617 32
1618 12
1619 46
1620 60
1621 42
1622 50
1623 48
1624 30
1625 6
1626 16
1627 20
1628 22
1629 20
1630 16
1631 18
1632 22
1633 22
1634 18
1635 18
1636 16
1637 6
1638 6
1639 6
1640 4
1641 6
1642 10
1643 10
1644 4
1645 2
1646 2
1647 2
1648 4
1649 4
1650 0
1651 0
1652 0
1653 2
1654 2
1655 4
1656 4
1657 6
1658 4
1659 10
1660 14
1661 26
1662 6
1663 14
1664 8
1665 8
1666 66
1667 158
1668 220
1669 224
1670 176
1671 232
1672 222
1673 152
1674 74
1675 24
1676 16
1677 18
1678 34
1679 26
1680 108
1681 230
1682 255
1683 192
1684 250
1685 252
1686 178
1687 104
1688 36
1689 10
1690 32
1691 14
1692 12
1693 22
1694 22
1695 28
1696 36
1697 18
1698 14
1699 14
1700 20
1701 20
1702 8
1703 14
1704 16
1705 18
1706 22
1707 18
1708 16
1709 18
1710 20
1711 18
1712 18
1713 18
1714 16
1715 16
1716 18
1717 20
1718 20
1719 18
1720 16
1721 16
1722 16
1723 18
1724 22
1725 22
1726 20
1727 22
1728 20
1729 20
1730 20
1731 20
1732 22
1733 24
1734 16
1735 14
1736 14
1737 14
1738 16
1739 20
1740 18
1741 18
1742 22
1743 22
1744 22
1745 26
1746 26
1747 24
1748 22
1749 20
1750 20
1751 20
1752 22
1753 18
1754 14
1755 14
1756 20
1757 24
1758 16
1759 18
1760 12
1761 12
1762 14
1763 18
1764 22
1765 26
1766 36
1767 36
1768 32
1769 32
1770 32
1771 40
1772 42
1773 40
1774 34
1775 28
1776 32
1777 28
1778 22
1779 20
1780 36
1781 54
1782 98
1783 220
1784 255
1785 255
1786 255
1787 246
1788 220
1789 255
1790 255
1791 255
1792 234
1793 120
1794 38
1795 22
1796 40
1797 44
1798 32
1801 56
1802 54
1803 50
1804 44
1805 38
1806 30
1807 24
1808 22
1809 18
1810 8
1811 4
1812 2
1813 4
1814 4
1815 6
1816 2
1817 0
1818 2
1819 4
1820 2
1821 0
1822 2
1823 6
1824 10
1825 12
1826 8
1827 6
1828 8
1829 14
1830 14
1831 14
1832 6
1833 12
1834 18
1835 20
1836 12
1837 8
1838 6
1839 24
1840 30
1841 22
1842 24
1843 28
1844 104
1845 132
1846 112
1847 120
1848 82
1849 30
1850 10
1851 12
1852 14
1853 12
1854 18
1855 18
1856 18
1857 20
1858 18
1859 18
1860 24
1861 26
1862 16
1863 16
1864 14
1865 12
1866 14
1867 16
1868 12
1869 8
1870 2
1871 2
1872 4
1873 8
1874 6
1875 0
1876 0
1877 0
1878 2
1879 2
1880 4
1881 2
1882 4
1883 4
1884 12
1885 12
1886 26
1887 16
1888 8
1889 6
1890 20
1891 80
1892 166
1893 202
1894 170
1895 98
1896 166
1897 210
1898 162
1899 92
1900 40
1901 22
1902 14
1903 22
1904 24
1905 98
1906 192
1907 206
1908 82
1909 150
1910 196
1911 152
1912 96
1913 48
1914 8
1915 26
1916 10
1917 10
1918 10
1919 16
1920 30
1921 24
1922 14
1923 12
1924 14
1925 16
1926 8
1927 8
1928 6
1929 8
1930 2
1931 12
1932 12
1933 8
1934 12
1935 14
1936 10
1937 10
1938 12
1939 14
1940 16
1941 16
1942 16
1943 16
1944 16
1945 18
1946 20
1947 20
1948 20
1949 20
1950 22
1951 20
1952 20
1953 16
1954 14
1955 16
1956 16
1957 18
1958 22
1959 20
1960 20
1961 22
1962 22
1963 26
1964 28
1965 28
1966 26
1967 26
1968 26
1969 28
1970 32
1971 30
1972 26
1973 22
1974 20
1975 22
1976 24
1977 26
1978 22
1979 20
1980 20
1981 26
1982 28
1983 22
1984 26
1985 20
1986 20
1987 18
1988 26
1989 34
1990 38
1991 44
1992 40
1993 36
1994 36
1995 36
1996 44
1997 44
1998 38
1999 34
2000 28
2001 30
2002 34
2003 26
2004 26
2005 28
2006 42
2007 94
2008 186
2009 242
2010 255
2011 220
2012 118
2013 62
2014 202
2015 255
2016 255
2017 224
2018 120
2019 50
2020 24
2021 44
2022 26
2023 20
2026 56
2027 50
2028 42
2029 36
2030 32
2031 26
2032 22
2033 18
2034 10
2035 6
2036 6
2037 6
2038 8
2039 12
2040 14
2041 12
2042 12
2043 12
2044 14
2045 14
2046 12
2047 12
2048 18
2049 16
2050 24
2051 20
2052 14
2053 16
2054 22
2055 24
2056 20
2057 20
2058 20
2059 24
2060 16
2061 12
2062 8
2063 12
2064 22
2065 24
2066 16
2067 6
2068 80
2069 174
2070 206
2071 180
2072 180
2073 176
2074 86
2075 16
2076 8
2077 12
2078 8
2079 12
2080 14
2081 16
2082 16
2083 12
2084 12
2085 22
2086 26
2087 20
2088 22
2089 22
2090 22
2091 16
2092 10
2093 10
2094 10
2095 2
2096 2
2097 4
2098 8
2099 6
2100 0
2101 0
2102 0
2103 2
2104 4
2105 2
2106 4
2107 6
2108 6
2109 14
2110 0
2111 16
2112 12
2113 12
2114 14
2115 30
2116 88
2117 154
2118 154
2119 104
2120 36
2121 120
2122 174
2123 138
2124 96
2125 62
2126 22
2127 8
2128 12
2129 6
2130 78
2131 216
2132 255
2133 176
2134 206
2135 238
2136 188
2137 122
2138 52
2139 10
2140 40
2141 14
2142 14
2143 4
2144 10
2145 12
2146 12
2147 14
2148 24
2149 22
2150 20
2151 14
2152 22
2153 16
2154 16
2155 12
2156 20
2157 26
2158 22
2159 16
2160 10
2161 10
2162 12
2163 12
2164 16
2165 18
2166 16
2167 16
2168 16
2169 16
2170 20
2171 22
2172 20
2173 22
2174 22
2175 20
2176 20
2177 20
2178 20
2179 16
2180 18
2181 16
2182 18
2183 20
2184 16
2185 22
2186 22
2187 24
2188 28
2189 28
2190 28
2191 26
2192 28
2193 30
2194 30
2195 32
2196 28
2197 22
2198 20
2199 20
2200 20
2201 22
2202 24
2203 22
2204 22
2205 20
2206 24
2207 24
2208 18
2209 22
2210 18
2211 20
2212 18
2213 30
2214 36
2215 36
2216 38
2217 34
2218 32
2219 32
2220 32
2221 42
2222 46
2223 38
2224 32
2225 26
2226 22
2227 24
2228 24
2229 26
2230 24
2231 22
2232 56
2233 144
2234 255
2235 255
2236 255
2237 244
2238 122
2239 226
2240 255
2241 255
2242 188
2243 82
2244 36
2245 30
2246 30
2247 10
2248 12
2251 36
2252 34
2253 32
2254 28
2255 26
2256 20
2257 18
2258 14
2259 10
2260 10
2261 6
2262 8
2263 10
2264 16
2265 20
2266 18
2267 16
2268 18
2269 22
2270 20
2271 16
2272 16
2273 24
2274 22
2275 28
2276 30
2277 24
2278 24
2279 30
2280 30
2281 20
2282 32
2283 38
2284 24
2285 6
2286 20
2287 28
2288 22
2289 26
2290 24
2291 10
2292 30
2293 114
2294 202
2295 226
2296 198
2297 186
2298 255
2299 146
2300 20
2301 8
2302 4
2303 10
2304 18
2305 4
2306 8
2307 10
2308 4
2309 4
2310 14
2311 16
2312 10
2313 16
2314 18
2315 22
2316 12
2317 6
2318 10
2319 12
2320 6
2321 6
2322 18
2323 14
2324 6
2325 2
2326 0
2327 0
2328 4
2329 4
2330 6
2331 4
2332 8
2333 2
2334 12
2335 6
2336 20
2337 4
2338 12
2339 10
2340 30
2341 80
2342 134
2343 162
2344 144
2345 90
2346 176
2347 200
2348 158
2349 112
2350 62
2351 4
2352 30
2353 14
2354 28
2355 56
2356 190
2357 255
2358 240
2359 238
2360 244
2361 180
2362 100
2363 24
2364 28
2365 40
2366 12
2367 20
2368 6
2369 12
2370 16
2371 30
2372 32
2373 30
2374 30
2375 34
2376 32
2377 40
2378 46
2379 36
2380 28
2381 26
2382 30
2383 30
2384 22
2385 18
2386 14
2387 16
2388 16
2389 16
2390 12
2391 10
2392 12
2393 12
2394 10
2395 14
2396 12
2397 8
2398 10
2399 14
2400 14
2401 16
2402 16
2403 20
2404 16
2405 16
2406 14
2407 18
2408 20
2409 12
2410 18
2411 18
2412 22
2413 24
2414 26
2415 28
2416 26
2417 26
2418 26
2419 24
2420 24
2421 20
2422 16
2423 16
2424 16
2425 16
2426 20
2427 22
2428 18
2429 18
2430 18
2431 22
2432 24
2433 18
2434 18
2435 14
2436 18
2437 20
2438 28
2439 34
2440 34
2441 38
2442 38
2443 34
2444 30
2445 28
2446 38
2447 46
2448 42
2449 34
2450 26
2451 18
2452 14
2453 16
2454 20
2455 18
2456 20
2457 30
2458 116
2459 224
2460 255
2461 255
2462 255
2463 176
2464 255
2465 255
2466 255
2467 192
2468 70
2469 12
2470 16
2471 24
2472 28
2473 26
2476 8
2477 12
2478 14
2479 14
2480 16
2481 12
2482 12
2483 14
2484 14
2485 14
2486 10
2487 16
2488 18
2489 22
2490 22
2491 16
2492 12
2493 14
2494 16
2495 14
2496 12
2497 12
2498 18
2499 16
2500 16
2501 22
2502 24
2503 26
2504 26
2505 18
2506 8
2507 26
2508 42
2509 36
2510 20
2511 34
2512 32
2513 18
2514 24
2515 30
2516 28
2517 44
2518 108
2519 168
2520 176
2521 144
2522 102
2523 255
2524 178
2525 28
2526 22
2527 22
2528 26
2529 18
2530 12
2531 14
2532 14
2533 6
2534 4
2535 10
2536 10
2537 4
2538 10
2539 2
2540 10
2541 6
2542 4
2543 6
2544 8
2545 8
2546 26
2547 32
2548 22
2549 22
2550 14
2551 4
2552 2
2553 8
2554 10
2555 10
2556 12
2557 14
2558 8
2559 6
2560 12
2561 26
2562 16
2563 24
2564 14
2565 30
2566 74
2567 132
2568 164
2569 164
2570 152
2571 204
2572 200
2573 150
2574 98
2575 38
2576 24
2577 36
2578 18
2579 40
2580 26
2581 78
2582 170
2583 174
2584 160
2585 154
2586 98
2587 32
2588 22
2589 48
2590 36
2591 18
2592 24
2593 4
2594 16
2595 34
2596 46
2597 46
2598 44
2599 56
2600 66
2601 64
2602 62
2603 64
2604 52
2605 28
2606 14
2607 14
2608 16
2609 12
2610 12
2611 14
2612 18
2613 16
2614 14
2615 8
2616 4
2617 4
2618 4
2619 4
2620 6
2621 4
2622 4
2623 4
2624 6
2625 8
2626 10
2627 12
2628 14
2629 12
2630 10
2631 8
2632 14
2633 16
2634 10
2635 20
2636 22
2637 24
2638 26
2639 32
2640 34
2641 28
2642 28
2643 30
2644 26
2645 26
2646 24
2647 20
2648 20
2649 20
2650 20
2651 16
2652 16
2653 12
2654 12
2655 12
2656 16
2657 20
2658 16
2659 22
2660 22
2661 24
2662 26
2663 32
2664 40
2665 38
2666 40
2667 38
2668 26
2669 16
2670 16
2671 26
2672 36
2673 36
2674 32
2675 30
2676 26
2677 18
2678 20
2679 22
2680 18
2681 22
2682 18
2683 68
2684 152
2685 236
2686 255
2687 255
2688 252
2689 255
2690 255
2691 226
2692 124
2693 92
2694 42
2695 22
2696 40
2697 42
2698 32
2701 0
2702 4
2703 8
2704 12
2705 16
2706 12
2707 10
2708 14
2709 16
2710 16
2711 18
2712 24
2713 22
2714 20
2715 16
2716 10
2717 8
2718 8
2719 8
2720 6
2721 4
2722 4
2723 6
2724 6
2725 2
2726 10
2727 16
2728 16
2729 12
2730 6
2731 6
2732 14
2733 28
2734 30
2735 20
2736 24
2737 14
2738 2
2739 6
2740 18
2741 34
2742 60
2743 110
2744 178
2745 214
2746 180
2747 68
2748 224
2749 164
2750 38
2751 36
2752 34
2753 28
2754 22
2755 24
2756 12
2757 10
2758 6
2759 2
2760 8
2761 14
2762 8
2763 16
2764 12
2765 18
2766 10
2767 6
2768 8
2769 24
2770 50
2771 72
2772 64
2773 52
2774 52
2775 44
2776 24
2777 6
2778 10
2779 12
2780 12
2781 12
2782 18
2783 12
2784 4
2785 12
2786 18
2787 10
2788 26
2789 28
2790 42
2791 70
2792 104
2793 124
2794 128
2795 146
2796 166
2797 148
2798 100
2799 56
2800 22
2801 24
2802 12
2803 16
2804 32
2805 46
2806 22
2807 34
2808 54
2809 54
2810 52
2811 28
2812 36
2813 38
2814 36
2815 8
2816 26
2817 28
2818 2
2819 22
2820 34
2821 36
2822 36
2823 42
2824 58
2825 64
2826 62
2827 60
2828 66
2829 52
2830 24
2831 12
2832 10
2833 12
2834 8
2835 4
2836 10
2837 14
2838 8
2839 12
2840 10
2841 0
2842 4
2843 2
2844 6
2845 6
2846 6
2847 8
2848 8
2849 8
2850 10
2851 12
2852 12
2853 10
2854 10
2855 8
2856 6
2857 12
2858 16
2859 12
2860 20
2861 18
2862 20
2863 24
2864 30
2865 28
2866 22
2867 26
2868 28
2869 22
2870 22
2871 20
2872 16
2873 16
2874 16
2875 20
2876 14
2877 14
2878 12
2879 12
2880 10
2881 12
2882 16
2883 12
2884 16
2885 22
2886 20
2887 20
2888 26
2889 32
2890 30
2891 32
2892 28
2893 12
2894 6
2895 10
2896 18
2897 30
2898 32
2899 28
2900 26
2901 24
2902 18
2903 22
2904 22
2905 20
2906 22
2907 6
2908 42
2909 92
2910 150
2911 216
2912 255
2913 246
2914 240
2915 204
2916 122
2917 80
2918 114
2919 100
2920 64
2921 66
2922 44
2923 32
2926 4
2927 6
2928 8
2929 12
2930 16
2931 14
2932 10
2933 12
2934 14
2935 12
2936 18
2937 24
2938 20
2939 14
2940 10
2941 8
2942 8
2943 8
2944 8
2945 6
2946 4
2947 4
2948 6
2949 10
2950 12
2951 14
2952 12
2953 8
2954 10
2955 12
2956 12
2957 12
2958 16
2959 22
2960 18
2961 8
2962 2
2963 6
2964 10
2965 8
2966 22
2967 54
2968 104
2969 168
2970 228
2971 240
2972 128
2973 240
2974 158
2975 46
2976 40
2977 32
2978 14
2979 24
2980 30
2981 16
2982 10
2983 16
2984 14
2985 20
2986 20
2987 4
2988 8
2989 16
2990 16
2991 8
2992 4
2993 12
2994 58
2995 108
2996 132
2997 114
2998 112
2999 106
3000 92
3001 62
3002 26
3003 8
3004 6
3005 8
3006 0
3007 14
3008 14
3009 8
3010 10
3011 16
3012 12
3013 6
3014 20
3015 30
3016 46
3017 60
3018 64
3019 80
3020 94
3021 98
3022 76
3023 36
3024 14
3025 16
3026 12
3027 6
3028 22
3029 16
3030 20
3031 22
3032 14
3033 2
3034 10
3035 10
3036 16
3037 24
3038 22
3039 4
3040 22
3041 32
3042 12
3043 22
3044 40
3045 38
3046 30
3047 30
3048 36
3049 36
3050 32
3051 22
3052 26
3053 50
3054 52
3055 36
3056 10
3057 4
3058 8
3059 4
3060 6
3061 10
3062 8
3063 6
3064 12
3065 10
3066 4
3067 2
3068 4
3069 10
3070 8
3071 8
3072 8
3073 6
3074 4
3075 6
3076 10
3077 8
3078 8
3079 8
3080 8
3081 8
3082 12
3083 16
3084 10
3085 14
3086 12
3087 16
3088 20
3089 24
3090 20
3091 16
3092 20
3093 20
3094 14
3095 12
3096 10
3097 8
3098 8
3099 8
3100 14
3101 16
3102 20
3103 18
3104 18
3105 16
3106 16
3107 20
3108 14
3109 10
3110 12
3111 10
3112 10
3113 12
3114 16
3115 18
3116 20
3117 14
3118 2
3119 4
3120 12
3121 18
3122 28
3123 32
3124 30
3125 28
3126 24
3127 18
3128 26
3129 22
3130 26
3131 28
3132 6
3133 30
3134 58
3135 76
3136 100
3137 132
3138 144
3139 116
3140 68
3141 28
3142 52
3143 108
3144 150
3145 134
3146 98
3147 74
3148 40
3151 8
3152 8
3153 8
3154 10
3155 12
3156 12
3157 10
3158 10
3159 10
3160 8
3161 18
3162 24
3163 16
3164 14
3165 12
3166 12
3167 12
3168 12
3169 12
3170 12
3171 12
3172 12
3173 16
3174 22
3175 20
3176 16
3177 12
3178 8
3179 12
3180 16
3181 24
3182 20
3183 12
3184 20
3185 22
3186 14
3187 6
3188 0
3189 6
3190 14
3191 12
3192 44
3193 90
3194 140
3195 198
3196 232
3197 154
3198 204
3199 140
3200 58
3201 30
3202 30
3203 12
3204 24
3205 20
3206 18
3207 18
3208 26
3209 20
3210 30
3211 32
3212 16
3213 10
3214 18
3215 10
3216 8
3217 6
3218 20
3219 92
3220 146
3221 166
3222 138
3223 148
3224 146
3225 128
3226 92
3227 46
3228 8
3229 8
3230 16
3231 12
3232 12
3233 10
3234 8
3235 12
3236 20
3237 28
3238 18
3239 32
3240 36
3241 26
3242 20
3243 34
3244 48
3245 50
3246 46
3247 18
3248 10
3249 16
3250 18
3251 8
3252 14
3253 14
3254 2
3255 4
3256 8
3257 6
3258 4
3259 10
3260 24
3261 32
3262 24
3263 26
3264 18
3265 18
3266 10
3267 34
3268 66
3269 70
3270 54
3271 38
3272 26
3273 30
3274 46
3275 32
3276 16
3277 34
3278 64
3279 70
3280 38
3281 8
3282 4
3283 14
3284 10
3285 8
3286 10
3287 8
3288 4
3289 14
3290 12
3291 6
3292 8
3293 12
3294 8
3295 4
3296 4
3297 4
3298 2
3299 0
3300 0
3301 6
3302 8
3303 8
3304 6
3305 8
3306 8
3307 12
3308 16
3309 12
3310 18
3311 18
3312 22
3313 28
3314 30
3315 26
3316 24
3317 28
3318 24
3319 14
3320 12
3321 12
3322 12
3323 12
3324 12
3325 14
3326 18
3327 22
3328 16
3329 18
3330 18
3331 20
3332 22
3333 14
3334 12
3335 12
3336 12
3337 12
3338 14
3339 20
3340 22
3341 18
3342 12
3343 6
3344 12
3345 16
3346 24
3347 28
3348 28
3349 28
3350 34
3351 34
3352 24
3353 32
3354 24
3355 36
3356 42
3357 28
3358 24
3359 28
3360 18
3361 20
3362 34
3363 56
3364 64
3365 50
3366 110
3367 152
3368 158
3369 176
3370 198
3371 170
3372 118
3373 66
3376 8
3377 8
3378 10
3379 12
3380 12
3381 12
3382 14
3383 16
3384 14
3385 10
3386 26
3387 32
3388 20
3389 22
3390 18
3391 18
3392 16
3393 16
3394 16
3395 16
3396 16
3397 16
3398 20
3399 22
3400 18
3401 16
3402 14
3403 12
3404 12
3405 12
3406 26
3407 28
3408 16
3409 16
3410 22
3411 28
3412 26
3413 16
3414 10
3415 8
3416 4
3417 24
3418 62
3419 100
3420 144
3421 176
3422 140
3423 136
3424 96
3425 40
3426 10
3427 24
3428 20
3429 16
3430 12
3431 16
3432 16
3433 12
3434 4
3435 18
3436 32
3437 26
3438 20
3439 16
3440 10
3441 8
3442 8
3443 28
3444 108
3445 156
3446 160
3447 110
3448 122
3449 148
3450 140
3451 102
3452 56
3453 22
3454 14
3455 18
3456 12
3457 8
3458 8
3459 2
3460 8
3461 16
3462 26
3463 20
3464 34
3465 36
3466 26
3467 10
3468 18
3469 26
3470 24
3471 12
3472 10
3473 16
3474 4
3475 14
3476 6
3477 14
3478 20
3479 12
3480 6
3481 6
3482 10
3483 8
3484 12
3485 30
3486 30
3487 32
3488 34
3489 28
3490 8
3491 50
3492 108
3493 136
3494 126
3495 102
3496 88
3497 42
3498 34
3499 30
3500 34
3501 20
3502 42
3503 64
3504 64
3505 30
3506 16
3507 12
3508 10
3509 4
3510 8
3511 12
3512 10
3513 2
3514 12
3515 10
3516 2
3517 10
3518 8
3519 4
3520 8
3521 10
3522 8
3523 6
3524 4
3525 4
3526 10
3527 10
3528 6
3529 4
3530 4
3531 2
3532 6
3533 14
3534 20
3535 26
3536 28
3537 32
3538 36
3539 32
3540 30
3541 30
3542 28
3543 18
3544 14
3545 18
3546 18
3547 18
3548 16
3549 18
3550 18
3551 18
3552 16
3553 14
3554 16
3555 16
3556 22
3557 20
3558 14
3559 16
3560 16
3561 16
3562 16
3563 18
3564 22
3565 20
3566 12
3567 10
3568 12
3569 10
3570 4
3571 14
3572 22
3573 22
3574 18
3575 26
3576 32
3577 18
3578 22
3579 18
3580 34
3581 44
3582 34
3583 48
3584 50
3585 32
3586 34
3587 20
3588 22
3589 66
3590 124
3591 182
3592 204
3593 192
3594 148
3595 192
3596 192
3597 142
3598 84
3601 8
3602 8
3603 10
3604 14
3605 16
3606 14
3607 14
3608 18
3609 18
3610 14
3611 32
3612 34
3613 18
3614 24
3615 20
3616 22
3617 20
3618 20
3619 20
3620 20
3621 20
3622 20
3623 22
3624 20
3625 16
3626 16
3627 14
3628 16
3629 14
3630 12
3631 20
3632 24
3633 20
3634 16
3635 16
3636 26
3637 34
3638 32
3639 26
3640 18
3641 16
3642 16
3643 34
3644 58
3645 86
3646 102
3647 92
3648 62
3649 44
3650 14
3651 8
3652 8
3653 16
3654 8
3655 10
3656 12
3657 12
3658 8
3659 8
3660 8
3661 18
3662 28
3663 28
3664 14
3665 14
3666 12
3667 10
3668 30
3669 104
3670 138
3671 114
3672 50
3673 48
3674 106
3675 124
3676 94
3677 56
3678 30
3679 4
3680 16
3681 12
3682 8
3683 10
3684 2
3685 4
3686 6
3687 8
3688 4
3689 18
3690 20
3691 14
3692 8
3693 28
3694 30
3695 20
3696 12
3697 18
3698 14
3699 2
3700 10
3701 10
3702 10
3703 14
3704 16
3705 10
3706 6
3707 10
3708 12
3709 10
3710 32
3711 16
3712 24
3713 38
3714 32
3715 32
3716 120
3717 182
3718 194
3719 174
3720 164
3721 174
3722 104
3723 24
3724 10
3725 38
3726 42
3727 54
3728 58
3729 52
3730 22
3731 10
3732 14
3733 10
3734 4
3735 12
3736 12
3737 8
3738 4
3739 12
3740 12
3741 2
3742 8
3743 4
3744 4
3745 12
3746 14
3747 8
3748 8
3749 4
3750 4
3751 10
3752 10
3753 6
3754 6
3755 6
3756 4
3757 12
3758 20
3759 22
3760 24
3761 28
3762 32
3763 32
3764 26
3765 26
3766 24
3767 18
3768 14
3769 18
3770 24
3771 20
3772 22
3773 20
3774 22
3775 20
3776 20
3777 18
3778 18
3779 20
3780 22
3781 22
3782 20
3783 18
3784 18
3785 16
3786 14
3787 14
3788 14
3789 14
3790 14
3791 8
3792 6
3793 10
3794 12
3795 10
3796 2
3797 16
3798 20
3799 14
3800 18
3801 32
3802 20
3803 18
3804 16
3805 26
3806 40
3807 32
3808 52
3809 42
3810 32
3811 52
3812 48
3813 56
3814 108
3815 162
3816 186
3817 172
3818 128
3819 72
3820 128
3821 152
3822 132
3823 86
3826 12
3827 12
3828 10
3829 10
3830 14
3831 14
3832 14
3833 18
3834 22
3835 22
3836 34
3837 30
3838 12
3839 18
3840 18
3841 22
3842 20
3843 20
3844 20
3845 20
3846 20
3847 20
3848 20
3849 18
3850 16
3851 16
3852 12
3853 16
3854 16
3855 16
3856 18
3857 18
3858 20
3859 22
3860 16
3861 14
3862 22
3863 32
3864 32
3865 26
3866 22
3867 18
3868 20
3869 30
3870 44
3871 48
3872 48
3873 42
3874 30
3875 26
3876 18
3877 6
3878 10
3879 16
3880 12
3881 10
3882 12
3883 18
3884 10
3885 8
3886 16
3887 20
3888 30
3889 20
3890 20
3891 14
3892 6
3893 28
3894 104
3895 156
3896 150
3897 100
3898 68
3899 114
3900 134
3901 102
3902 56
3903 26
3904 8
3905 22
3906 14
3907 10
3908 14
3909 4
3910 10
3911 22
3912 18
3913 18
3914 26
3915 32
3916 30
3917 16
3918 22
3919 22
3920 20
3921 10
3922 16
3923 12
3924 6
3925 8
3926 12
3927 8
3928 6
3929 14
3930 14
3931 6
3932 4
3933 14
3934 2
3935 34
3936 30
3937 22
3938 32
3939 34
3940 82
3941 176
3942 224
3943 218
3944 194
3945 192
3946 238
3947 160
3948 52
3949 52
3950 62
3951 60
3952 60
3953 50
3954 42
3955 18
3956 6
3957 10
3958 12
3959 12
3960 14
3961 8
3962 6
3963 6
3964 14
3965 14
3966 6
3967 10
3968 6
3969 4
3970 8
3971 8
3972 0
3973 4
3974 2
3975 6
3976 14
3977 14
3978 8
3979 8
3980 10
3981 12
3982 22
3983 26
3984 20
3985 20
3986 26
3987 30
3988 28
3989 26
3990 28
3991 26
3992 24
3993 24
3994 26
3995 24
3996 18
3997 20
3998 20
3999 22
4000 20
4001 22
4002 20
4003 20
4004 20
4005 20
4006 20
4007 22
4008 20
4009 22
4010 20
4011 20
4012 16
4013 16
4014 14
4015 16
4016 14
4017 14
4018 14
4019 8
4020 4
4021 4
4022 4
4023 12
4024 12
4025 12
4026 28
4027 26
4028 20
4029 16
4030 18
4031 34
4032 34
4033 36
4034 12
4035 12
4036 34
4037 42
4038 68
4039 106
4040 134
4041 124
4042 116
4043 96
4044 80
4045 130
4046 134
4047 106
4048 72
4051 12
4052 14
4053 14
4054 12
4055 14
4056 16
4057 20
4058 20
4059 24
4060 26
4061 30
4062 26
4063 14
4064 18
4065 16
4066 16
4067 12
4068 12
4069 12
4070 12
4071 12
4072 12
4073 12
4074 10
4075 8
4076 8
4077 6
4078 8
4079 10
4080 12
4081 16
4082 16
4083 14
4084 18
4085 18
4086 14
4087 12
4088 14
4089 16
4090 14
4091 12
4092 8
4093 12
4094 16
4095 26
4096 28
4097 28
4098 34
4099 36
4100 36
4101 28
4102 14
4103 6
4104 14
4105 16
4106 12
4107 8
4108 18
4109 16
4110 10
4111 10
4112 14
4113 26
4114 22
4115 16
4116 12
4117 6
4118 26
4119 90
4120 146
4121 164
4122 136
4123 96
4124 130
4125 142
4126 104
4127 54
4128 20
4129 6
4130 16
4131 8
4132 4
4133 10
4134 10
4135 14
4136 14
4137 8
4138 14
4139 24
4140 34
4141 38
4142 32
4143 24
4144 18
4145 6
4146 6
4147 8
4148 2
4149 2
4150 8
4151 12
4152 12
4153 8
4154 6
4155 10
4156 2
4157 8
4158 18
4159 8
4160 28
4161 34
4162 22
4163 24
4164 14
4165 96
4166 182
4167 218
4168 198
4169 164
4170 162
4171 246
4172 174
4173 76
4174 94
4175 80
4176 54
4177 54
4178 38
4179 26
4180 12
4181 12
4182 12
4183 20
4184 22
4185 16
4186 6
4187 8
4188 6
4189 14
4190 12
4191 2
4192 10
4193 4
4194 2
4195 8
4196 8
4197 2
4198 6
4199 6
4200 12
4201 16
4202 14
4203 8
4204 8
4205 10
4206 16
4207 26
4208 28
4209 20
4210 20
4211 28
4212 30
4213 26
4214 26
4215 28
4216 28
4217 26
4218 22
4219 22
4220 20
4221 16
4222 14
4223 14
4224 18
4225 16
4226 18
4227 14
4228 12
4229 12
4230 14
4231 18
4232 18
4233 16
4234 18
4235 22
4236 22
4237 16
4238 14
4239 14
4240 16
4241 16
4242 14
4243 8
4244 2
4245 2
4246 4
4247 4
4248 8
4249 10
4250 8
4251 16
4252 20
4253 16
4254 8
4255 8
4256 18
4257 24
4258 12
4259 10
4260 10
4261 10
4262 12
4263 48
4264 64
4265 108
4266 146
4267 160
4268 156
4269 144
4270 164
4271 144
4272 102
4273 48
4276 4
4277 6
4278 10
4279 12
4280 12
4281 12
4282 16
4283 14
4284 16
4285 22
4286 22
4287 20
4288 12
4289 14
4290 12
4291 12
4292 8
4293 8
4294 8
4295 8
4296 8
4297 8
4298 10
4299 8
4300 4
4301 4
4302 4
4303 4
4304 6
4305 8
4306 12
4307 8
4308 4
4309 8
4310 14
4311 22
4312 22
4313 16
4314 10
4315 6
4316 12
4317 14
4318 14
4319 20
4320 26
4321 26
4322 20
4323 22
4324 32
4325 40
4326 36
4327 24
4328 18
4329 26
4330 22
4331 10
4332 4
4333 14
4334 18
4335 12
4336 6
4337 12
4338 24
4339 28
4340 20
4341 14
4342 10
4343 20
4344 68
4345 116
4346 148
4347 144
4348 108
4349 122
4350 124
4351 84
4352 34
4353 8
4354 14
4355 14
4356 4
4357 4
4358 10
4359 14
4360 16
4361 20
4362 24
4363 16
4364 6
4365 6
4366 16
4367 20
4368 16
4369 8
4370 2
4371 4
4372 2
4373 2
4374 6
4375 12
4376 16
4377 14
4378 6
4379 6
4380 12
4381 8
4382 12
4383 22
4384 14
4385 22
4386 30
4387 16
4388 18
4389 22
4390 90
4391 146
4392 152
4393 120
4394 72
4395 70
4396 208
4397 184
4398 122
4399 116
4400 80
4401 48
4402 48
4403 38
4404 18
4405 4
4406 12
4407 10
4408 20
4409 30
4410 12
4411 0
4412 4
4413 2
4414 12
4415 12
4416 0
4417 8
4418 4
4419 8
4420 14
4421 12
4422 8
4423 10
4424 10
4425 12
4426 12
4427 10
4428 6
4429 8
4430 10
4431 16
4432 24
4433 24
4434 16
4435 16
4436 24
4437 26
4438 24
4439 24
4440 24
4441 24
4442 20
4443 16
4444 18
4445 16
4446 14
4447 14
4448 12
4449 14
4450 10
4451 14
4452 14
4453 10
4454 8
4455 12
4456 14
4457 10
4458 12
4459 14
4460 16
4461 18
4462 14
4463 12
4464 14
4465 14
4466 16
4467 14
4468 12
4469 10
4470 6
4471 2
4472 12
4473 16
4474 12
4475 14
4476 16
4477 22
4478 24
4479 16
4480 10
4481 14
4482 18
4483 14
4484 18
4485 12
4486 14
4487 24
4488 36
4489 46
4490 90
4491 128
4492 148
4493 156
4494 144
4495 136
4496 102
4497 62
4498 32
4501 4
4502 6
4503 8
4504 8
4505 8
4506 10
4507 14
4508 12
4509 14
4510 16
4511 16
4512 16
4513 10
4514 10
4515 8
4516 10
4517 8
4518 8
4519 8
4520 8
4521 8
4522 8
4523 12
4524 12
4525 8
4526 8
4527 8
4528 8
4529 10
4530 10
4531 16
4532 10
4533 2
4534 12
4535 24
4536 26
4537 20
4538 12
4539 8
4540 2
4541 10
4542 16
4543 16
4544 20
4545 24
4546 24
4547 18
4548 16
4549 26
4550 40
4551 44
4552 36
4553 30
4554 36
4555 24
4556 14
4557 10
4558 16
4559 22
4560 20
4561 8
4562 20
4563 16
4564 26
4565 24
4566 20
4567 8
4568 10
4569 42
4570 74
4571 102
4572 110
4573 94
4574 82
4575 78
4576 44
4577 14
4578 16
4579 20
4580 12
4581 8
4582 6
4583 12
4584 18
4585 18
4586 30
4587 38
4588 42
4589 32
4590 28
4591 20
4592 12
4593 10
4594 12
4595 8
4596 2
4597 0
4598 4
4599 8
4600 12
4601 12
4602 6
4603 6
4604 12
4605 14
4606 10
4607 14
4608 20
4609 14
4610 14
4611 26
4612 20
4613 12
4614 34
4615 80
4616 140
4617 188
4618 196
4619 180
4620 176
4621 255
4622 216
4623 136
4624 118
4625 68
4626 42
4627 46
4628 36
4629 20
4630 6
4631 12
4632 8
4633 20
4634 26
4635 16
4636 4
4637 4
4638 2
4639 12
4640 12
4641 0
4642 8
4643 8
4644 12
4645 14
4646 12
4647 8
4648 6
4649 8
4650 10
4651 10
4652 8
4653 6
4654 6
4655 6
4656 12
4657 18
4658 18
4659 12
4660 12
4661 20
4662 22
4663 20
4664 20
4665 20
4666 20
4667 16
4668 14
4669 16
4670 12
4671 10
4672 14
4673 12
4674 12
4675 8
4676 10
4677 14
4678 14
4679 12
4680 14
4681 12
4682 10
4683 14
4684 12
4685 12
4686 14
4687 12
4688 12
4689 14
4690 14
4691 20
4692 18
4693 18
4694 18
4695 18
4696 10
4697 22
4698 24
4699 20
4700 24
4701 26
4702 28
4703 34
4704 30
4705 22
4706 20
4707 20
4708 22
4709 30
4710 28
4711 34
4712 34
4713 28
4714 16
4715 40
4716 62
4717 78
4718 88
4719 86
4720 72
4721 44
4722 22
4723 16
4726 8
4727 8
4728 10
4729 10
4730 10
4731 14
4732 16
4733 14
4734 16
4735 16
4736 12
4737 8
4738 4
4739 6
4740 6
4741 10
4742 8
4743 8
4744 8
4745 8
4746 8
4747 8
4748 12
4749 10
4750 4
4751 4
4752 4
4753 4
4754 8
4755 10
4756 18
4757 16
4758 4
4759 12
4760 16
4761 20
4762 18
4763 12
4764 10
4765 4
4766 10
4767 16
4768 16
4769 16
4770 14
4771 16
4772 14
4773 14
4774 24
4775 40
4776 48
4777 44
4778 32
4779 36
4780 26
4781 28
4782 20
4783 20
4784 24
4785 28
4786 16
4787 16
4788 6
4789 18
4790 30
4791 22
4792 2
4793 16
4794 24
4795 38
4796 48
4797 52
4798 48
4799 42
4800 30
4801 10
4802 12
4803 18
4804 12
4805 10
4806 8
4807 4
4808 6
4809 10
4810 6
4811 16
4812 12
4813 28
4814 28
4815 30
4816 30
4817 26
4818 14
4819 12
4820 6
4821 6
4822 4
4823 8
4824 10
4825 10
4826 8
4827 4
4828 12
4829 16
4830 10
4831 8
4832 10
4833 12
4834 12
4835 8
4836 16
4837 20
4838 22
4839 44
4840 78
4841 126
4842 184
4843 222
4844 236
4845 238
4846 255
4847 210
4848 128
4849 104
4850 44
4851 28
4852 34
4853 32
4854 20
4855 8
4856 6
4857 10
4858 26
4859 24
4860 10
4861 6
4862 6
4863 4
4864 14
4865 16
4866 4
4867 8
4868 8
4869 8
4870 8
4871 6
4872 2
4873 0
4874 4
4875 8
4876 10
4877 10
4878 8
4879 6
4880 6
4881 12
4882 18
4883 18
4884 10
4885 8
4886 16
4887 18
4888 16
4889 16
4890 18
4891 18
4892 12
4893 10
4894 12
4895 8
4896 4
4897 6
4898 6
4899 8
4900 6
4901 6
4902 6
4903 8
4904 8
4905 8
4906 8
4907 10
4908 10
4909 6
4910 8
4911 8
4912 6
4913 8
4914 12
4915 16
4916 22
4917 18
4918 18
4919 20
4920 24
4921 20
4922 28
4923 22
4924 18
4925 22
4926 20
4927 20
4928 28
4929 30
4930 26
4931 16
4932 12
4933 10
4934 14
4935 20
4936 24
4937 22
4938 18
4939 12
4940 6
4941 4
4942 10
4943 14
4944 20
4945 30
4946 34
4947 22
4948 6
4951 8
4952 8
4953 12
4954 12
4955 10
4956 12
4957 12
4958 10
4959 14
4960 14
4961 10
4962 6
4963 4
4964 6
4965 6
4966 4
4967 0
4968 0
4969 0
4970 0
4971 0
4972 0
4973 6
4974 6
4975 0
4976 0
4977 0
4978 0
4979 2
4980 4
4981 12
4982 16
4983 12
4984 14
4985 20
4986 24
4987 24
4988 20
4989 16
4990 16
4991 16
4992 16
4993 16
4994 12
4995 6
4996 14
4997 18
4998 16
4999 16
5000 28
5001 40
5002 40
5003 30
5004 24
5005 24
5006 32
5007 26
5008 20
5009 20
5010 26
5011 20
5012 8
5013 4
5014 22
5015 34
5016 16
5017 10
5018 16
5019 10
5020 18
5021 22
5022 14
5023 12
5024 24
5025 20
5026 8
5027 12
5028 6
5029 4
5030 10
5031 8
5032 4
5033 2
5034 10
5035 14
5036 26
5037 26
5038 6
5039 6
5040 12
5041 16
5042 16
5043 8
5044 6
5045 14
5046 14
5047 8
5048 12
5049 14
5050 12
5051 12
5052 12
5053 18
5054 14
5055 4
5056 4
5057 6
5058 10
5059 14
5060 10
5061 10
5062 14
5063 26
5064 46
5065 64
5066 86
5067 132
5068 180
5069 208
5070 226
5071 224
5072 158
5073 94
5074 74
5075 12
5076 40
5077 38
5078 26
5079 16
5080 8
5081 4
5082 20
5083 28
5084 18
5085 10
5086 12
5087 8
5088 6
5089 14
5090 16
5091 6
5092 10
5093 10
5094 8
5095 8
5096 4
5097 0
5098 0
5099 4
5100 8
5101 10
5102 10
5103 8
5104 6
5105 6
5106 12
5107 18
5108 18
5109 10
5110 8
5111 16
5112 18
5113 16
5114 16
5115 18
5116 16
5117 8
5118 6
5119 8
5120 4
5121 2
5122 4
5123 4
5124 4
5125 0
5126 2
5127 2
5128 4
5129 4
5130 4
5131 4
5132 4
5133 4
5134 2
5135 4
5136 6
5137 6
5138 8
5139 12
5140 16
5141 18
5142 14
5143 12
5144 16
5145 18
5146 18
5147 20
5148 12
5149 14
5150 16
5151 8
5152 6
5153 12
5154 18
5155 20
5156 14
5157 4
5158 0
5159 6
5160 12
5161 12
5162 16
5163 16
5164 24
5165 18
5166 20
5167 26
5168 28
5169 30
5170 30
5171 26
5172 18
5173 4
5176 10
5177 10
5178 10
5179 10
5180 8
5181 8
5182 10
5183 10
5184 12
5185 10
5186 10
5187 12
5188 14
5189 16
5190 16
5191 10
5192 6
5193 8
5194 10
5195 12
5196 12
5197 12
5198 18
5199 18
5200 10
5201 6
5202 4
5203 4
5204 4
5205 8
5206 8
5207 10
5208 12
5209 12
5210 16
5211 22
5212 24
5213 18
5214 10
5215 12
5216 20
5217 26
5218 26
5219 20
5220 14
5221 12
5222 18
5223 14
5224 8
5225 6
5226 12
5227 16
5228 18
5229 14
5230 12
5231 18
5232 20
5233 20
5234 26
5235 32
5236 24
5237 4
5238 8
5239 18
5240 30
5241 24
5242 18
5243 10
5244 8
5245 20
5246 26
5247 18
5248 6
5249 10
5250 18
5251 18
5252 14
5253 8
5254 10
5255 10
5256 4
5257 2
5258 0
5259 8
5260 10
5261 4
5262 20
5263 16
5264 8
5265 12
5266 18
5267 20
5268 16
5269 10
5270 12
5271 8
5272 2
5273 4
5274 10
5275 12
5276 12
5277 10
5278 6
5279 12
5280 10
5281 6
5282 6
5283 6
5284 14
5285 20
5286 24
5287 12
5288 14
5289 36
5290 48
5291 66
5292 92
5293 106
5294 124
5295 124
5296 110
5297 84
5298 58
5299 44
5300 6
5301 36
5302 22
5303 18
5304 14
5305 6
5306 10
5307 16
5308 16
5309 8
5310 10
5311 12
5312 6
5313 4
5314 14
5315 20
5316 16
5317 14
5318 10
5319 8
5320 8
5321 6
5322 4
5323 4
5324 8
5325 12
5326 10
5327 8
5328 10
5329 12
5330 16
5331 22
5332 24
5333 22
5334 16
5335 16
5336 24
5337 24
5338 20
5339 18
5340 18
5341 16
5342 8
5343 8
5344 10
5345 6
5346 4
5347 6
5348 8
5349 10
5350 6
5351 6
5352 6
5353 8
5354 12
5355 14
5356 14
5357 8
5358 10
5359 12
5360 12
5361 12
5362 14
5363 16
5364 18
5365 18
5366 16
5367 12
5368 8
5369 12
5370 14
5371 16
5372 16
5373 14
5374 18
5375 14
5376 6
5377 4
5378 6
5379 10
5380 14
5381 16
5382 14
5383 10
5384 14
5385 16
5386 12
5387 16
5388 14
5389 16
5390 20
5391 26
5392 28
5393 30
5394 28
5395 24
5396 20
5397 18
5398 8
5401 10
5402 10
5403 8
5404 8
5405 8
5406 8
5407 12
5408 12
5409 8
5410 8
5411 8
5412 10
5413 14
5414 14
5415 18
5416 20
5417 20
5418 22
5419 24
5420 26
5421 24
5422 24
5423 30
5424 28
5425 18
5426 12
5427 8
5428 10
5429 12
5430 10
5431 6
5432 6
5433 8
5434 8
5435 10
5436 16
5437 22
5438 20
5439 18
5440 12
5441 12
5442 26
5443 32
5444 32
5445 24
5446 10
5447 14
5448 12
5449 6
5450 8
5451 8
5452 4
5453 10
5454 16
5455 14
5456 16
5457 8
5458 6
5459 16
5460 28
5461 26
5462 10
5463 4
5464 10
5465 22
5466 24
5467 12
5468 6
5469 10
5470 18
5471 28
5472 26
5473 12
5474 10
5475 14
5476 16
5477 18
5478 16
5479 4
5480 6
5481 8
5482 8
5483 6
5484 12
5485 18
5486 14
5487 16
5488 8
5489 10
5490 14
5491 16
5492 14
5493 10
5494 6
5495 4
5496 2
5497 6
5498 8
5499 14
5500 10
5501 6
5502 2
5503 6
5504 10
5505 14
5506 12
5507 8
5508 2
5509 8
5510 12
5511 24
5512 24
5513 6
5514 14
5515 36
5516 56
5517 58
5518 50
5519 44
5520 36
5521 32
5522 38
5523 34
5524 18
5525 18
5526 34
5527 34
5528 26
5529 20
5530 12
5531 8
5532 16
5533 22
5534 14
5535 12
5536 8
5537 6
5538 6
5539 12
5540 18
5541 20
5542 16
5543 8
5544 8
5545 8
5546 8
5547 6
5548 4
5549 8
5550 12
5551 10
5552 10
5553 16
5554 20
5555 22
5556 24
5557 24
5558 22
5559 16
5560 14
5561 20
5562 20
5563 16
5564 14
5565 16
5566 16
5567 10
5568 10
5569 8
5570 6
5571 6
5572 8
5573 14
5574 12
5575 10
5576 12
5577 16
5578 22
5579 24
5580 24
5581 22
5582 22
5583 18
5584 16
5585 14
5586 12
5587 14
5588 16
5589 16
5590 14
5591 14
5592 12
5593 8
5594 8
5595 8
5596 14
5597 14
5598 14
5599 10
5600 6
5601 6
5602 4
5603 6
5604 10
5605 14
5606 18
5607 22
5608 18
5609 20
5610 20
5611 16
5612 18
5613 14
5614 10
5615 16
5616 20
5617 18
5618 14
5619 12
5620 14
5621 12
5622 14
5623 12
5626 8
5627 8
5628 8
5629 8
5630 8
5631 6
5632 6
5633 6
5634 4
5635 8
5636 8
5637 6
5638 8
5639 6
5640 8
5641 12
5642 16
5643 18
5644 18
5645 16
5646 12
5647 12
5648 22
5649 24
5650 16
5651 14
5652 10
5653 12
5654 16
5655 16
5656 14
5657 12
5658 10
5659 8
5660 8
5661 12
5662 18
5663 22
5664 32
5665 28
5666 24
5667 24
5668 26
5669 26
5670 24
5671 12
5672 12
5673 10
5674 10
5675 20
5676 20
5677 16
5678 16
5679 24
5680 24
5681 20
5682 10
5683 8
5684 16
5685 22
5686 24
5687 16
5688 12
5689 16
5690 18
5691 16
5692 10
5693 8
5694 8
5695 6
5696 12
5697 20
5698 16
5699 14
5700 12
5701 8
5702 8
5703 12
5704 8
5705 4
5706 4
5707 4
5708 4
5709 6
5710 6
5711 4
5712 2
5713 4
5714 8
5715 8
5716 8
5717 8
5718 8
5719 8
5720 2
5721 4
5722 0
5723 8
5724 14
5725 12
5726 6
5727 4
5728 8
5729 4
5730 12
5731 14
5732 10
5733 4
5734 4
5735 6
5736 6
5737 10
5738 16
5739 28
5740 36
5741 40
5742 40
5743 32
5744 26
5745 24
5746 20
5747 18
5748 24
5749 24
5750 22
5751 24
5752 28
5753 24
5754 20
5755 16
5756 8
5757 14
5758 20
5759 20
5760 16
5761 10
5762 12
5763 12
5764 8
5765 8
5766 12
5767 18
5768 18
5769 6
5770 8
5771 8
5772 4
5773 0
5774 4
5775 8
5776 10
5777 14
5778 20
5779 20
5780 16
5781 14
5782 14
5783 14
5784 8
5785 6
5786 12
5787 12
5788 8
5789 8
5790 12
5791 12
5792 8
5793 6
5794 4
5795 6
5796 4
5797 4
5798 6
5799 2
5800 6
5801 12
5802 16
5803 16
5804 12
5805 12
5806 12
5807 16
5808 14
5809 8
5810 8
5811 8
5812 8
5813 10
5814 10
5815 10
5816 14
5817 12
5818 10
5819 6
5820 4
5821 6
5822 6
5823 6
5824 4
5825 0
5826 6
5827 6
5828 8
5829 14
5830 16
5831 20
5832 26
5833 22
5834 22
5835 22
5836 20
5837 22
5838 20
5839 18
5840 20
5841 20
5842 18
5843 16
5844 16
5845 16
5846 16
5847 20
5848 20
5851 8
5852 8
5853 8
5854 6
5855 4
5856 2
5857 2
5858 4
5859 4
5860 6
5861 10
5862 10
5863 8
5864 8
5865 6
5866 6
5867 10
5868 12
5869 10
5870 6
5871 4
5872 4
5873 16
5874 22
5875 14
5876 12
5877 10
5878 12
5879 16
5880 16
5881 16
5882 16
5883 12
5884 8
5885 6
5886 8
5887 12
5888 16
5889 24
5890 24
5891 18
5892 18
5893 18
5894 18
5895 20
5896 14
5897 10
5898 12
5899 14
5900 18
5901 18
5902 14
5903 18
5904 26
5905 28
5906 28
5907 22
5908 12
5909 10
5910 10
5911 22
5912 18
5913 12
5914 16
5915 22
5916 20
5917 14
5918 12
5919 14
5920 10
5921 10
5922 12
5923 14
5924 12
5925 10
5926 10
5927 8
5928 8
5929 10
5930 8
5931 4
5932 4
5933 4
5934 6
5935 4
5936 0
5937 4
5938 6
5939 4
5940 6
5941 6
5942 6
5943 8
5944 8
5945 4
5946 6
5947 4
5948 12
5949 16
5950 14
5951 10
5952 6
5953 8
5954 6
5955 12
5956 12
5957 10
5958 6
5959 6
5960 8
5961 10
5962 20
5963 30
5964 38
5965 38
5966 38
5967 40
5968 36
5969 30
5970 28
5971 26
5972 16
5973 26
5974 28
5975 26
5976 20
5977 24
5978 24
5979 22
5980 24
5981 24
5982 26
5983 28
5984 28
5985 22
5986 12
5987 12
5988 12
5989 8
5990 8
5991 12
5992 14
5993 24
5994 12
5995 12
5996 10
5997 6
5998 4
5999 8
6000 10
6001 12
6002 14
6003 16
6004 16
6005 12
6006 10
6007 12
6008 12
6009 4
6010 6
6011 14
6012 14
6013 12
6014 12
6015 16
6016 16
6017 12
6018 8
6019 6
6020 6
6021 2
6022 4
6023 4
6024 2
6025 8
6026 8
6027 6
6028 6
6029 4
6030 4
6031 4
6032 6
6033 12
6034 14
6035 12
6036 10
6037 12
6038 14
6039 14
6040 14
6041 16
6042 12
6043 14
6044 14
6045 10
6046 10
6047 10
6048 10
6049 10
6050 8
6051 12
6052 14
6053 16
6054 16
6055 20
6056 20
6057 26
6058 24
6059 24
6060 26
6061 24
6062 24
6063 22
6064 22
6065 22
6066 22
6067 26
6068 26
6069 26
6070 22
6071 18
6072 22
6073 22
6076 4
6077 4
6078 4
6079 2
6080 0
6081 0
6082 2
6083 4
6084 6
6085 8
6086 12
6087 10
6088 4
6089 6
6090 4
6091 4
6092 6
6093 6
6094 4
6095 0
6096 0
6097 0
6098 10
6099 16
6100 12
6101 10
6102 8
6103 10
6104 14
6105 14
6106 12
6107 14
6108 14
6109 12
6110 8
6111 4
6112 4
6113 8
6114 12
6115 14
6116 14
6117 24
6118 24
6119 18
6120 14
6121 14
6122 10
6123 14
6124 10
6125 6
6126 6
6127 6
6128 10
6129 16
6130 20
6131 28
6132 32
6133 24
6134 10
6135 10
6136 20
6137 22
6138 16
6139 16
6140 22
6141 18
6142 14
6143 14
6144 18
6145 16
6146 8
6147 8
6148 12
6149 10
6150 6
6151 8
6152 10
6153 8
6154 8
6155 10
6156 8
6157 8
6158 8
6159 8
6160 4
6161 2
6162 4
6163 4
6164 0
6165 4
6166 6
6167 6
6168 10
6169 10
6170 8
6171 4
6172 8
6173 14
6174 16
6175 14
6176 10
6177 6
6178 6
6179 4
6180 10
6181 12
6182 12
6183 10
6184 10
6185 10
6186 18
6187 34
6188 42
6189 44
6190 40
6191 40
6192 44
6193 44
6194 34
6195 32
6196 34
6197 20
6198 30
6199 32
6200 34
6201 28
6202 28
6203 36
6204 36
6205 38
6206 34
6207 32
6208 32
6209 32
6210 22
6211 10
6212 12
6213 12
6214 8
6215 8
6216 10
6217 6
6218 22
6219 18
6220 16
6221 12
6222 8
6223 8
6224 12
6225 12
6226 12
6227 14
6228 14
6229 14
6230 10
6231 8
6232 10
6233 10
6234 4
6235 8
6236 16
6237 16
6238 14
6239 14
6240 18
6241 16
6242 14
6243 12
6244 6
6245 2
6246 2
6247 6
6248 6
6249 6
6250 6
6251 6
6252 6
6253 4
6254 2
6255 2
6256 6
6257 10
6258 10
6259 12
6260 14
6261 12
6262 14
6263 14
6264 16
6265 16
6266 18
6267 16
6268 18
6269 18
6270 12
6271 14
6272 16
6273 16
6274 14
6275 16
6276 18
6277 20
6278 18
6279 14
6280 16
6281 14
6282 20
6283 20
6284 26
6285 28
6286 24
6287 24
6288 24
6289 22
6290 20
6291 22
6292 28
6293 26
6294 26
6295 24
6296 22
6297 26
6298 22
6301 0
6302 0
6303 0
6304 2
6305 4
6306 4
6307 8
6308 10
6309 8
6310 8
6311 10
6312 8
6313 4
6314 6
6315 4
6316 2
6317 4
6318 6
6319 6
6320 4
6321 4
6322 4
6323 12
6324 14
6325 10
6326 10
6327 8
6328 8
6329 12
6330 14
6331 10
6332 10
6333 14
6334 16
6335 12
6336 4
6337 0
6338 2
6339 6
6340 14
6341 26
6342 32
6343 22
6344 10
6345 8
6346 18
6347 12
6348 6
6349 12
6350 8
6351 4
6352 8
6353 14
6354 12
6355 8
6356 20
6357 36
6358 40
6359 28
6360 18
6361 20
6362 24
6363 20
6364 20
6365 26
6366 18
6367 12
6368 12
6369 14
6370 20
6371 18
6372 12
6373 12
6374 10
6375 4
6376 6
6377 12
6378 10
6379 4
6380 4
6381 4
6382 4
6383 4
6384 4
6385 4
6386 4
6387 6
6388 6
6389 0
6390 2
6391 6
6392 8
6393 10
6394 10
6395 8
6396 8
6397 12
6398 16
6399 16
6400 12
6401 8
6402 6
6403 6
6404 4
6405 10
6406 12
6407 14
6408 16
6409 16
6410 16
6411 30
6412 46
6413 46
6414 44
6415 42
6416 42
6417 44
6418 42
6419 32
6420 32
6421 30
6422 18
6423 26
6424 28
6425 32
6426 32
6427 46
6428 52
6429 46
6430 44
6431 36
6432 32
6433 30
6434 30
6435 20
6436 16
6437 18
6438 16
6439 12
6440 12
6441 10
6442 8
6443 20
6444 18
6445 18
6446 16
6447 12
6448 10
6449 14
6450 14
6451 14
6452 16
6453 16
6454 16
6455 12
6456 10
6457 12
6458 12
6459 8
6460 10
6461 18
6462 18
6463 14
6464 14
6465 16
6466 14
6467 14
6468 10
6469 6
6470 6
6471 6
6472 6
6473 6
6474 6
6475 4
6476 8
6477 12
6478 8
6479 2
6480 2
6481 12
6482 20
6483 16
6484 12
6485 12
6486 10
6487 12
6488 14
6489 16
6490 16
6491 18
6492 16
6493 18
6494 18
6495 12
6496 16
6497 18
6498 16
6499 14
6500 16
6501 20
6502 24
6503 20
6504 14
6505 16
6506 14
6507 18
6508 18
6509 26
6510 26
6511 22
6512 22
6513 22
6514 18
6515 20
6516 22
6517 26
6518 22
6519 22
6520 22
6521 22
6522 22
6523 16
6526 0
6527 2
6528 4
6529 6
6530 8
6531 8
6532 12
6533 12
6534 8
6535 4
6536 6
6537 8
6538 8
6539 8
6540 4
6541 0
6542 4
6543 6
6544 4
6545 2
6546 0
6547 0
6548 8
6549 14
6550 10
6551 8
6552 8
6553 10
6554 14
6555 16
6556 12
6557 6
6558 8
6559 14
6560 14
6561 8
6562 8
6563 16
6564 12
6565 20
6566 32
6567 26
6568 8
6569 12
6570 22
6571 22
6572 26
6573 16
6574 8
6575 8
6576 12
6577 18
6578 18
6579 10
6580 4
6581 6
6582 26
6583 42
6584 38
6585 24
6586 18
6587 20
6588 18
6589 20
6590 30
6591 28
6592 22
6593 18
6594 14
6595 18
6596 22
6597 20
6598 18
6599 16
6600 6
6601 4
6602 8
6603 8
6604 4
6605 2
6606 4
6607 4
6608 4
6609 4
6610 4
6611 4
6612 4
6613 6
6614 0
6615 0
6616 2
6617 6
6618 8
6619 6
6620 4
6621 10
6622 16
6623 20
6624 18
6625 12
6626 8
6627 6
6628 6
6629 4
6630 8
6631 10
6632 14
6633 16
6634 18
6635 22
6636 36
6637 42
6638 36
6639 38
6640 40
6641 38
6642 36
6643 30
6644 22
6645 18
6646 10
6647 18
6648 32
6649 36
6650 46
6651 58
6652 70
6653 66
6654 54
6655 52
6656 42
6657 36
6658 32
6659 30
6660 22
6661 20
6662 24
6663 22
6664 20
6665 20
6666 16
6667 16
6668 24
6669 18
6670 20
6671 16
6672 14
6673 12
6674 14
6675 14
6676 14
6677 14
6678 18
6679 18
6680 14
6681 12
6682 14
6683 14
6684 10
6685 12
6686 20
6687 20
6688 16
6689 16
6690 18
6691 18
6692 16
6693 10
6694 6
6695 6
6696 4
6697 4
6698 6
6699 6
6700 6
6701 10
6702 12
6703 6
6704 6
6705 8
6706 18
6707 24
6708 18
6709 14
6710 14
6711 10
6712 14
6713 14
6714 14
6715 14
6716 14
6717 12
6718 14
6719 16
6720 12
6721 16
6722 16
6723 14
6724 16
6725 16
6726 20
6727 24
6728 20
6729 16
6730 20
6731 18
6732 18
6733 18
6734 22
6735 22
6736 16
6737 16
6738 18
6739 16
6740 20
6741 20
6742 24
6743 20
6744 22
6745 20
6746 18
6747 16
6748 12
6751 4
6752 6
6753 8
6754 8
6755 10
6756 10
6757 10
6758 8
6759 6
6760 6
6761 6
6762 8
6763 8
6764 6
6765 2
6766 0
6767 4
6768 6
6769 4
6770 4
6771 6
6772 8
6773 6
6774 6
6775 12
6776 10
6777 6
6778 8
6779 14
6780 14
6781 10
6782 4
6783 4
6784 10
6785 12
6786 8
6787 14
6788 24
6789 20
6790 28
6791 28
6792 24
6793 10
6794 30
6795 32
6796 22
6797 38
6798 30
6799 10
6800 24
6801 28
6802 36
6803 38
6804 20
6805 2
6806 14
6807 16
6808 34
6809 40
6810 26
6811 16
6812 16
6813 16
6814 18
6815 26
6816 30
6817 28
6818 22
6819 14
6820 16
6821 24
6822 24
6823 24
6824 24
6825 16
6826 10
6827 8
6828 10
6829 8
6830 8
6831 10
6832 10
6833 12
6834 14
6835 14
6836 12
6837 6
6838 8
6839 2
6840 2
6841 2
6842 0
6843 6
6844 4
6845 0
6846 10
6847 22
6848 24
6849 18
6850 8
6851 6
6852 6
6853 6
6854 4
6855 8
6856 12
6857 16
6858 18
6859 22
6860 22
6861 28
6862 30
6863 30
6864 38
6865 38
6866 32
6867 26
6868 16
6869 12
6870 6
6871 24
6872 40
6873 46
6874 48
6875 60
6876 72
6877 80
6878 70
6879 56
6880 54
6881 42
6882 36
6883 32
6884 30
6885 24
6886 20
6887 22
6888 22
6889 22
6890 22
6891 16
6892 16
6893 26
6894 18
6895 16
6896 10
6897 10
6898 10
6899 10
6900 12
6901 10
6902 10
6903 18
6904 16
6905 12
6906 10
6907 12
6908 12
6909 8
6910 10
6911 16
6912 16
6913 12
6914 14
6915 18
6916 16
6917 12
6918 8
6919 6
6920 4
6921 0
6922 4
6923 6
6924 6
6925 6
6926 6
6927 8
6928 2
6929 2
6930 4
6931 14
6932 20
6933 12
6934 6
6935 10
6936 8
6937 10
6938 8
6939 10
6940 12
6941 14
6942 12
6943 12
6944 10
6945 6
6946 10
6947 10
6948 10
6949 12
6950 12
6951 16
6952 20
6953 18
6954 16
6955 20
6956 20
6957 20
6958 14
6959 18
6960 18
6961 14
6962 14
6963 16
6964 14
6965 16
6966 18
6967 22
6968 16
6969 20
6970 14
6971 10
6972 12
6973 8
6976 10
6977 10
6978 12
6979 10
6980 12
6981 12
6982 6
6983 4
6984 4
6985 8
6986 6
6987 4
6988 10
6989 8
6990 4
6991 4
6992 6
6993 8
6994 6
6995 4
6996 4
6997 2
6998 2
6999 4
7000 8
7001 8
7002 6
7003 4
7004 10
7005 14
7006 10
7007 6
7008 8
7009 10
7010 6
7011 8
7012 20
7013 22
7014 22
7015 42
7016 38
7017 32
7018 32
7019 42
7020 28
7021 20
7022 34
7023 44
7024 22
7025 26
7026 28
7027 38
7028 52
7029 40
7030 8
7031 16
7032 16
7033 20
7034 40
7035 34
7036 20
7037 16
7038 16
7039 16
7040 20
7041 24
7042 24
7043 22
7044 14
7045 12
7046 22
7047 22
7048 26
7049 32
7050 30
7051 26
7052 22
7053 22
7054 18
7055 18
7056 16
7057 14
7058 14
7059 18
7060 20
7061 22
7062 14
7063 18
7064 12
7065 10
7066 10
7067 12
7068 10
7069 10
7070 10
7071 20
7072 26
7073 24
7074 18
7075 12
7076 12
7077 6
7078 4
7079 8
7080 14
7081 18
7082 20
7083 22
7084 24
7085 20
7086 24
7087 30
7088 34
7089 34
7090 24
7091 18
7092 14
7093 6
7094 12
7095 18
7096 42
7097 44
7098 42
7099 50
7100 70
7101 84
7102 84
7103 64
7104 46
7105 40
7106 30
7107 28
7108 26
7109 22
7110 16
7111 16
7112 20
7113 18
7114 18
7115 20
7116 16
7117 14
7118 24
7119 18
7120 16
7121 12
7122 12
7123 10
7124 8
7125 12
7126 10
7127 12
7128 18
7129 14
7130 10
7131 8
7132 12
7133 14
7134 10
7135 10
7136 16
7137 16
7138 12
7139 14
7140 16
7141 14
7142 10
7143 4
7144 4
7145 6
7146 4
7147 8
7148 8
7149 6
7150 6
7151 6
7152 8
7153 2
7154 4
7155 6
7156 18
7157 20
7158 10
7159 4
7160 6
7161 6
7162 6
7163 8
7164 10
7165 12
7166 10
7167 4
7168 8
7169 10
7170 6
7171 6
7172 6
7173 8
7174 12
7175 14
7176 16
7177 20
7178 20
7179 16
7180 16
7181 18
7182 18
7183 20
7184 22
7185 22
7186 18
7187 18
7188 22
7189 20
7190 22
7191 26
7192 22
7193 12
7194 20
7195 16
7196 10
7197 10
7198 8
7201 10
7202 10
7203 12
7204 10
7205 10
7206 8
7207 6
7208 8
7209 10
7210 8
7211 8
7212 2
7213 8
7214 10
7215 6
7216 4
7217 6
7218 8
7219 8
7220 6
7221 4
7222 2
7223 2
7224 6
7225 8
7226 10
7227 8
7228 6
7229 14
7230 16
7231 10
7232 8
7233 8
7234 4
7235 6
7236 18
7237 28
7238 28
7239 26
7240 48
7241 40
7242 26
7243 40
7244 34
7245 18
7246 42
7247 86
7248 102
7249 74
7250 94
7251 36
7252 18
7253 50
7254 58
7255 22
7256 18
7257 10
7258 6
7259 20
7260 26
7261 20
7262 14
7263 14
7264 16
7265 20
7266 26
7267 28
7268 30
7269 24
7270 18
7271 28
7272 28
7273 28
7274 36
7275 40
7276 36
7277 34
7278 36
7279 32
7280 26
7281 22
7282 20
7283 18
7284 22
7285 26
7286 30
7287 26
7288 28
7289 24
7290 22
7291 22
7292 26
7293 22
7294 20
7295 20
7296 22
7297 22
7298 20
7299 18
7300 16
7301 12
7302 12
7303 6
7304 10
7305 16
7306 20
7307 20
7308 22
7309 24
7310 20
7311 24
7312 30
7313 30
7314 22
7315 16
7316 18
7317 14
7318 10
7319 12
7320 10
7321 36
7322 46
7323 56
7324 70
7325 84
7326 86
7327 74
7328 56
7329 44
7330 38
7331 30
7332 26
7333 20
7334 20
7335 14
7336 14
7337 18
7338 12
7339 14
7340 16
7341 16
7342 14
7343 22
7344 16
7345 14
7346 12
7347 14
7348 12
7349 8
7350 12
7351 12
7352 12
7353 14
7354 12
7355 8
7356 6
7357 12
7358 14
7359 10
7360 12
7361 18
7362 16
7363 12
7364 14
7365 16
7366 14
7367 10
7368 6
7369 6
7370 8
7371 6
7372 8
7373 8
7374 4
7375 4
7376 4
7377 6
7378 4
7379 6
7380 6
7381 20
7382 24
7383 10
7384 2
7385 4
7386 6
7387 8
7388 12
7389 14
7390 16
7391 8
7392 4
7393 4
7394 8
7395 4
7396 2
7397 4
7398 8
7399 14
7400 12
7401 12
7402 18
7403 16
7404 10
7405 10
7406 18
7407 18
7408 20
7409 22
7410 22
7411 18
7412 20
7413 26
7414 24
7415 28
7416 30
7417 20
7418 18
7419 24
7420 24
7421 16
7422 14
7423 16
7426 4
7427 6
7428 8
7429 6
7430 4
7431 2
7432 4
7433 8
7434 6
7435 6
7436 8
7437 6
7438 4
7439 8
7440 6
7441 4
7442 6
7443 8
7444 8
7445 6
7446 6
7447 8
7448 4
7449 4
7450 6
7451 8
7452 4
7453 4
7454 10
7455 10
7456 10
7457 10
7458 6
7459 2
7460 4
7461 12
7462 16
7463 18
7464 16
7465 42
7466 32
7467 22
7468 28
7469 16
7470 44
7471 100
7472 150
7473 166
7474 130
7475 178
7476 110
7477 32
7478 20
7479 46
7480 22
7481 10
7482 6
7483 12
7484 20
7485 16
7486 16
7487 12
7488 10
7489 10
7490 10
7491 16
7492 20
7493 24
7494 22
7495 16
7496 20
7497 24
7498 24
7499 28
7500 36
7501 34
7502 32
7503 34
7504 36
7505 30
7506 24
7507 24
7508 22
7509 22
7510 26
7511 26
7512 24
7513 24
7514 24
7515 22
7516 22
7517 24
7518 26
7519 24
7520 20
7521 16
7522 16
7523 18
7524 20
7525 16
7526 8
7527 12
7528 12
7529 10
7530 14
7531 14
7532 12
7533 16
7534 20
7535 16
7536 22
7537 28
7538 26
7539 20
7540 14
7541 12
7542 10
7543 12
7544 20
7545 18
7546 50
7547 56
7548 60
7549 64
7550 70
7551 68
7552 54
7553 42
7554 36
7555 30
7556 20
7557 16
7558 10
7559 16
7560 14
7561 16
7562 14
7563 12
7564 14
7565 14
7566 12
7567 12
7568 20
7569 14
7570 8
7571 6
7572 8
7573 10
7574 8
7575 10
7576 8
7577 6
7578 10
7579 10
7580 4
7581 4
7582 12
7583 12
7584 8
7585 10
7586 14
7587 14
7588 12
7589 14
7590 14
7591 10
7592 10
7593 8
7594 6
7595 6
7596 4
7597 4
7598 6
7599 2
7600 2
7601 4
7602 8
7603 6
7604 4
7605 10
7606 22
7607 22
7608 4
7609 8
7610 10
7611 10
7612 4
7613 2
7614 8
7615 8
7616 2
7617 4
7618 4
7619 8
7620 6
7621 2
7622 4
7623 8
7624 12
7625 6
7626 8
7627 14
7628 8
7629 4
7630 10
7631 24
7632 22
7633 18
7634 20
7635 22
7636 22
7637 24
7638 26
7639 20
7640 26
7641 26
7642 22
7643 22
7644 26
7645 26
7646 20
7647 20
7648 22
7651 0
7652 2
7653 4
7654 2
7655 0
7656 0
7657 4
7658 4
7659 0
7660 4
7661 10
7662 10
7663 4
7664 8
7665 6
7666 4
7667 4
7668 6
7669 8
7670 8
7671 8
7672 10
7673 8
7674 10
7675 14
7676 12
7677 6
7678 6
7679 8
7680 8
7681 12
7682 10
7683 4
7684 6
7685 10
7686 20
7687 34
7688 36
7689 6
7690 32
7691 26
7692 14
7693 12
7694 24
7695 84
7696 138
7697 188
7698 200
7699 150
7700 232
7701 174
7702 82
7703 34
7704 48
7705 22
7706 10
7707 8
7708 10
7709 18
7710 22
7711 20
7712 8
7713 8
7714 12
7715 10
7716 12
7717 10
7718 10
7719 14
7720 16
7721 12
7722 14
7723 18
7724 20
7725 26
7726 26
7727 24
7728 24
7729 32
7730 28
7731 22
7732 22
7733 22
7734 18
7735 20
7736 22
7737 20
7738 20
7739 22
7740 16
7741 16
7742 16
7743 16
7744 16
7745 18
7746 18
7747 16
7748 18
7749 18
7750 14
7751 8
7752 6
7753 10
7754 6
7755 14
7756 14
7757 10
7758 10
7759 18
7760 16
7761 22
7762 24
7763 20
7764 18
7765 12
7766 10
7767 4
7768 14
7769 20
7770 38
7771 58
7772 48
7773 38
7774 36
7775 46
7776 54
7777 40
7778 26
7779 22
7780 12
7781 6
7782 12
7783 8
7784 6
7785 10
7786 14
7787 10
7788 10
7789 14
7790 16
7791 12
7792 12
7793 20
7794 16
7795 6
7796 2
7797 2
7798 4
7799 6
7800 8
7801 6
7802 8
7803 12
7804 10
7805 6
7806 8
7807 14
7808 12
7809 10
7810 12
7811 14
7812 14
7813 12
7814 12
7815 10
7816 8
7817 12
7818 6
7819 4
7820 8
7821 6
7822 4
7823 6
7824 10
7825 6
7826 6
7827 12
7828 10
7829 6
7830 6
7831 12
7832 20
7833 10
7834 0
7835 12
7836 8
7837 2
7838 2
7839 6
7840 10
7841 14
7842 12
7843 6
7844 2
7845 8
7846 6
7847 8
7848 10
7849 12
7850 8
7851 10
7852 16
7853 10
7854 6
7855 14
7856 26
7857 22
7858 18
7859 20
7860 24
7861 24
7862 24
7863 24
7864 18
7865 26
7866 24
7867 20
7868 22
7869 26
7870 24
7871 20
7872 20
7873 20
7876 0
7877 2
7878 6
7879 6
7880 4
7881 4
7882 8
7883 10
7884 8
7885 12
7886 16
7887 12
7888 4
7889 8
7890 6
7891 4
7892 4
7893 6
7894 8
7895 8
7896 8
7897 12
7898 10
7899 20
7900 18
7901 12
7902 8
7903 4
7904 6
7905 8
7906 12
7907 10
7908 8
7909 10
7910 10
7911 2
7912 20
7913 28
7914 12
7915 30
7916 32
7917 20
7918 20
7919 38
7920 86
7921 122
7922 152
7923 140
7924 62
7925 180
7926 160
7927 82
7928 12
7929 26
7930 16
7931 4
7932 2
7933 30
7934 60
7935 68
7936 46
7937 36
7938 8
7939 24
7940 32
7941 34
7942 26
7943 18
7944 24
7945 34
7946 28
7947 22
7948 24
7949 26
7950 28
7951 28
7952 26
7953 26
7954 36
7955 36
7956 30
7957 30
7958 34
7959 34
7960 32
7961 34
7962 28
7963 22
7964 26
7965 24
7966 18
7967 18
7968 14
7969 14
7970 18
7971 20
7972 18
7973 10
7974 10
7975 18
7976 14
7977 8
7978 6
7979 4
7980 16
7981 18
7982 14
7983 14
7984 18
7985 16
7986 16
7987 28
7988 30
7989 32
7990 30
7991 22
7992 8
7993 22
7994 18
7995 14
7996 34
7997 48
7998 54
7999 52
8000 52
8001 50
8002 36
8003 32
8004 28
8005 6
8006 6
8007 10
8008 12
8009 14
8010 14
8011 10
8012 8
8013 8
8014 12
8015 16
8016 12
8017 12
8018 20
8019 14
8020 6
8021 4
8022 0
8023 2
8024 6
8025 6
8026 6
8027 10
8028 10
8029 8
8030 8
8031 12
8032 16
8033 16
8034 16
8035 14
8036 12
8037 10
8038 8
8039 8
8040 8
8041 8
8042 12
8043 6
8044 12
8045 12
8046 6
8047 6
8048 10
8049 14
8050 6
8051 8
8052 16
8053 10
8054 2
8055 6
8056 16
8057 24
8058 22
8059 8
8060 4
8061 12
8062 10
8063 20
8064 20
8065 22
8066 8
8067 14
8068 20
8069 12
8070 12
8071 8
8072 8
8073 12
8074 14
8075 12
8076 12
8077 18
8078 10
8079 4
8080 12
8081 22
8082 20
8083 14
8084 14
8085 16
8086 16
8087 20
8088 18
8089 14
8090 20
8091 18
8092 12
8093 12
8094 14
8095 14
8096 12
8097 12
8098 14
8101 4
8102 4
8103 6
8104 8
8105 8
8106 8
8107 10
8108 12
8109 12
8110 16
8111 16
8112 12
8113 6
8114 10
8115 8
8116 6
8117 8
8118 8
8119 8
8120 8
8121 8
8122 12
8123 12
8124 20
8125 12
8126 10
8127 10
8128 8
8129 8
8130 12
8131 14
8132 6
8133 4
8134 6
8135 16
8136 10
8137 22
8138 22
8139 8
8140 48
8141 52
8142 32
8143 34
8144 20
8145 80
8146 136
8147 180
8148 178
8149 86
8150 182
8151 152
8152 78
8153 20
8154 36
8155 32
8156 28
8157 30
8158 94
8159 136
8160 120
8161 104
8162 90
8163 40
8164 32
8165 42
8166 48
8167 38
8168 34
8169 38
8170 44
8171 40
8172 26
8173 22
8174 26
8175 26
8176 26
8177 24
8178 22
8179 32
8180 40
8181 38
8182 36
8183 38
8184 40
8185 38
8186 38
8187 40
8188 26
8189 20
8190 22
8191 20
8192 18
8193 12
8194 14
8195 16
8196 14
8197 18
8198 10
8199 4
8200 16
8201 16
8202 14
8203 16
8204 12
8205 18
8206 22
8207 22
8208 28
8209 36
8210 36
8211 24
8212 14
8213 16
8214 22
8215 30
8216 24
8217 4
8218 20
8219 20
8220 28
8221 56
8222 70
8223 68
8224 52
8225 44
8226 44
8227 50
8228 50
8229 30
8230 16
8231 16
8232 24
8233 28
8234 20
8235 10
8236 10
8237 8
8238 8
8239 12
8240 16
8241 12
8242 10
8243 20
8244 16
8245 6
8246 6
8247 2
8248 6
8249 8
8250 4
8251 6
8252 10
8253 10
8254 10
8255 8
8256 12
8257 18
8258 22
8259 18
8260 12
8261 12
8262 12
8263 10
8264 8
8265 8
8266 8
8267 10
8268 6
8269 12
8270 8
8271 2
8272 8
8273 12
8274 8
8275 4
8276 6
8277 10
8278 0
8279 10
8280 12
8281 10
8282 16
8283 26
8284 18
8285 8
8286 10
8287 24
8288 26
8289 4
8290 20
8291 24
8292 10
8293 20
8294 12
8295 4
8296 6
8297 4
8298 14
8299 24
8300 14
8301 10
8302 16
8303 6
8304 2
8305 14
8306 26
8307 20
8308 8
8309 6
8310 6
8311 10
8312 14
8313 6
8314 6
8315 12
8316 12
8317 8
8318 8
8319 6
8320 8
8321 10
8322 12
8323 16
8326 4
8327 4
8328 4
8329 4
8330 4
8331 4
8332 4
8333 4
8334 4
8335 8
8336 10
8337 12
8338 8
8339 12
8340 10
8341 6
8342 8
8343 8
8344 8
8345 8
8346 8
8347 10
8348 10
8349 12
8350 2
8351 4
8352 8
8353 10
8354 16
8355 20
8356 24
8357 18
8358 22
8359 16
8360 12
8361 4
8362 16
8363 24
8364 34
8365 66
8366 56
8367 34
8368 42
8369 8
8370 66
8371 132
8372 188
8373 204
8374 120
8375 194
8376 148
8377 72
8378 16
8379 22
8380 12
8381 32
8382 104
8383 172
8384 184
8385 122
8386 142
8387 136
8388 90
8389 30
8390 24
8391 40
8392 34
8393 38
8394 38
8395 42
8396 42
8397 24
8398 14
8399 18
8400 18
8401 20
8402 22
8403 22
8404 24
8405 24
8406 26
8407 24
8408 26
8409 26
8410 26
8411 26
8412 34
8413 28
8414 16
8415 16
8416 18
8417 16
8418 8
8419 10
8420 12
8421 10
8422 18
8423 18
8424 10
8425 8
8426 4
8427 4
8428 12
8429 20
8430 20
8431 26
8432 24
8433 26
8434 30
8435 28
8436 18
8437 18
8438 16
8439 12
8440 22
8441 22
8442 2
8443 22
8444 52
8445 76
8446 80
8447 74
8448 50
8449 20
8450 18
8451 38
8452 56
8453 46
8454 16
8455 14
8456 22
8457 38
8458 34
8459 16
8460 8
8461 6
8462 8
8463 8
8464 12
8465 16
8466 12
8467 8
8468 18
8469 20
8470 10
8471 8
8472 6
8473 10
8474 8
8475 4
8476 8
8477 12
8478 10
8479 10
8480 8
8481 14
8482 22
8483 24
8484 16
8485 12
8486 16
8487 16
8488 12
8489 10
8490 12
8491 12
8492 8
8493 2
8494 6
8495 6
8496 6
8497 10
8498 8
8499 8
8500 10
8501 12
8502 12
8503 8
8504 12
8505 6
8506 8
8507 18
8508 36
8509 28
8510 22
8511 16
8512 18
8513 46
8514 34
8515 50
8516 34
8517 14
8518 22
8519 20
8520 12
8521 14
8522 4
8523 10
8524 26
8525 24
8526 20
8527 18
8528 6
8529 4
8530 12
8531 24
8532 20
8533 10
8534 8
8535 8
8536 14
8537 14
8538 4
8539 2
8540 8
8541 8
8542 6
8543 6
8544 6
8545 6
8546 12
8547 14
8548 14
8551 0
8552 0
8553 0
8554 0
8555 0
8556 0
8557 2
8558 4
8559 4
8560 6
8561 8
8562 10
8563 6
8564 10
8565 12
8566 8
8567 8
8568 8
8569 8
8570 8
8571 8
8572 8
8573 4
8574 6
8575 2
8576 0
8577 2
8578 10
8579 20
8580 24
8581 22
8582 10
8583 12
8584 14
8585 12
8586 10
8587 18
8588 26
8589 44
8590 60
8591 40
8592 28
8593 44
8594 26
8595 30
8596 86
8597 134
8598 156
8599 92
8600 150
8601 100
8602 40
8603 4
8604 28
8605 36
8606 88
8607 164
8608 200
8609 162
8610 78
8611 134
8612 142
8613 118
8614 60
8615 2
8616 24
8617 24
8618 38
8619 32
8620 38
8621 44
8622 30
8623 22
8624 22
8625 20
8626 22
8627 24
8628 24
8629 20
8630 16
8631 16
8632 16
8633 18
8634 18
8635 18
8636 18
8637 28
8638 30
8639 22
8640 22
8641 24
8642 20
8643 12
8644 16
8645 18
8646 16
8647 22
8648 24
8649 22
8650 20
8651 16
8652 18
8653 24
8654 28
8655 22
8656 24
8657 14
8658 14
8659 22
8660 22
8661 14
8662 12
8663 12
8664 0
8665 24
8666 34
8667 16
8668 38
8669 72
8670 68
8671 48
8672 58
8673 46
8674 20
8675 18
8676 36
8677 58
8678 46
8679 16
8680 16
8681 36
8682 50
8683 36
8684 38
8685 22
8686 10
8687 8
8688 8
8689 10
8690 14
8691 12
8692 10
8693 18
8694 20
8695 14
8696 10
8697 6
8698 10
8699 8
8700 6
8701 8
8702 10
8703 6
8704 6
8705 8
8706 16
8707 24
8708 24
8709 14
8710 10
8711 16
8712 16
8713 12
8714 12
8715 16
8716 14
8717 10
8718 8
8719 12
8720 10
8721 8
8722 6
8723 6
8724 8
8725 12
8726 16
8727 16
8728 10
8729 8
8730 2
8731 20
8732 32
8733 40
8734 28
8735 22
8736 38
8737 16
8738 22
8739 22
8740 24
8741 2
8742 28
8743 32
8744 26
8745 16
8746 22
8747 10
8748 6
8749 20
8750 24
8751 28
8752 24
8753 8
8754 6
8755 12
8756 24
8757 16
8758 8
8759 10
8760 10
8761 14
8762 14
8763 6
8764 4
8765 4
8766 4
8767 0
8768 4
8769 4
8770 6
8771 14
8772 12
8773 8
8776 0
8777 0
8778 0
8779 0
8780 0
8781 0
8782 2
8783 4
8784 2
8785 6
8786 10
8787 12
8788 6
8789 2
8790 6
8791 8
8792 4
8793 4
8794 8
8795 8
8796 4
8797 4
8798 8
8799 6
8800 4
8801 18
8802 28
8803 24
8804 20
8805 12
8806 4
8807 12
8808 18
8809 14
8810 8
8811 8
8812 12
8813 22
8814 38
8815 50
8816 34
8817 30
8818 54
8819 46
8820 6
8821 46
8822 90
8823 110
8824 66
8825 96
8826 52
8827 12
8828 16
8829 32
8830 44
8831 90
8832 142
8833 158
8834 106
8835 52
8836 116
8837 116
8838 100
8839 62
8840 16
8841 20
8842 28
8843 38
8844 22
8845 34
8846 36
8847 24
8848 24
8849 30
8850 32
8851 30
8852 28
8853 28
8854 28
8855 26
8856 24
8857 24
8858 22
8859 20
8860 22
8861 24
8862 34
8863 36
8864 30
8865 32
8866 36
8867 34
8868 28
8869 26
8870 26
8871 26
8872 32
8873 28
8874 22
8875 20
8876 22
8877 24
8878 22
8879 16
8880 14
8881 24
8882 14
8883 6
8884 16
8885 28
8886 42
8887 36
8888 10
8889 6
8890 10
8891 20
8892 50
8893 60
8894 48
8895 50
8896 46
8897 56
8898 56
8899 42
8900 34
8901 44
8902 56
8903 42
8904 18
8905 24
8906 38
8907 44
8908 24
8909 36
8910 22
8911 18
8912 18
8913 18
8914 20
8915 20
8916 16
8917 14
8918 20
8919 20
8920 16
8921 16
8922 12
8923 14
8924 10
8925 10
8926 10
8927 10
8928 12
8929 14
8930 14
8931 16
8932 18
8933 16
8934 6
8935 2
8936 8
8937 8
8938 4
8939 4
8940 8
8941 6
8942 6
8943 8
8944 12
8945 16
8946 14
8947 10
8948 4
8949 4
8950 8
8951 14
8952 18
8953 12
8954 4
8955 6
8956 16
8957 20
8958 20
8959 22
8960 14
8961 22
8962 24
8963 24
8964 30
8965 32
8966 26
8967 26
8968 20
8969 24
8970 2
8971 22
8972 16
8973 4
8974 14
8975 16
8976 24
8977 26
8978 20
8979 20
8980 24
8981 26
8982 10
8983 6
8984 10
8985 10
8986 12
8987 12
8988 6
8989 4
8990 2
8991 4
8992 6
8993 8
8994 10
8995 12
8996 16
8997 14
8998 14
9001 4
9002 4
9003 4
9004 4
9005 4
9006 2
9007 6
9008 8
9009 8
9010 4
9011 6
9012 10
9013 8
9014 4
9015 2
9016 2
9017 4
9018 10
9019 10
9020 10
9021 6
9022 10
9023 16
9024 16
9025 6
9026 30
9027 28
9028 20
9029 10
9030 2
9031 10
9032 16
9033 16
9034 14
9035 14
9036 10
9037 8
9038 16
9039 32
9040 44
9041 32
9042 28
9043 58
9044 62
9045 34
9046 28
9047 38
9048 52
9049 24
9050 34
9051 16
9052 10
9053 28
9054 28
9055 34
9056 72
9057 126
9058 158
9059 112
9060 64
9061 138
9062 138
9063 108
9064 68
9065 36
9066 30
9067 28
9068 28
9069 20
9070 38
9071 34
9072 18
9073 26
9074 30
9075 30
9076 28
9077 24
9078 26
9079 26
9080 22
9081 22
9082 26
9083 28
9084 26
9085 26
9086 28
9087 38
9088 42
9089 38
9090 42
9091 46
9092 44
9093 40
9094 36
9095 34
9096 32
9097 38
9098 34
9099 24
9100 18
9101 18
9102 20
9103 12
9104 14
9105 20
9106 16
9107 20
9108 16
9109 12
9110 12
9111 10
9112 24
9113 16
9114 16
9115 14
9116 56
9117 76
9118 70
9119 50
9120 24
9121 52
9122 66
9123 52
9124 30
9125 40
9126 52
9127 72
9128 60
9129 30
9130 20
9131 32
9132 32
9133 8
9134 28
9135 16
9136 26
9137 26
9138 26
9139 30
9140 30
9141 26
9142 24
9143 28
9144 26
9145 18
9146 16
9147 14
9148 14
9149 12
9150 14
9151 12
9152 14
9153 22
9154 20
9155 14
9156 12
9157 10
9158 16
9159 12
9160 6
9161 12
9162 16
9163 12
9164 12
9165 16
9166 14
9167 12
9168 14
9169 10
9170 8
9171 14
9172 16
9173 14
9174 8
9175 6
9176 4
9177 14
9178 12
9179 8
9180 10
9181 22
9182 30
9183 28
9184 32
9185 36
9186 20
9187 10
9188 34
9189 32
9190 26
9191 22
9192 10
9193 22
9194 48
9195 32
9196 20
9197 16
9198 14
9199 30
9200 32
9201 38
9202 40
9203 34
9204 30
9205 24
9206 16
9207 2
9208 2
9209 8
9210 10
9211 16
9212 14
9213 6
9214 4
9215 0
9216 4
9217 10
9218 14
9219 12
9220 10
9221 12
9222 14
9223 18
9226 8
9227 8
9228 8
9229 8
9230 10
9231 6
9232 6
9233 2
9234 6
9235 4
9236 6
9237 6
9238 4
9239 0
9240 2
9241 4
9242 8
9243 8
9244 2
9245 12
9246 18
9247 20
9248 18
9249 18
9250 12
9251 22
9252 18
9253 8
9254 6
9255 10
9256 16
9257 18
9258 18
9259 38
9260 36
9261 16
9262 8
9263 14
9264 24
9265 32
9266 22
9267 10
9268 36
9269 48
9270 36
9271 42
9272 54
9273 44
9274 18
9275 28
9276 26
9277 18
9278 30
9279 22
9280 26
9281 64
9282 124
9283 178
9284 168
9285 132
9286 180
9287 154
9288 114
9289 80
9290 48
9291 28
9292 16
9293 16
9294 18
9295 40
9296 40
9297 24
9298 30
9299 26
9300 24
9301 24
9302 20
9303 22
9304 24
9305 18
9306 14
9307 18
9308 24
9309 28
9310 30
9311 32
9312 40
9313 42
9314 36
9315 38
9316 40
9317 42
9318 42
9319 38
9320 34
9321 32
9322 36
9323 38
9324 34
9325 28
9326 24
9327 22
9328 16
9329 22
9330 30
9331 16
9332 10
9333 32
9334 42
9335 36
9336 38
9337 10
9338 30
9339 34
9340 56
9341 40
9342 36
9343 28
9344 26
9345 48
9346 56
9347 58
9348 52
9349 14
9350 16
9351 46
9352 68
9353 54
9354 20
9355 8
9356 32
9357 48
9358 10
9359 18
9360 26
9361 24
9362 22
9363 26
9364 30
9365 32
9366 30
9367 28
9368 34
9369 32
9370 24
9371 20
9372 14
9373 12
9374 16
9375 20
9376 18
9377 20
9378 22
9379 14
9380 8
9381 8
9382 8
9383 8
9384 10
9385 8
9386 10
9387 14
9388 12
9389 12
9390 16
9391 16
9392 10
9393 16
9394 26
9395 16
9396 2
9397 14
9398 16
9399 12
9400 12
9401 8
9402 6
9403 8
9404 8
9405 8
9406 12
9407 14
9408 22
9409 32
9410 36
9411 28
9412 24
9413 24
9414 24
9415 30
9416 28
9417 30
9418 24
9419 34
9420 46
9421 18
9422 4
9423 24
9424 38
9425 44
9426 50
9427 52
9428 42
9429 26
9430 10
9431 4
9432 4
9433 2
9434 8
9435 10
9436 18
9437 18
9438 10
9439 8
9440 4
9441 6
9442 6
9443 20
9444 12
9445 4
9446 8
9447 12
9448 14
9451 8
9452 8
9453 8
9454 8
9455 12
9456 10
9457 6
9458 4
9459 6
9460 6
9461 2
9462 4
9463 6
9464 2
9465 0
9466 2
9467 4
9468 6
9469 4
9470 16
9471 26
9472 32
9473 30
9474 32
9475 36
9476 32
9477 20
9478 14
9479 16
9480 16
9481 22
9482 30
9483 44
9484 50
9485 36
9486 32
9487 20
9488 14
9489 18
9490 34
9491 34
9492 24
9493 38
9494 26
9495 8
9496 22
9497 28
9498 20
9499 4
9500 20
9501 14
9502 10
9503 24
9504 22
9505 18
9506 38
9507 88
9508 142
9509 152
9510 140
9511 172
9512 146
9513 112
9514 80
9515 46
9516 24
9517 16
9518 10
9519 12
9520 30
9521 34
9522 24
9523 26
9524 24
9525 24
9526 26
9527 24
9528 24
9529 28
9530 24
9531 18
9532 20
9533 22
9534 24
9535 28
9536 30
9537 36
9538 34
9539 26
9540 28
9541 26
9542 30
9543 34
9544 30
9545 28
9546 28
9547 30
9548 34
9549 38
9550 38
9551 36
9552 32
9553 24
9554 14
9555 12
9556 14
9557 12
9558 28
9559 46
9560 36
9561 40
9562 40
9563 46
9564 54
9565 30
9566 30
9567 54
9568 80
9569 50
9570 28
9571 20
9572 60
9573 84
9574 56
9575 38
9576 46
9577 42
9578 30
9579 10
9580 20
9581 24
9582 52
9583 34
9584 12
9585 20
9586 14
9587 14
9588 18
9589 22
9590 26
9591 24
9592 20
9593 30
9594 32
9595 26
9596 26
9597 20
9598 16
9599 20
9600 22
9601 18
9602 18
9603 18
9604 14
9605 12
9606 10
9607 8
9608 4
9609 2
9610 6
9611 6
9612 6
9613 6
9614 6
9615 8
9616 10
9617 2
9618 4
9619 20
9620 18
9621 8
9622 6
9623 16
9624 16
9625 14
9626 14
9627 10
9628 10
9629 16
9630 18
9631 8
9632 6
9633 20
9634 12
9635 70
9636 78
9637 40
9638 20
9639 52
9640 46
9641 38
9642 6
9643 22
9644 2
9645 30
9646 32
9647 18
9648 32
9649 50
9650 60
9651 58
9652 54
9653 38
9654 24
9655 22
9656 10
9657 8
9658 6
9659 8
9660 10
9661 18
9662 20
9663 14
9664 10
9665 8
9666 10
9667 8
9668 24
9669 16
9670 6
9671 8
9672 12
9673 12
9676 10
9677 12
9678 12
9679 12
9680 16
9681 16
9682 12
9683 12
9684 12
9685 14
9686 12
9687 4
9688 4
9689 6
9690 4
9691 6
9692 6
9693 6
9694 6
9695 22
9696 42
9697 50
9698 64
9699 88
9700 90
9701 94
9702 68
9703 46
9704 40
9705 24
9706 24
9707 28
9708 34
9709 30
9710 18
9711 30
9712 30
9713 16
9714 6
9715 20
9716 22
9717 20
9718 28
9719 18
9720 4
9721 14
9722 24
9723 26
9724 28
9725 32
9726 18
9727 16
9728 28
9729 24
9730 12
9731 14
9732 42
9733 80
9734 96
9735 114
9736 132
9737 108
9738 82
9739 58
9740 32
9741 18
9742 18
9743 4
9744 2
9745 14
9746 18
9747 18
9748 22
9749 20
9750 18
9751 22
9752 22
9753 22
9754 30
9755 28
9756 22
9757 22
9758 20
9759 18
9760 16
9761 12
9762 20
9763 26
9764 24
9765 28
9766 24
9767 22
9768 24
9769 24
9770 24
9771 22
9772 20
9773 24
9774 32
9775 38
9776 40
9777 38
9778 30
9779 24
9780 10
9781 8
9782 10
9783 8
9784 52
9785 82
9786 82
9787 58
9788 24
9789 14
9790 26
9791 34
9792 110
9793 150
9794 138
9795 60
9796 70
9797 14
9798 62
9799 50
9800 46
9801 66
9802 72
9803 46
9804 14
9805 26
9806 8
9807 34
9808 34
9809 24
9810 12
9811 2
9812 2
9813 4
9814 8
9815 16
9816 18
9817 16
9818 22
9819 24
9820 20
9821 20
9822 18
9823 16
9824 18
9825 18
9826 12
9827 10
9828 10
9829 10
9830 12
9831 14
9832 10
9833 10
9834 8
9835 10
9836 12
9837 12
9838 12
9839 14
9840 16
9841 16
9842 8
9843 8
9844 14
9845 16
9846 18
9847 10
9848 6
9849 18
9850 24
9851 26
9852 24
9853 22
9854 20
9855 6
9856 20
9857 36
9858 22
9859 92
9860 186
9861 192
9862 182
9863 162
9864 64
9865 24
9866 52
9867 18
9868 24
9869 20
9870 2
9871 26
9872 36
9873 42
9874 56
9875 58
9876 48
9877 38
9878 16
9879 20
9880 20
9881 14
9882 8
9883 2
9884 4
9885 6
9886 12
9887 14
9888 14
9889 12
9890 10
9891 8
9892 6
9893 26
9894 22
9895 12
9896 12
9897 14
9898 10
9901 8
9902 10
9903 10
9904 12
9905 16
9906 16
9907 12
9908 14
9909 16
9910 20
9911 22
9912 16
9913 8
9914 20
9915 14
9916 18
9917 14
9918 14
9919 16
9920 36
9921 62
9922 68
9923 118
9924 170
9925 140
9926 162
9927 126
9928 82
9929 60
9930 30
9931 16
9932 8
9933 6
9934 10
9935 4
9936 10
9937 26
9938 30
9939 16
9940 10
9941 6
9942 10
9943 10
9944 8
9945 2
9946 8
9947 18
9948 18
9949 24
9950 14
9951 6
9952 12
9953 22
9954 30
9955 18
9956 12
9957 16
9958 32
9959 42
9960 72
9961 76
9962 56
9963 40
9964 26
9965 10
9966 8
9967 16
9968 8
9969 4
9970 4
9971 10
9972 22
9973 20
9974 18
9975 16
9976 20
9977 22
9978 22
9979 30
9980 30
9981 24
9982 22
9983 20
9984 20
9985 18
9986 12
9987 14
9988 20
9989 22
9990 26
9991 26
9992 24
9993 24
9994 24
9995 26
9996 22
9997 20
9998 24
9999 26
10000 36
10001 40
10002 38
10003 28
10004 32
10005 34
10006 6
10007 14
10008 24
10009 40
10010 44
10011 38
10012 58
10013 38
10014 34
10015 88
10016 255
10017 255
10018 255
10019 255
10020 214
10021 178
10022 120
10023 114
10024 64
10025 30
10026 30
10027 68
10028 62
10029 18
10030 20
10031 8
10032 32
10033 30
10034 26
10035 16
10036 12
10037 8
10038 6
10039 6
10040 8
10041 10
10042 12
10043 16
10044 16
10045 16
10046 16
10047 16
10048 16
10049 16
10050 16
10051 12
10052 10
10053 6
10054 8
10055 10
10056 14
10057 14
10058 14
10059 10
10060 12
10061 14
10062 14
10063 12
10064 14
10065 16
10066 16
10067 14
10068 14
10069 6
10070 10
10071 24
10072 24
10073 20
10074 34
10075 36
10076 42
10077 38
10078 36
10079 26
10080 18
10081 44
10082 54
10083 62
10084 132
10085 226
10086 218
10087 224
10088 255
10089 170
10090 34
10091 42
10092 32
10093 16
10094 12
10095 6
10096 18
10097 42
10098 54
10099 52
10100 40
10101 26
10102 12
10103 10
10104 26
10105 30
10106 20
10107 8
10108 2
10109 4
10110 6
10111 10
10112 10
10113 10
10114 10
10115 10
10116 4
10117 4
10118 22
10119 24
10120 16
10121 18
10122 22
10123 16
10126 10
10127 10
10128 10
10129 10
10130 12
10131 14
10132 12
10133 16
10134 20
10135 22
10136 28
10137 20
10138 14
10139 30
10140 22
10141 28
10142 28
10143 26
10144 30
10145 52
10146 76
10147 78
10148 154
10149 200
10150 116
10151 168
10152 134
10153 82
10154 58
10155 22
10156 12
10157 14
10158 14
10159 10
10160 8
10161 14
10162 16
10163 34
10164 34
10165 20
10166 12
10167 10
10168 12
10169 18
10170 16
10171 8
10172 6
10173 2
10174 8
10175 24
10176 36
10177 30
10178 20
10179 20
10180 24
10181 22
10182 20
10183 16
10184 22
10185 36
10186 30
10187 10
10188 12
10189 16
10190 14
10191 12
10192 16
10193 12
10194 2
10195 10
10196 24
10197 26
10198 16
10199 18
10200 20
10201 22
10202 24
10203 24
10204 28
10205 30
10206 28
10207 28
10208 28
10209 30
10210 32
10211 28
10212 24
10213 24
10214 24
10215 28
10216 32
10217 32
10218 30
10219 28
10220 32
10221 28
10222 26
10223 24
10224 22
10225 32
10226 38
10227 36
10228 28
10229 24
10230 30
10231 26
10232 10
10233 6
10234 36
10235 66
10236 52
10237 40
10238 52
10239 148
10240 255
10241 255
10242 255
10243 255
10244 255
10245 255
10246 255
10247 255
10248 255
10249 222
10250 144
10251 48
10252 36
10253 64
10254 34
10255 14
10256 14
10257 28
10258 22
10259 24
10260 18
10261 16
10262 16
10263 12
10264 8
10265 10
10266 6
10267 6
10268 10
10269 8
10270 8
10271 10
10272 14
10273 14
10274 14
10275 12
10276 12
10277 12
10278 8
10279 10
10280 8
10281 6
10282 10
10283 12
10284 4
10285 4
10286 6
10287 6
10288 4
10289 6
10290 8
10291 8
10292 10
10293 6
10294 18
10295 22
10296 24
10297 34
10298 40
10299 48
10300 44
10301 42
10302 44
10303 42
10304 38
10305 36
10306 42
10307 34
10308 56
10309 156
10310 192
10311 126
10312 98
10313 222
10314 186
10315 76
10316 54
10317 18
10318 20
10319 10
10320 10
10321 28
10322 46
10323 50
10324 38
10325 30
10326 30
10327 26
10328 32
10329 44
10330 40
10331 22
10332 10
10333 8
10334 8
10335 10
10336 12
10337 12
10338 10
10339 8
10340 10
10341 6
10342 8
10343 20
10344 24
10345 16
10346 20
10347 26
10348 20
10351 16
10352 16
10353 18
10354 16
10355 16
10356 16
10357 16
10358 20
10359 22
10360 20
10361 32
10362 26
10363 18
10364 32
10365 26
10366 24
10367 30
10368 28
10369 32
10370 56
10371 80
10372 80
10373 154
10374 172
10375 48
10376 132
10377 114
10378 66
10379 58
10380 12
10381 20
10382 28
10383 38
10384 34
10385 24
10386 26
10387 24
10388 28
10389 42
10390 40
10391 36
10392 30
10393 36
10394 38
10395 42
10396 34
10397 20
10398 16
10399 30
10400 52
10401 54
10402 38
10403 30
10404 6
10405 18
10406 22
10407 18
10408 16
10409 8
10410 24
10411 28
10412 22
10413 26
10414 28
10415 22
10416 10
10417 12
10418 10
10419 4
10420 20
10421 26
10422 20
10423 14
10424 18
10425 18
10426 16
10427 18
10428 20
10429 22
10430 26
10431 28
10432 28
10433 28
10434 32
10435 36
10436 34
10437 32
10438 32
10439 32
10440 36
10441 42
10442 46
10443 44
10444 40
10445 42
10446 36
10447 24
10448 20
10449 20
10450 28
10451 36
10452 36
10453 34
10454 26
10455 18
10456 22
10457 18
10458 16
10459 26
10460 12
10461 26
10462 54
10463 226
10464 255
10465 255
10466 255
10467 255
10468 194
10469 255
10470 255
10471 255
10472 255
10473 255
10474 255
10475 255
10476 130
10477 12
10478 50
10479 42
10480 26
10481 34
10482 36
10483 24
10484 22
10485 18
10486 18
10487 22
10488 18
10489 16
10490 12
10491 10
10492 12
10493 16
10494 8
10495 2
10496 10
10497 14
10498 12
10499 14
10500 10
10501 10
10502 10
10503 8
10504 4
10505 4
10506 2
10507 6
10508 14
10509 8
10510 8
10511 12
10512 14
10513 10
10514 12
10515 16
10516 16
10517 18
10518 14
10519 34
10520 28
10521 24
10522 44
10523 50
10524 50
10525 42
10526 28
10527 42
10528 44
10529 46
10530 40
10531 36
10532 38
10533 44
10534 148
10535 255
10536 244
10537 188
10538 255
10539 168
10540 28
10541 38
10542 22
10543 26
10544 8
10545 32
10546 34
10547 34
10548 42
10549 46
10550 36
10551 32
10552 26
10553 40
10554 50
10555 36
10556 18
10557 14
10558 8
10559 6
10560 8
10561 8
10562 10
10563 10
10564 10
10565 12
10566 8
10567 8
10568 18
10569 20
10570 14
10571 18
10572 24
10573 22
10576 12
10577 12
10578 14
10579 12
10580 14
10581 12
10582 12
10583 16
10584 18
10585 18
10586 32
10587 30
10588 26
10589 46
10590 38
10591 26
10592 28
10593 26
10594 32
10595 54
10596 72
10597 62
10598 106
10599 146
10600 66
10601 144
10602 128
10603 80
10604 46
10605 10
10606 42
10607 42
10608 40
10609 40
10610 40
10611 30
10612 28
10613 24
10614 32
10615 38
10616 44
10617 44
10618 48
10619 44
10620 52
10621 52
10622 46
10623 34
10624 50
10625 54
10626 40
10627 32
10628 40
10629 24
10630 14
10631 8
10632 12
10633 16
10634 8
10635 12
10636 18
10637 14
10638 14
10639 16
10640 16
10641 16
10642 18
10643 16
10644 12
10645 22
10646 20
10647 14
10648 12
10649 12
10650 8
10651 4
10652 6
10653 10
10654 14
10655 16
10656 16
10657 16
10658 16
10659 20
10660 24
10661 24
10662 24
10663 24
10664 24
10665 26
10666 30
10667 36
10668 38
10669 36
10670 40
10671 42
10672 38
10673 24
10674 8
10675 14
10676 26
10677 28
10678 20
10679 24
10680 36
10681 36
10682 28
10683 38
10684 36
10685 44
10686 134
10687 255
10688 255
10689 255
10690 255
10691 255
10692 92
10693 14
10694 58
10695 152
10696 212
10697 255
10698 255
10699 255
10700 255
10701 255
10702 208
10703 104
10704 24
10705 32
10706 50
10707 40
10708 20
10709 28
10710 32
10711 26
10712 32
10713 30
10714 30
10715 24
10716 12
10717 16
10718 18
10719 10
10720 12
10721 12
10722 10
10723 4
10724 14
10725 14
10726 10
10727 4
10728 0
10729 4
10730 6
10731 4
10732 14
10733 20
10734 12
10735 10
10736 12
10737 16
10738 12
10739 8
10740 10
10741 14
10742 20
10743 18
10744 28
10745 16
10746 16
10747 50
10748 66
10749 58
10750 42
10751 24
10752 38
10753 44
10754 42
10755 38
10756 32
10757 30
10758 24
10759 72
10760 210
10761 240
10762 214
10763 240
10764 142
10765 48
10766 48
10767 6
10768 32
10769 22
10770 40
10771 28
10772 22
10773 24
10774 38
10775 36
10776 34
10777 30
10778 40
10779 36
10780 14
10781 16
10782 18
10783 14
10784 12
10785 14
10786 12
10787 12
10788 8
10789 6
10790 8
10791 10
10792 10
10793 18
10794 16
10795 8
10796 10
10797 10
10798 16
10801 8
10802 8
10803 8
10804 6
10805 8
10806 8
10807 8
10808 10
10809 10
10810 10
10811 24
10812 24
10813 34
10814 50
10815 34
10816 20
10817 24
10818 22
10819 30
10820 44
10821 50
10822 38
10823 102
10824 152
10825 136
10826 154
10827 114
10828 54
10829 44
10830 46
10831 56
10832 38
10833 24
10834 20
10835 26
10836 26
10837 20
10838 20
10839 18
10840 26
10841 32
10842 38
10843 36
10844 36
10845 40
10846 44
10847 50
10848 42
10849 48
10850 38
10851 20
10852 24
10853 42
10854 44
10855 30
10856 18
10857 14
10858 10
10859 2
10860 4
10861 6
10862 2
10863 10
10864 8
10865 6
10866 12
10867 18
10868 12
10869 16
10870 26
10871 28
10872 24
10873 26
10874 30
10875 26
10876 22
10877 18
10878 6
10879 6
10880 10
10881 10
10882 8
10883 8
10884 10
10885 12
10886 16
10887 16
10888 16
10889 14
10890 14
10891 16
10892 18
10893 20
10894 18
10895 22
10896 24
10897 38
10898 40
10899 16
10900 18
10901 48
10902 52
10903 36
10904 28
10905 40
10906 74
10907 54
10908 20
10909 28
10910 146
10911 255
10912 255
10913 255
10914 255
10915 184
10916 40
10917 32
10918 18
10919 62
10920 84
10921 44
10922 28
10923 172
10924 255
10925 255
10926 255
10927 255
10928 255
10929 196
10930 18
10931 64
10932 54
10933 22
10934 36
10935 38
10936 36
10937 40
10938 40
10939 44
10940 44
10941 24
10942 10
10943 16
10944 14
10945 22
10946 26
10947 14
10948 20
10949 28
10950 22
10951 18
10952 18
10953 14
10954 4
10955 2
10956 12
10957 18
10958 10
10959 8
10960 4
10961 8
10962 12
10963 16
10964 16
10965 10
10966 4
10967 6
10968 2
10969 18
10970 24
10971 8
10972 36
10973 72
10974 86
10975 82
10976 68
10977 60
10978 52
10979 40
10980 22
10981 12
10982 18
10983 30
10984 10
10985 72
10986 108
10987 98
10988 102
10989 40
10990 38
10991 48
10992 16
10993 18
10994 18
10995 32
10996 20
10997 12
10998 12
10999 28
11000 36
11001 38
11002 38
11003 34
11004 20
11005 12
11006 14
11007 18
11008 16
11009 16
11010 18
11011 16
11012 18
11013 16
11014 10
11015 10
11016 10
11017 12
11018 16
11019 20
11020 24
11021 20
11022 10
11023 8
11026 12
11027 12
11028 12
11029 12
11030 12
11031 12
11032 14
11033 14
11034 8
11035 8
11036 18
11037 22
11038 34
11039 24
11040 14
11041 8
11042 2
11043 12
11044 28
11045 40
11046 40
11047 24
11048 46
11049 68
11050 82
11051 76
11052 48
11053 22
11054 32
11055 46
11056 36
11057 20
11058 14
11059 10
11060 14
11061 18
11062 20
11063 24
11064 26
11065 32
11066 30
11067 30
11068 26
11069 34
11070 36
11071 34
11072 36
11073 36
11074 34
11075 26
11076 16
11077 24
11078 40
11079 52
11080 46
11081 36
11082 30
11083 22
11084 16
11085 14
11086 14
11087 10
11088 12
11089 14
11090 12
11091 14
11092 14
11093 12
11094 16
11095 22
11096 24
11097 18
11098 18
11099 20
11100 18
11101 18
11102 18
11103 12
11104 12
11105 12
11106 10
11107 8
11108 10
11109 12
11110 14
11111 14
11112 12
11113 14
11114 14
11115 14
11116 16
11117 16
11118 16
11119 12
11120 12
11121 4
11122 20
11123 44
11124 18
11125 16
11126 50
11127 54
11128 38
11129 22
11130 36
11131 86
11132 18
11133 50
11134 140
11135 255
11136 255
11137 255
11138 255
11139 152
11140 52
11141 32
11142 30
11143 32
11144 32
11145 36
11146 72
11147 62
11148 20
11149 148
11150 226
11151 255
11152 255
11153 255
11154 255
11155 160
11156 62
11157 60
11158 28
11159 46
11160 14
11161 18
11162 20
11163 24
11164 36
11165 50
11166 42
11167 20
11168 26
11169 20
11170 28
11171 36
11172 24
11173 16
11174 18
11175 10
11176 8
11177 14
11178 18
11179 10
11180 10
11181 16
11182 8
11183 10
11184 20
11185 24
11186 28
11187 26
11188 24
11189 12
11190 4
11191 8
11192 8
11193 8
11194 12
11195 20
11196 20
11197 4
11198 38
11199 56
11200 60
11201 50
11202 34
11203 18
11204 18
11205 10
11206 6
11207 12
11208 18
11209 34
11210 8
11211 20
11212 14
11213 20
11214 10
11215 28
11216 36
11217 20
11218 16
11219 24
11220 34
11221 24
11222 14
11223 16
11224 22
11225 28
11226 30
11227 32
11228 28
11229 20
11230 12
11231 10
11232 14
11233 12
11234 12
11235 18
11236 18
11237 18
11238 20
11239 16
11240 10
11241 6
11242 8
11243 14
11244 24
11245 22
11246 12
11247 10
11248 8
11251 20
11252 20
11253 20
11254 20
11255 20
11256 20
11257 24
11258 22
11259 24
11260 20
11261 26
11262 34
11263 22
11264 8
11265 20
11266 26
11267 22
11268 14
11269 26
11270 36
11271 40
11272 38
11273 22
11274 18
11275 18
11276 12
11277 16
11278 26
11279 26
11280 18
11281 10
11282 12
11283 18
11284 18
11285 18
11286 24
11287 32
11288 32
11289 32
11290 32
11291 28
11292 28
11293 24
11294 30
11295 34
11296 34
11297 30
11298 32
11299 30
11300 24
11301 22
11302 22
11303 28
11304 38
11305 40
11306 36
11307 30
11308 24
11309 20
11310 22
11311 30
11312 32
11313 30
11314 24
11315 20
11316 22
11317 20
11318 20
11319 22
11320 20
11321 18
11322 10
11323 8
11324 14
11325 16
11326 24
11327 28
11328 26
11329 20
11330 14
11331 12
11332 12
11333 16
11334 18
11335 16
11336 14
11337 12
11338 14
11339 18
11340 20
11341 18
11342 16
11343 14
11344 10
11345 10
11346 10
11347 28
11348 36
11349 24
11350 26
11351 50
11352 54
11353 44
11354 42
11355 34
11356 82
11357 50
11358 92
11359 255
11360 255
11361 255
11362 255
11363 148
11364 66
11365 74
11366 32
11367 38
11368 56
11369 52
11370 62
11371 48
11372 20
11373 28
11374 40
11375 70
11376 116
11377 218
11378 255
11379 255
11380 255
11381 92
11382 50
11383 52
11384 32
11385 18
11386 18
11387 14
11388 14
11389 4
11390 30
11391 40
11392 34
11393 30
11394 22
11395 26
11396 36
11397 32
11398 12
11399 10
11400 12
11401 8
11402 10
11403 12
11404 6
11405 10
11406 10
11407 2
11408 12
11409 18
11410 24
11411 26
11412 18
11413 8
11414 12
11415 24
11416 22
11417 22
11418 14
11419 6
11420 10
11421 18
11422 18
11423 12
11424 22
11425 26
11426 24
11427 20
11428 14
11429 16
11430 18
11431 16
11432 22
11433 26
11434 40
11435 44
11436 16
11437 6
11438 16
11439 14
11440 20
11441 20
11442 16
11443 14
11444 28
11445 42
11446 38
11447 26
11448 22
11449 18
11450 14
11451 12
11452 18
11453 22
11454 18
11455 8
11456 4
11457 14
11458 16
11459 14
11460 20
11461 22
11462 20
11463 20
11464 16
11465 12
11466 12
11467 12
11468 18
11469 30
11470 28
11471 18
11472 12
11473 10
11476 20
11477 20
11478 20
11479 20
11480 20
11481 20
11482 22
11483 20
11484 26
11485 26
11486 34
11487 30
11488 32
11489 36
11490 16
11491 22
11492 26
11493 24
11494 18
11495 26
11496 30
11497 30
11498 16
11499 22
11500 28
11501 30
11502 32
11503 22
11504 12
11505 12
11506 16
11507 22
11508 24
11509 24
11510 26
11511 34
11512 38
11513 38
11514 36
11515 34
11516 30
11517 28
11518 24
11519 28
11520 30
11521 32
11522 28
11523 26
11524 28
11525 28
11526 28
11527 28
11528 28
11529 28
11530 28
11531 30
11532 28
11533 24
11534 20
11535 28
11536 32
11537 40
11538 44
11539 36
11540 26
11541 22
11542 18
11543 18
11544 20
11545 16
11546 12
11547 10
11548 14
11549 18
11550 18
11551 24
11552 26
11553 22
11554 20
11555 18
11556 18
11557 22
11558 24
11559 20
11560 16
11561 16
11562 16
11563 16
11564 18
11565 22
11566 22
11567 20
11568 16
11569 10
11570 12
11571 22
11572 36
11573 26
11574 12
11575 28
11576 54
11577 74
11578 74
11579 50
11580 44
11581 26
11582 52
11583 255
11584 255
11585 255
11586 255
11587 198
11588 40
11589 58
11590 60
11591 24
11592 28
11593 24
11594 14
11595 32
11596 26
11597 24
11598 46
11599 114
11600 44
11601 60
11602 104
11603 210
11604 255
11605 255
11606 224
11607 10
11608 8
11609 18
11610 22
11611 20
11612 16
11613 24
11614 20
11615 6
11616 14
11617 18
11618 10
11619 10
11620 16
11621 28
11622 34
11623 24
11624 6
11625 10
11626 16
11627 14
11628 8
11629 4
11630 10
11631 4
11632 4
11633 10
11634 22
11635 22
11636 12
11637 14
11638 24
11639 28
11640 18
11641 2
11642 30
11643 26
11644 10
11645 6
11646 10
11647 18
11648 24
11649 44
11650 42
11651 36
11652 32
11653 20
11654 18
11655 14
11656 14
11657 26
11658 34
11659 32
11660 52
11661 42
11662 28
11663 24
11664 16
11665 10
11666 6
11667 4
11668 6
11669 20
11670 38
11671 40
11672 32
11673 24
11674 24
11675 16
11676 12
11677 18
11678 28
11679 30
11680 18
11681 18
11682 16
11683 20
11684 16
11685 20
11686 26
11687 26
11688 24
11689 22
11690 20
11691 16
11692 14
11693 20
11694 32
11695 34
11696 26
11697 26
11698 20
11701 16
11702 16
11703 16
11704 16
11705 16
11706 16
11707 14
11708 14
11709 18
11710 22
11711 24
11712 24
11713 38
11714 72
11715 80
11716 76
11717 52
11718 24
11719 14
11720 22
11721 30
11722 32
11723 14
11724 14
11725 8
11726 24
11727 22
11728 18
11729 20
11730 30
11731 40
11732 36
11733 32
11734 34
11735 40
11736 46
11737 46
11738 46
11739 44
11740 44
11741 42
11742 40
11743 38
11744 40
11745 40
11746 40
11747 38
11748 32
11749 30
11750 32
11751 32
11752 32
11753 32
11754 30
11755 26
11756 30
11757 32
11758 26
11759 26
11760 32
11761 28
11762 30
11763 34
11764 32
11765 26
11766 24
11767 22
11768 22
11769 22
11770 16
11771 16
11772 14
11773 18
11774 24
11775 22
11776 24
11777 24
11778 20
11779 24
11780 24
11781 22
11782 26
11783 24
11784 18
11785 16
11786 16
11787 14
11788 14
11789 16
11790 18
11791 20
11792 20
11793 16
11794 12
11795 16
11796 32
11797 40
11798 20
11799 18
11800 50
11801 86
11802 104
11803 90
11804 42
11805 66
11806 20
11807 182
11808 255
11809 255
11810 255
11811 164
11812 78
11813 18
11814 52
11815 44
11816 28
11817 10
11818 14
11819 12
11820 10
11821 22
11822 62
11823 50
11824 132
11825 74
11826 88
11827 64
11828 68
11829 248
11830 255
11831 255
11832 70
11833 30
11834 18
11835 14
11836 6
11837 4
11838 12
11839 18
11840 14
11841 8
11842 18
11843 10
11844 6
11845 10
11846 8
11847 18
11848 24
11849 18
11850 12
11851 10
11852 10
11853 10
11854 12
11855 6
11856 14
11857 18
11858 16
11859 8
11860 14
11861 28
11862 38
11863 32
11864 8
11865 22
11866 42
11867 50
11868 22
11869 16
11870 4
11871 8
11872 14
11873 28
11874 38
11875 30
11876 28
11877 28
11878 16
11879 22
11880 16
11881 18
11882 36
11883 32
11884 22
11885 34
11886 38
11887 34
11888 30
11889 22
11890 8
11891 12
11892 10
11893 12
11894 4
11895 16
11896 28
11897 26
11898 20
11899 24
11900 26
11901 20
11902 26
11903 34
11904 36
11905 26
11906 22
11907 18
11908 22
11909 20
11910 22
11911 30
11912 32
11913 28
11914 26
11915 28
11916 22
11917 14
11918 18
11919 28
11920 34
11921 28
11922 28
11923 28
11926 16
11927 16
11928 16
11929 16
11930 16
11931 16
11932 18
11933 18
11934 20
11935 16
11936 18
11937 46
11938 102
11939 162
11940 170
11941 174
11942 142
11943 88
11944 34
11945 58
11946 60
11947 40
11948 16
11949 18
11950 36
11951 32
11952 24
11953 26
11954 34
11955 42
11956 46
11957 40
11958 36
11959 40
11960 48
11961 54
11962 54
11963 50
11964 48
11965 48
11966 46
11967 44
11968 46
11969 46
11970 44
11971 46
11972 50
11973 42
11974 32
11975 32
11976 30
11977 30
11978 32
11979 32
11980 26
11981 28
11982 32
11983 24
11984 26
11985 30
11986 20
11987 26
11988 26
11989 22
11990 20
11991 20
11992 22
11993 28
11994 32
11995 28
11996 20
11997 14
11998 24
11999 30
12000 24
12001 24
12002 26
12003 26
12004 28
12005 22
12006 16
12007 16
12008 12
12009 8
12010 8
12011 8
12012 6
12013 8
12014 10
12015 12
12016 20
12017 28
12018 28
12019 24
12020 28
12021 46
12022 46
12023 24
12024 46
12025 86
12026 102
12027 102
12028 64
12029 22
12030 70
12031 76
12032 255
12033 255
12034 255
12035 204
12036 26
12037 28
12038 28
12039 28
12040 46
12041 46
12042 20
12043 18
12044 36
12045 34
12046 32
12047 74
12048 66
12049 96
12050 78
12051 96
12052 42
12053 44
12054 132
12055 255
12056 255
12057 166
12058 18
12059 18
12060 24
12061 4
12062 2
12063 4
12064 16
12065 28
12066 22
12067 24
12068 22
12069 38
12070 40
12071 36
12072 22
12073 18
12074 16
12075 14
12076 8
12077 12
12078 20
12079 6
12080 20
12081 44
12082 58
12083 68
12084 76
12085 62
12086 24
12087 8
12088 32
12089 86
12090 118
12091 118
12092 90
12093 78
12094 58
12095 28
12096 28
12097 30
12098 34
12099 40
12100 36
12101 34
12102 32
12103 26
12104 36
12105 30
12106 30
12107 44
12108 22
12109 20
12110 16
12111 24
12112 30
12113 34
12114 34
12115 26
12116 24
12117 24
12118 28
12119 30
12120 16
12121 10
12122 10
12123 6
12124 10
12125 14
12126 14
12127 22
12128 30
12129 32
12130 28
12131 22
12132 24
12133 26
12134 28
12135 28
12136 34
12137 36
12138 34
12139 32
12140 36
12141 34
12142 26
12143 26
12144 28
12145 32
12146 30
12147 32
12148 36
12151 16
12152 16
12153 16
12154 16
12155 16
12156 16
12157 18
12158 24
12159 20
12160 22
12161 20
12162 80
12163 174
12164 244
12165 210
12166 248
12167 230
12168 156
12169 68
12170 84
12171 68
12172 36
12173 18
12174 34
12175 34
12176 24
12177 16
12178 22
12179 34
12180 38
12181 40
12182 34
12183 34
12184 36
12185 46
12186 50
12187 48
12188 42
12189 42
12190 40
12191 38
12192 34
12193 36
12194 38
12195 34
12196 34
12197 44
12198 42
12199 30
12200 26
12201 20
12202 20
12203 24
12204 24
12205 18
12206 16
12207 18
12208 12
12209 22
12210 26
12211 20
12212 26
12213 24
12214 16
12215 14
12216 14
12217 16
12218 24
12219 32
12220 34
12221 30
12222 28
12223 28
12224 24
12225 16
12226 14
12227 16
12228 20
12229 18
12230 12
12231 10
12232 8
12233 6
12234 6
12235 10
12236 12
12237 18
12238 24
12239 20
12240 24
12241 34
12242 38
12243 36
12244 32
12245 36
12246 50
12247 42
12248 22
12249 58
12250 92
12251 78
12252 58
12253 40
12254 4
12255 48
12256 166
12257 255
12258 255
12259 255
12260 94
12261 6
12262 14
12263 14
12264 28
12265 46
12266 50
12267 44
12268 44
12269 26
12270 34
12271 50
12272 68
12273 88
12274 76
12275 24
12276 38
12277 22
12278 66
12279 76
12280 255
12281 255
12282 255
12283 64
12284 12
12285 30
12286 20
12287 20
12288 18
12289 26
12290 30
12291 8
12292 24
12293 60
12294 72
12295 58
12296 56
12297 58
12298 26
12299 14
12300 10
12301 10
12302 14
12303 12
12304 10
12305 40
12306 70
12307 92
12308 110
12309 118
12310 130
12311 78
12312 38
12313 126
12314 204
12315 222
12316 196
12317 188
12318 178
12319 132
12320 76
12321 34
12322 28
12323 28
12324 38
12325 36
12326 30
12327 30
12328 22
12329 36
12330 28
12331 18
12332 24
12333 6
12334 18
12335 12
12336 12
12337 18
12338 26
12339 36
12340 38
12341 26
12342 26
12343 26
12344 38
12345 34
12346 16
12347 14
12348 6
12349 2
12350 4
12351 2
12352 10
12353 22
12354 28
12355 30
12356 28
12357 30
12358 28
12359 24
12360 26
12361 32
12362 32
12363 32
12364 32
12365 36
12366 38
12367 34
12368 34
12369 32
12370 30
12371 28
12372 30
12373 32
12376 20
12377 20
12378 20
12379 20
12380 20
12381 20
12382 22
12383 18
12384 16
12385 26
12386 22
12387 84
12388 196
12389 244
12390 158
12391 210
12392 240
12393 172
12394 64
12395 68
12396 42
12397 50
12398 14
12399 34
12400 24
12401 26
12402 28
12403 34
12404 42
12405 42
12406 38
12407 32
12408 30
12409 42
12410 50
12411 50
12412 46
12413 36
12414 30
12415 26
12416 26
12417 26
12418 28
12419 32
12420 30
12421 28
12422 38
12423 42
12424 28
12425 20
12426 20
12427 20
12428 20
12429 20
12430 18
12431 12
12432 10
12433 12
12434 26
12435 20
12436 16
12437 22
12438 24
12439 16
12440 12
12441 16
12442 18
12443 24
12444 32
12445 38
12446 42
12447 44
12448 44
12449 44
12450 42
12451 34
12452 30
12453 34
12454 22
12455 14
12456 22
12457 26
12458 24
12459 22
12460 24
12461 26
12462 28
12463 26
12464 26
12465 40
12466 52
12467 54
12468 52
12469 48
12470 44
12471 44
12472 36
12473 30
12474 60
12475 74
12476 50
12477 18
12478 40
12479 38
12480 64
12481 255
12482 255
12483 255
12484 178
12485 38
12486 20
12487 30
12488 28
12489 16
12490 38
12491 44
12492 36
12493 54
12494 62
12495 52
12496 46
12497 36
12498 80
12499 34
12500 2
12501 24
12502 62
12503 52
12504 54
12505 210
12506 255
12507 255
12508 144
12509 28
12510 18
12511 8
12512 8
12513 8
12514 20
12515 28
12516 26
12517 66
12518 114
12519 126
12520 88
12521 82
12522 78
12523 50
12524 16
12525 6
12526 2
12527 6
12528 16
12529 18
12530 36
12531 72
12532 104
12533 114
12534 102
12535 144
12536 90
12537 84
12538 200
12539 255
12540 255
12541 246
12542 255
12543 255
12544 244
12545 152
12546 56
12547 26
12548 30
12549 34
12550 24
12551 18
12552 24
12553 12
12554 30
12555 28
12556 12
12557 16
12558 6
12559 10
12560 14
12561 18
12562 22
12563 24
12564 28
12565 34
12566 32
12567 26
12568 24
12569 38
12570 42
12571 32
12572 20
12573 20
12574 14
12575 4
12576 2
12577 4
12578 4
12579 14
12580 20
12581 24
12582 20
12583 12
12584 8
12585 10
12586 18
12587 22
12588 22
12589 22
12590 24
12591 32
12592 36
12593 38
12594 38
12595 30
12596 24
12597 28
12598 32
12601 24
12602 24
12603 24
12604 24
12605 24
12606 24
12607 28
12608 28
12609 22
12610 28
12611 32
12612 66
12613 182
12614 180
12615 48
12616 94
12617 170
12618 142
12619 48
12620 42
12621 18
12622 48
12623 22
12624 44
12625 32
12626 34
12627 34
12628 38
12629 42
12630 40
12631 38
12632 38
12633 38
12634 42
12635 44
12636 44
12637 40
12638 26
12639 22
12640 18
12641 18
12642 20
12643 22
12644 26
12645 26
12646 24
12647 32
12648 44
12649 34
12650 18
12651 24
12652 26
12653 18
12654 18
12655 20
12656 16
12657 14
12658 22
12659 24
12660 12
12661 14
12662 18
12663 28
12664 24
12665 12
12666 18
12667 24
12668 28
12669 32
12670 36
12671 46
12672 54
12673 50
12674 44
12675 52
12676 50
12677 42
12678 60
12679 58
12680 36
12681 32
12682 34
12683 36
12684 40
12685 40
12686 40
12687 40
12688 42
12689 48
12690 54
12691 54
12692 52
12693 48
12694 44
12695 40
12696 30
12697 28
12698 50
12699 76
12700 76
12701 46
12702 8
12703 14
12704 54
12705 156
12706 255
12707 255
12708 255
12709 72
12710 46
12711 24
12712 24
12713 16
12714 4
12715 24
12716 34
12717 20
12718 16
12719 26
12720 24
12721 18
12722 16
12723 30
12724 52
12725 2
12726 64
12727 48
12728 30
12729 46
12730 126
12731 255
12732 255
12733 200
12734 78
12735 56
12736 34
12737 46
12738 36
12739 42
12740 46
12741 48
12742 98
12743 154
12744 160
12745 94
12746 116
12747 96
12748 64
12749 22
12750 10
12751 14
12752 24
12753 22
12754 20
12755 34
12756 72
12757 88
12758 62
12759 40
12760 100
12761 54
12762 110
12763 224
12764 255
12765 255
12766 240
12767 255
12768 255
12769 255
12770 236
12771 98
12772 34
12773 28
12774 18
12775 12
12776 14
12777 20
12778 10
12779 24
12780 28
12781 18
12782 16
12783 8
12784 6
12785 10
12786 20
12787 22
12788 20
12789 20
12790 24
12791 28
12792 22
12793 22
12794 32
12795 40
12796 40
12797 36
12798 32
12799 30
12800 16
12801 10
12802 10
12803 12
12804 10
12805 6
12806 4
12807 8
12808 8
12809 6
12810 14
12811 18
12812 18
12813 12
12814 10
12815 10
12816 16
12817 24
12818 30
12819 36
12820 30
12821 20
12822 24
12823 32
12826 20
12827 20
12828 20
12829 20
12830 20
12831 20
12832 28
12833 30
12834 26
12835 20
12836 34
12837 48
12838 202
12839 238
12840 146
12841 164
12842 182
12843 112
12844 34
12845 26
12846 10
12847 34
12848 22
12849 42
12850 28
12851 26
12852 24
12853 28
12854 32
12855 34
12856 38
12857 40
12858 38
12859 36
12860 36
12861 36
12862 32
12863 20
12864 24
12865 20
12866 20
12867 22
12868 22
12869 24
12870 26
12871 24
12872 30
12873 50
12874 48
12875 24
12876 28
12877 32
12878 18
12879 20
12880 22
12881 16
12882 22
12883 22
12884 18
12885 12
12886 16
12887 14
12888 24
12889 28
12890 16
12891 20
12892 30
12893 36
12894 36
12895 34
12896 40
12897 50
12898 52
12899 46
12900 60
12901 72
12902 54
12903 54
12904 70
12905 64
12906 54
12907 48
12908 52
12909 48
12910 40
12911 32
12912 40
12913 48
12914 54
12915 58
12916 58
12917 58
12918 54
12919 52
12920 54
12921 42
12922 34
12923 78
12924 86
12925 52
12926 14
12927 6
12928 28
12929 114
12930 254
12931 255
12932 255
12933 255
12934 52
12935 38
12936 26
12937 22
12938 10
12939 6
12940 16
12941 22
12942 32
12943 30
12944 14
12945 2
12946 14
12947 26
12948 16
12949 60
12950 10
12951 64
12952 6
12953 30
12954 26
12955 72
12956 255
12957 255
12958 252
12959 110
12960 58
12961 34
12962 34
12963 22
12964 28
12965 38
12966 50
12967 114
12968 176
12969 170
12970 102
12971 144
12972 122
12973 82
12974 26
12975 18
12976 26
12977 34
12978 24
12979 26
12980 32
12981 56
12982 90
12983 94
12984 92
12985 112
12986 24
12987 88
12988 178
12989 246
12990 234
12991 122
12992 146
12993 238
12994 255
12995 255
12996 122
12997 36
12998 30
12999 22
13000 12
13001 14
13002 14
13003 8
13004 12
13005 22
13006 20
13007 16
13008 14
13009 14
13010 14
13011 12
13012 8
13013 8
13014 12
13015 14
13016 20
13017 16
13018 16
13019 20
13020 30
13021 34
13022 36
13023 30
13024 30
13025 24
13026 18
13027 12
13028 18
13029 22
13030 14
13031 8
13032 8
13033 10
13034 20
13035 30
13036 34
13037 30
13038 18
13039 8
13040 6
13041 8
13042 6
13043 14
13044 26
13045 30
13046 20
13047 14
13048 18
13051 16
13052 16
13053 16
13054 16
13055 16
13056 16
13057 18
13058 14
13059 12
13060 14
13061 42
13062 18
13063 156
13064 220
13065 184
13066 164
13067 150
13068 82
13069 20
13070 18
13071 14
13072 24
13073 30
13074 36
13075 22
13076 20
13077 20
13078 24
13079 30
13080 34
13081 34
13082 32
13083 32
13084 30
13085 28
13086 28
13087 26
13088 16
13089 20
13090 16
13091 16
13092 20
13093 22
13094 22
13095 24
13096 26
13097 28
13098 46
13099 48
13100 26
13101 32
13102 40
13103 26
13104 28
13105 28
13106 18
13107 18
13108 16
13109 12
13110 14
13111 16
13112 12
13113 18
13114 24
13115 22
13116 28
13117 30
13118 38
13119 40
13120 38
13121 40
13122 44
13123 44
13124 40
13125 50
13126 72
13127 64
13128 36
13129 34
13130 44
13131 42
13132 36
13133 38
13134 40
13135 38
13136 32
13137 40
13138 38
13139 42
13140 48
13141 50
13142 50
13143 48
13144 48
13145 48
13146 38
13147 42
13148 96
13149 70
13150 8
13151 4
13152 34
13153 76
13154 166
13155 255
13156 255
13157 255
13158 134
13159 82
13160 40
13161 28
13162 26
13163 20
13164 26
13165 20
13166 20
13167 38
13168 52
13169 40
13170 14
13171 32
13172 42
13173 44
13174 58
13175 20
13176 68
13177 20
13178 36
13179 24
13180 50
13181 244
13182 255
13183 255
13184 130
13185 34
13186 4
13187 4
13188 6
13189 4
13190 16
13191 38
13192 104
13193 170
13194 152
13195 82
13196 142
13197 136
13198 102
13199 38
13200 30
13201 40
13202 42
13203 32
13204 28
13205 10
13206 44
13207 72
13208 74
13209 82
13210 88
13211 26
13212 110
13213 194
13214 255
13215 255
13216 152
13217 88
13218 160
13219 222
13220 192
13221 98
13222 28
13223 32
13224 34
13225 14
13226 10
13227 8
13228 10
13229 8
13230 16
13231 22
13232 20
13233 22
13234 20
13235 20
13236 16
13237 14
13238 12
13239 10
13240 6
13241 10
13242 10
13243 14
13244 16
13245 22
13246 30
13247 32
13248 24
13249 18
13250 20
13251 20
13252 20
13253 22
13254 24
13255 18
13256 10
13257 14
13258 22
13259 34
13260 40
13261 38
13262 26
13263 26
13264 22
13265 16
13266 12
13267 12
13268 12
13269 22
13270 28
13271 24
13272 16
13273 12
13276 16
13277 18
13278 20
13279 20
13280 20
13281 20
13282 18
13283 18
13284 18
13285 22
13286 50
13287 30
13288 56
13289 112
13290 122
13291 88
13292 68
13293 26
13294 18
13295 18
13296 22
13297 26
13298 26
13299 22
13300 18
13301 18
13302 20
13303 24
13304 32
13305 32
13306 26
13307 24
13308 22
13309 16
13310 14
13311 16
13312 14
13313 6
13314 8
13315 8
13316 8
13317 10
13318 12
13319 12
13320 12
13321 16
13322 20
13323 36
13324 38
13325 20
13326 28
13327 40
13328 28
13329 26
13330 26
13331 16
13332 14
13333 12
13334 10
13335 16
13336 20
13337 16
13338 20
13339 22
13340 24
13341 24
13342 18
13343 26
13344 32
13345 36
13346 44
13347 54
13348 54
13349 34
13350 14
13351 36
13352 68
13353 62
13354 54
13355 66
13356 58
13357 32
13358 44
13359 58
13360 78
13361 84
13362 72
13363 54
13364 44
13365 30
13366 24
13367 28
13368 38
13369 46
13370 44
13371 32
13372 40
13373 90
13374 64
13375 44
13376 22
13377 58
13378 90
13379 186
13380 255
13381 255
13382 255
13383 72
13384 72
13385 10
13386 44
13387 30
13388 16
13389 36
13390 30
13391 36
13392 34
13393 56
13394 72
13395 12
13396 64
13397 44
13398 56
13399 86
13400 20
13401 44
13402 28
13403 22
13404 54
13405 72
13406 194
13407 255
13408 255
13409 170
13410 36
13411 4
13412 4
13413 10
13414 8
13415 8
13416 24
13417 92
13418 158
13419 138
13420 56
13421 102
13422 98
13423 100
13424 52
13425 52
13426 56
13427 40
13428 38
13429 44
13430 24
13431 22
13432 30
13433 32
13434 44
13435 40
13436 12
13437 82
13438 168
13439 254
13440 255
13441 244
13442 198
13443 255
13444 255
13445 200
13446 70
13447 18
13448 26
13449 26
13450 14
13451 8
13452 6
13453 10
13454 10
13455 4
13456 4
13457 4
13458 8
13459 10
13460 16
13461 16
13462 16
13463 12
13464 12
13465 6
13466 8
13467 2
13468 10
13469 12
13470 8
13471 20
13472 28
13473 28
13474 14
13475 22
13476 22
13477 24
13478 24
13479 22
13480 18
13481 12
13482 20
13483 24
13484 26
13485 26
13486 20
13487 6
13488 14
13489 18
13490 22
13491 16
13492 14
13493 16
13494 18
13495 26
13496 30
13497 30
13498 26
13501 12
13502 14
13503 14
13504 14
13505 16
13506 16
13507 22
13508 24
13509 30
13510 24
13511 38
13512 44
13513 36
13514 22
13515 22
13516 30
13517 16
13518 14
13519 16
13520 12
13521 18
13522 20
13523 12
13524 12
13525 20
13526 24
13527 28
13528 32
13529 38
13530 34
13531 28
13532 26
13533 22
13534 16
13535 14
13536 18
13537 16
13538 12
13539 10
13540 6
13541 6
13542 8
13543 10
13544 12
13545 12
13546 12
13547 18
13548 34
13549 32
13550 14
13551 20
13552 34
13553 28
13554 26
13555 24
13556 20
13557 20
13558 20
13559 20
13560 24
13561 28
13562 26
13563 28
13564 26
13565 24
13566 20
13567 14
13568 18
13569 22
13570 28
13571 36
13572 48
13573 70
13574 66
13575 26
13576 42
13577 60
13578 58
13579 66
13580 80
13581 92
13582 64
13583 122
13584 180
13585 200
13586 194
13587 194
13588 168
13589 124
13590 78
13591 40
13592 52
13593 64
13594 64
13595 60
13596 52
13597 18
13598 70
13599 64
13600 58
13601 30
13602 46
13603 104
13604 174
13605 255
13606 255
13607 234
13608 36
13609 36
13610 42
13611 52
13612 26
13613 10
13614 24
13615 22
13616 26
13617 20
13618 46
13619 78
13620 46
13621 56
13622 32
13623 26
13624 72
13625 42
13626 30
13627 28
13628 14
13629 70
13630 78
13631 138
13632 255
13633 255
13634 206
13635 50
13636 26
13637 26
13638 26
13639 26
13640 20
13641 18
13642 80
13643 154
13644 182
13645 114
13646 130
13647 88
13648 68
13649 52
13650 68
13651 52
13652 28
13653 34
13654 56
13655 60
13656 42
13657 26
13658 14
13659 18
13660 38
13661 54
13662 64
13663 114
13664 208
13665 255
13666 255
13667 255
13668 255
13669 210
13670 140
13671 42
13672 12
13673 26
13674 24
13675 16
13676 18
13677 12
13678 6
13679 12
13680 14
13681 10
13682 6
13683 4
13684 8
13685 10
13686 10
13687 10
13688 14
13689 14
13690 12
13691 14
13692 2
13693 14
13694 10
13695 2
13696 16
13697 28
13698 38
13699 26
13700 22
13701 18
13702 22
13703 24
13704 20
13705 14
13706 12
13707 18
13708 14
13709 6
13710 22
13711 32
13712 22
13713 20
13714 18
13715 22
13716 18
13717 14
13718 20
13719 20
13720 26
13721 38
13722 42
13723 46
13726 4
13727 6
13728 6
13729 6
13730 6
13731 6
13732 10
13733 16
13734 20
13735 14
13736 18
13737 24
13738 30
13739 36
13740 36
13741 30
13742 28
13743 18
13744 8
13745 8
13746 10
13747 12
13748 10
13749 16
13750 24
13751 28
13752 30
13753 32
13754 36
13755 32
13756 24
13757 20
13758 20
13759 14
13760 10
13761 18
13762 18
13763 16
13764 16
13765 8
13766 8
13767 10
13768 12
13769 16
13770 18
13771 18
13772 26
13773 44
13774 38
13775 18
13776 22
13777 34
13778 32
13779 32
13780 26
13781 22
13782 20
13783 20
13784 22
13785 26
13786 32
13787 32
13788 34
13789 30
13790 22
13791 18
13792 16
13793 16
13794 16
13795 20
13796 22
13797 22
13798 52
13799 78
13800 74
13801 70
13802 66
13803 36
13804 90
13805 126
13806 176
13807 255
13808 255
13809 255
13810 255
13811 255
13812 255
13813 255
13814 255
13815 255
13816 255
13817 244
13818 200
13819 146
13820 100
13821 100
13822 64
13823 54
13824 64
13825 14
13826 50
13827 20
13828 78
13829 212
13830 255
13831 255
13832 200
13833 34
13834 34
13835 50
13836 38
13837 18
13838 6
13839 8
13840 6
13841 8
13842 8
13843 34
13844 56
13845 56
13846 26
13847 20
13848 20
13849 30
13850 32
13851 30
13852 38
13853 20
13854 78
13855 72
13856 88
13857 255
13858 255
13859 218
13860 42
13861 42
13862 34
13863 32
13864 22
13865 22
13866 16
13867 38
13868 84
13869 124
13870 112
13871 82
13872 38
13873 30
13874 34
13875 50
13876 20
13877 16
13878 34
13879 40
13880 56
13881 56
13882 44
13883 36
13884 38
13885 56
13886 42
13887 28
13888 44
13889 100
13890 142
13891 170
13892 162
13893 132
13894 98
13895 70
13896 24
13897 2
13898 20
13899 24
13900 22
13901 24
13902 20
13903 16
13904 6
13905 4
13906 14
13907 22
13908 30
13909 28
13910 20
13911 14
13912 10
13913 14
13914 12
13915 10
13916 20
13917 12
13918 14
13919 8
13920 2
13921 10
13922 18
13923 28
13924 28
13925 20
13926 16
13927 18
13928 20
13929 16
13930 10
13931 12
13932 14
13933 6
13934 6
13935 12
13936 26
13937 24
13938 20
13939 24
13940 26
13941 22
13942 22
13943 26
13944 22
13945 22
13946 24
13947 28
13948 40
13951 8
13952 12
13953 14
13954 12
13955 12
13956 14
13957 10
13958 12
13959 16
13960 16
13961 16
13962 22
13963 16
13964 18
13965 22
13966 22
13967 20
13968 10
13969 8
13970 16
13971 22
13972 20
13973 20
13974 22
13975 20
13976 24
13977 24
13978 24
13979 26
13980 22
13981 12
13982 10
13983 14
13984 6
13985 4
13986 14
13987 12
13988 8
13989 12
13990 10
13991 10
13992 10
13993 10
13994 12
13995 16
13996 18
13997 28
13998 54
13999 50
14000 28
14001 32
14002 40
14003 36
14004 36
14005 30
14006 16
14007 12
14008 12
14009 16
14010 18
14011 22
14012 24
14013 28
14014 28
14015 24
14016 22
14017 18
14018 14
14019 16
14020 18
14021 16
14022 12
14023 24
14024 34
14025 86
14026 76
14027 90
14028 78
14029 210
14030 255
14031 255
14032 255
14033 255
14034 255
14035 255
14036 255
14037 255
14038 255
14039 255
14040 255
14041 255
14042 255
14043 255
14044 255
14045 255
14046 218
14047 190
14048 100
14049 18
14050 50
14051 40
14052 74
14053 70
14054 200
14055 255
14056 255
14057 166
14058 28
14059 36
14060 34
14061 20
14062 10
14063 4
14064 8
14065 2
14066 4
14067 6
14068 18
14069 28
14070 46
14071 60
14072 20
14073 32
14074 20
14075 18
14076 36
14077 60
14078 42
14079 86
14080 70
14081 70
14082 255
14083 255
14084 220
14085 24
14086 24
14087 8
14088 16
14089 4
14090 12
14091 18
14092 18
14093 18
14094 34
14095 36
14096 26
14097 26
14098 14
14099 18
14100 12
14101 8
14102 8
14103 28
14104 20
14105 20
14106 30
14107 24
14108 20
14109 32
14110 32
14111 14
14112 20
14113 12
14114 10
14115 6
14116 18
14117 22
14118 30
14119 26
14120 18
14121 14
14122 16
14123 8
14124 8
14125 14
14126 18
14127 14
14128 22
14129 22
14130 24
14131 46
14132 58
14133 58
14134 44
14135 42
14136 30
14137 16
14138 12
14139 10
14140 6
14141 8
14142 14
14143 12
14144 4
14145 4
14146 6
14147 4
14148 2
14149 10
14150 14
14151 14
14152 18
14153 18
14154 12
14155 6
14156 8
14157 8
14158 6
14159 10
14160 4
14161 10
14162 10
14163 10
14164 18
14165 22
14166 26
14167 28
14168 24
14169 16
14170 10
14171 6
14172 10
14173 16
14176 16
14177 18
14178 16
14179 12
14180 16
14181 18
14182 16
14183 14
14184 16
14185 10
14186 14
14187 14
14188 12
14189 8
14190 16
14191 14
14192 10
14193 14
14194 20
14195 24
14196 22
14197 18
14198 22
14199 24
14200 22
14201 24
14202 20
14203 20
14204 22
14205 22
14206 16
14207 16
14208 18
14209 8
14210 8
14211 14
14212 8
14213 4
14214 8
14215 10
14216 12
14217 14
14218 14
14219 12
14220 16
14221 18
14222 24
14223 48
14224 54
14225 40
14226 42
14227 48
14228 46
14229 46
14230 44
14231 32
14232 22
14233 18
14234 20
14235 20
14236 18
14237 20
14238 20
14239 22
14240 24
14241 24
14242 24
14243 22
14244 22
14245 20
14246 20
14247 32
14248 46
14249 32
14250 40
14251 26
14252 80
14253 252
14254 255
14255 255
14256 255
14257 255
14258 255
14259 250
14260 172
14261 122
14262 130
14263 176
14264 242
14265 255
14266 255
14267 255
14268 255
14269 255
14270 255
14271 255
14272 255
14273 255
14274 178
14275 32
14276 62
14277 20
14278 24
14279 206
14280 255
14281 255
14282 136
14283 24
14284 38
14285 36
14286 36
14287 26
14288 20
14289 16
14290 8
14291 6
14292 6
14293 18
14294 26
14295 40
14296 66
14297 26
14298 32
14299 22
14300 22
14301 34
14302 58
14303 32
14304 78
14305 76
14306 82
14307 254
14308 255
14309 220
14310 18
14311 18
14312 2
14313 14
14314 8
14315 10
14316 4
14317 10
14318 20
14319 32
14320 24
14321 24
14322 36
14323 14
14324 14
14325 8
14326 6
14327 14
14328 22
14329 10
14330 10
14331 24
14332 20
14333 14
14334 22
14335 18
14336 8
14337 20
14338 14
14339 12
14340 12
14341 22
14342 30
14343 34
14344 18
14345 14
14346 12
14347 16
14348 10
14349 12
14350 12
14351 14
14352 4
14353 8
14354 20
14355 22
14356 46
14357 70
14358 62
14359 54
14360 48
14361 40
14362 24
14363 18
14364 10
14365 2
14366 14
14367 18
14368 20
14369 16
14370 8
14371 2
14372 0
14373 2
14374 8
14375 10
14376 10
14377 18
14378 20
14379 14
14380 8
14381 6
14382 2
14383 12
14384 20
14385 14
14386 16
14387 16
14388 16
14389 22
14390 26
14391 28
14392 24
14393 18
14394 10
14395 6
14396 8
14397 10
14398 8
14401 16
14402 16
14403 14
14404 12
14405 14
14406 14
14407 14
14408 16
14409 14
14410 8
14411 12
14412 12
14413 14
14414 14
14415 20
14416 16
14417 14
14418 22
14419 24
14420 20
14421 12
14422 10
14423 20
14424 26
14425 26
14426 24
14427 20
14428 22
14429 24
14430 26
14431 20
14432 16
14433 14
14434 8
14435 10
14436 12
14437 8
14438 6
14439 10
14440 12
14441 12
14442 16
14443 18
14444 16
14445 18
14446 20
14447 28
14448 42
14449 50
14450 50
14451 52
14452 54
14453 54
14454 54
14455 54
14456 48
14457 38
14458 30
14459 28
14460 28
14461 26
14462 28
14463 22
14464 22
14465 28
14466 26
14467 24
14468 26
14469 28
14470 24
14471 20
14472 38
14473 38
14474 38
14475 18
14476 80
14477 255
14478 255
14479 255
14480 255
14481 255
14482 174
14483 60
14484 42
14485 60
14486 78
14487 74
14488 68
14489 54
14490 20
14491 32
14492 122
14493 240
14494 255
14495 255
14496 255
14497 255
14498 255
14499 255
14500 194
14501 50
14502 28
14503 26
14504 216
14505 255
14506 255
14507 128
14508 16
14509 44
14510 34
14511 34
14512 30
14513 30
14514 26
14515 16
14516 14
14517 18
14518 24
14519 26
14520 36
14521 66
14522 24
14523 24
14524 16
14525 28
14526 28
14527 48
14528 16
14529 70
14530 78
14531 82
14532 252
14533 255
14534 224
14535 12
14536 18
14537 8
14538 12
14539 14
14540 4
14541 4
14542 12
14543 18
14544 20
14545 18
14546 20
14547 26
14548 18
14549 12
14550 24
14551 10
14552 20
14553 24
14554 16
14555 18
14556 32
14557 28
14558 20
14559 20
14560 18
14561 14
14562 14
14563 16
14564 10
14565 10
14566 16
14567 18
14568 12
14569 12
14570 24
14571 14
14572 12
14573 14
14574 16
14575 16
14576 16
14577 16
14578 16
14579 2
14580 4
14581 36
14582 66
14583 38
14584 40
14585 36
14586 38
14587 32
14588 16
14589 4
14590 8
14591 16
14592 14
14593 14
14594 22
14595 16
14596 8
14597 8
14598 10
14599 12
14600 10
14601 8
14602 14
14603 16
14604 12
14605 8
14606 4
14607 4
14608 20
14609 24
14610 16
14611 16
14612 16
14613 16
14614 20
14615 24
14616 24
14617 18
14618 16
14619 10
14620 6
14621 12
14622 14
14623 10
14626 18
14627 18
14628 18
14629 18
14630 20
14631 22
14632 22
14633 22
14634 22
14635 22
14636 26
14637 26
14638 22
14639 22
14640 24
14641 24
14642 24
14643 28
14644 28
14645 24
14646 20
14647 22
14648 30
14649 32
14650 28
14651 26
14652 26
14653 26
14654 26
14655 26
14656 14
14657 4
14658 4
14659 6
14660 8
14661 10
14662 12
14663 14
14664 12
14665 12
14666 10
14667 12
14668 16
14669 18
14670 20
14671 20
14672 28
14673 38
14674 40
14675 44
14676 52
14677 56
14678 60
14679 58
14680 56
14681 54
14682 50
14683 42
14684 34
14685 32
14686 32
14687 38
14688 30
14689 26
14690 32
14691 30
14692 24
14693 28
14694 28
14695 30
14696 30
14697 40
14698 22
14699 50
14700 54
14701 226
14702 255
14703 255
14704 255
14705 192
14706 48
14707 46
14708 104
14709 74
14710 26
14711 34
14712 46
14713 58
14714 72
14715 88
14716 96
14717 64
14718 16
14719 100
14720 162
14721 230
14722 255
14723 255
14724 255
14725 255
14726 196
14727 36
14728 72
14729 220
14730 255
14731 255
14732 160
14733 36
14734 40
14735 14
14736 16
14737 18
14738 30
14739 32
14740 24
14741 20
14742 24
14743 26
14744 24
14745 28
14746 64
14747 40
14748 38
14749 22
14750 22
14751 22
14752 46
14753 22
14754 74
14755 72
14756 72
14757 250
14758 255
14759 228
14760 18
14761 16
14762 10
14763 8
14764 12
14765 8
14766 6
14767 14
14768 14
14769 20
14770 22
14771 22
14772 30
14773 28
14774 10
14775 26
14776 16
14777 24
14778 28
14779 20
14780 16
14781 28
14782 26
14783 22
14784 22
14785 20
14786 12
14787 8
14788 12
14789 12
14790 12
14791 12
14792 10
14793 10
14794 16
14795 16
14796 12
14797 12
14798 16
14799 18
14800 14
14801 12
14802 14
14803 22
14804 16
14805 14
14806 44
14807 74
14808 30
14809 38
14810 32
14811 32
14812 32
14813 22
14814 10
14815 8
14816 8
14817 10
14818 0
14819 16
14820 16
14821 8
14822 8
14823 10
14824 14
14825 12
14826 8
14827 12
14828 12
14829 8
14830 4
14831 0
14832 8
14833 18
14834 14
14835 4
14836 4
14837 6
14838 6
14839 8
14840 18
14841 22
14842 18
14843 20
14844 16
14845 14
14846 18
14847 16
14848 14
14851 18
14852 16
14853 16
14854 18
14855 22
14856 22
14857 22
14858 22
14859 20
14860 20
14861 24
14862 24
14863 20
14864 20
14865 22
14866 24
14867 26
14868 30
14869 28
14870 26
14871 26
14872 26
14873 28
14874 28
14875 26
14876 28
14877 26
14878 22
14879 24
14880 24
14881 10
14882 8
14883 6
14884 8
14885 10
14886 14
14887 16
14888 14
14889 12
14890 14
14891 16
14892 18
14893 18
14894 22
14895 24
14896 22
14897 26
14898 30
14899 34
14900 36
14901 46
14902 52
14903 60
14904 58
14905 54
14906 56
14907 60
14908 52
14909 40
14910 36
14911 38
14912 42
14913 36
14914 32
14915 36
14916 32
14917 26
14918 30
14919 32
14920 34
14921 42
14922 64
14923 48
14924 66
14925 64
14926 255
14927 255
14928 255
14929 182
14930 94
14931 60
14932 46
14933 22
14934 46
14935 62
14936 46
14937 56
14938 50
14939 32
14940 14
14941 44
14942 80
14943 76
14944 48
14945 46
14946 10
14947 106
14948 255
14949 255
14950 255
14951 255
14952 194
14953 72
14954 220
14955 255
14956 255
14957 170
14958 60
14959 22
14960 16
14961 16
14962 18
14963 28
14964 34
14965 30
14966 28
14967 26
14968 22
14969 10
14970 18
14971 44
14972 36
14973 32
14974 30
14975 10
14976 10
14977 32
14978 18
14979 64
14980 54
14981 92
14982 255
14983 255
14984 212
14985 16
14986 12
14987 10
14988 4
14989 12
14990 10
14991 10
14992 14
14993 14
14994 18
14995 18
14996 22
14997 30
14998 30
14999 16
15000 28
15001 20
15002 24
15003 28
15004 22
15005 12
15006 24
15007 24
15008 28
15009 28
15010 18
15011 12
15012 10
15013 10
15014 10
15015 10
15016 8
15017 2
15018 8
15019 18
15020 16
15021 16
15022 16
15023 12
15024 14
15025 16
15026 14
15027 16
15028 20
15029 16
15030 22
15031 54
15032 80
15033 38
15034 46
15035 36
15036 34
15037 22
15038 18
15039 12
15040 6
15041 6
15042 8
15043 4
15044 12
15045 14
15046 8
15047 10
15048 10
15049 12
15050 12
15051 8
15052 12
15053 14
15054 10
15055 6
15056 4
15057 10
15058 16
15059 14
15060 6
15061 2
15062 4
15063 6
15064 10
15065 22
15066 24
15067 20
15068 24
15069 20
15070 16
15071 20
15072 20
15073 22
15076 18
15077 14
15078 14
15079 18
15080 20
15081 16
15082 16
15083 16
15084 14
15085 14
15086 16
15087 16
15088 14
15089 14
15090 18
15091 20
15092 22
15093 24
15094 20
15095 20
15096 18
15097 14
15098 18
15099 22
15100 24
15101 24
15102 18
15103 18
15104 22
15105 20
15106 12
15107 16
15108 16
15109 16
15110 18
15111 20
15112 20
15113 16
15114 14
15115 16
15116 20
15117 22
15118 24
15119 28
15120 28
15121 24
15122 24
15123 24
15124 26
15125 30
15126 32
15127 40
15128 50
15129 50
15130 40
15131 44
15132 56
15133 50
15134 40
15135 40
15136 44
15137 46
15138 38
15139 34
15140 36
15141 30
15142 22
15143 28
15144 32
15145 30
15146 40
15147 72
15148 62
15149 96
15150 52
15151 255
15152 255
15153 255
15154 8
15155 70
15156 106
15157 84
15158 50
15159 44
15160 28
15161 18
15162 40
15163 60
15164 62
15165 54
15166 26
15167 16
15168 42
15169 58
15170 74
15171 98
15172 70
15173 44
15174 244
15175 255
15176 255
15177 255
15178 126
15179 194
15180 255
15181 255
15182 208
15183 68
15184 20
15185 10
15186 12
15187 10
15188 12
15189 26
15190 34
15191 36
15192 30
15193 20
15194 16
15195 14
15196 22
15197 26
15198 30
15199 40
15200 6
15201 4
15202 22
15203 16
15204 48
15205 40
15206 128
15207 255
15208 255
15209 202
15210 22
15211 16
15212 10
15213 4
15214 14
15215 10
15216 8
15217 12
15218 14
15219 16
15220 16
15221 22
15222 32
15223 34
15224 18
15225 24
15226 18
15227 16
15228 22
15229 22
15230 18
15231 20
15232 24
15233 22
15234 28
15235 22
15236 10
15237 6
15238 4
15239 4
15240 4
15241 0
15242 8
15243 14
15244 16
15245 14
15246 14
15247 8
15248 2
15249 2
15250 4
15251 4
15252 8
15253 12
15254 14
15255 18
15256 52
15257 78
15258 44
15259 44
15260 32
15261 28
15262 14
15263 14
15264 12
15265 10
15266 6
15267 10
15268 8
15269 10
15270 12
15271 6
15272 10
15273 12
15274 14
15275 12
15276 8
15277 10
15278 14
15279 12
15280 6
15281 6
15282 14
15283 20
15284 20
15285 14
15286 6
15287 4
15288 6
15289 10
15290 18
15291 20
15292 16
15293 16
15294 14
15295 12
15296 16
15297 18
15298 22
15301 20
15302 16
15303 16
15304 20
15305 20
15306 16
15307 16
15308 16
15309 14
15310 14
15311 16
15312 16
15313 14
15314 12
15315 18
15316 20
15317 20
15318 22
15319 20
15320 18
15321 14
15322 12
15323 22
15324 30
15325 30
15326 26
15327 20
15328 22
15329 24
15330 22
15331 20
15332 20
15333 20
15334 20
15335 20
15336 20
15337 20
15338 16
15339 12
15340 14
15341 20
15342 24
15343 26
15344 28
15345 26
15346 24
15347 22
15348 26
15349 22
15350 24
15351 22
15352 32
15353 46
15354 50
15355 36
15356 36
15357 48
15358 44
15359 36
15360 36
15361 42
15362 46
15363 38
15364 32
15365 32
15366 28
15367 18
15368 28
15369 32
15370 30
15371 44
15372 76
15373 66
15374 94
15375 96
15376 255
15377 255
15378 255
15379 46
15380 10
15381 94
15382 128
15383 80
15384 54
15385 70
15386 60
15387 60
15388 4
15389 20
15390 32
15391 32
15392 24
15393 24
15394 30
15395 24
15396 48
15397 90
15398 86
15399 16
15400 254
15401 255
15402 255
15403 255
15404 70
15405 255
15406 255
15407 212
15408 56
15409 36
15410 12
15411 14
15412 14
15413 26
15414 32
15415 28
15416 34
15417 36
15418 28
15419 26
15420 24
15421 20
15422 28
15423 32
15424 50
15425 14
15426 12
15427 30
15428 28
15429 40
15430 22
15431 172
15432 255
15433 255
15434 180
15435 24
15436 18
15437 12
15438 6
15439 14
15440 10
15441 6
15442 14
15443 14
15444 14
15445 16
15446 24
15447 36
15448 38
15449 20
15450 24
15451 20
15452 12
15453 20
15454 22
15455 20
15456 20
15457 18
15458 16
15459 26
15460 26
15461 14
15462 10
15463 4
15464 2
15465 0
15466 4
15467 12
15468 16
15469 16
15470 12
15471 8
15472 0
15473 6
15474 8
15475 12
15476 14
15477 16
15478 14
15479 16
15480 18
15481 34
15482 48
15483 30
15484 22
15485 14
15486 10
15487 10
15488 12
15489 14
15490 14
15491 16
15492 14
15493 14
15494 12
15495 12
15496 4
15497 8
15498 16
15499 16
15500 12
15501 8
15502 8
15503 10
15504 10
15505 6
15506 6
15507 14
15508 22
15509 22
15510 18
15511 12
15512 6
15513 10
15514 14
15515 18
15516 24
15517 24
15518 24
15519 18
15520 6
15521 8
15522 12
15523 14
15526 22
15527 20
15528 20
15529 22
15530 22
15531 20
15532 20
15533 20
15534 18
15535 18
15536 18
15537 18
15538 18
15539 16
15540 22
15541 24
15542 24
15543 28
15544 26
15545 22
15546 20
15547 18
15548 28
15549 36
15550 32
15551 30
15552 28
15553 28
15554 28
15555 28
15556 26
15557 20
15558 16
15559 14
15560 12
15561 12
15562 12
15563 8
15564 6
15565 10
15566 16
15567 20
15568 20
15569 18
15570 14
15571 14
15572 18
15573 24
15574 20
15575 20
15576 18
15577 24
15578 38
15579 46
15580 40
15581 36
15582 40
15583 38
15584 30
15585 30
15586 36
15587 40
15588 38
15589 34
15590 32
15591 28
15592 20
15593 30
15594 32
15595 32
15596 28
15597 32
15598 48
15599 28
15600 224
15601 255
15602 255
15603 196
15604 30
15605 74
15606 46
15607 38
15608 78
15609 106
15610 110
15611 58
15612 68
15613 22
15614 20
15615 24
15616 22
15617 18
15618 28
15619 44
15620 48
15621 38
15622 38
15623 84
15624 110
15625 54
15626 255
15627 255
15628 255
15629 136
15630 255
15631 255
15632 255
15633 82
15634 30
15635 34
15636 30
15637 30
15638 34
15639 26
15640 14
15641 20
15642 32
15643 36
15644 38
15645 38
15646 30
15647 18
15648 28
15649 48
15650 12
15651 26
15652 36
15653 34
15654 22
15655 46
15656 220
15657 255
15658 255
15659 158
15660 18
15661 14
15662 10
15663 0
15664 10
15665 8
15666 6
15667 14
15668 12
15669 14
15670 16
15671 26
15672 42
15673 46
15674 24
15675 26
15676 22
15677 10
15678 22
15679 26
15680 24
15681 20
15682 12
15683 14
15684 26
15685 32
15686 22
15687 14
15688 4
15689 4
15690 2
15691 6
15692 18
15693 20
15694 16
15695 12
15696 6
15697 6
15698 12
15699 14
15700 20
15701 28
15702 34
15703 38
15704 40
15705 46
15706 54
15707 48
15708 22
15709 14
15710 16
15711 18
15712 16
15713 14
15714 16
15715 16
15716 20
15717 20
15718 20
15719 20
15720 18
15721 8
15722 10
15723 16
15724 16
15725 12
15726 10
15727 10
15728 6
15729 8
15730 8
15731 8
15732 12
15733 20
15734 20
15735 16
15736 14
15737 10
15738 14
15739 18
15740 20
15741 22
15742 20
15743 22
15744 20
15745 14
15746 12
15747 12
15748 12
15751 16
15752 16
15753 16
15754 18
15755 20
15756 18
15757 16
15758 16
15759 16
15760 16
15761 16
15762 18
15763 18
15764 16
15765 20
15766 22
15767 22
15768 24
15769 20
15770 18
15771 18
15772 16
15773 28
15774 36
15775 30
15776 28
15777 28
15778 28
15779 28
15780 28
15781 24
15782 18
15783 18
15784 16
15785 10
15786 8
15787 8
15788 6
15789 8
15790 12
15791 16
15792 18
15793 16
15794 14
15795 12
15796 8
15797 14
15798 16
15799 6
15800 6
15801 8
15802 12
15803 22
15804 28
15805 30
15806 30
15807 32
15808 32
15809 24
15810 24
15811 32
15812 36
15813 36
15814 34
15815 32
15816 26
15817 18
15818 26
15819 30
15820 30
15821 18
15822 8
15823 38
15824 92
15825 255
15826 255
15827 255
15828 144
15829 92
15830 14
15831 62
15832 40
15833 36
15834 86
15835 102
15836 92
15837 72
15838 42
15839 42
15840 40
15841 36
15842 40
15843 40
15844 50
15845 50
15846 26
15847 20
15848 6
15849 86
15850 114
15851 38
15852 255
15853 255
15854 255
15855 194
15856 255
15857 255
15858 172
15859 34
15860 50
15861 34
15862 32
15863 20
15864 12
15865 8
15866 8
15867 18
15868 28
15869 34
15870 38
15871 36
15872 20
15873 30
15874 46
15875 6
15876 32
15877 26
15878 26
15879 20
15880 84
15881 254
15882 255
15883 255
15884 122
15885 8
15886 16
15887 6
15888 6
15889 12
15890 8
15891 6
15892 14
15893 14
15894 16
15895 18
15896 32
15897 50
15898 50
15899 22
15900 26
15901 22
15902 6
15903 24
15904 30
15905 26
15906 18
15907 10
15908 12
15909 20
15910 30
15911 28
15912 16
15913 4
15914 8
15915 2
15916 10
15917 24
15918 22
15919 12
15920 8
15921 8
15922 14
15923 16
15924 16
15925 26
15926 38
15927 44
15928 50
15929 52
15930 54
15931 54
15932 46
15933 28
15934 26
15935 24
15936 24
15937 20
15938 14
15939 12
15940 12
15941 14
15942 20
15943 16
15944 26
15945 24
15946 12
15947 12
15948 16
15949 18
15950 14
15951 10
15952 8
15953 2
15954 4
15955 6
15956 8
15957 12
15958 20
15959 20
15960 14
15961 10
15962 10
15963 16
15964 18
15965 22
15966 22
15967 16
15968 18
15969 18
15970 16
15971 16
15972 16
15973 14
15976 12
15977 12
15978 10
15979 16
15980 18
15981 12
15982 10
15983 10
15984 10
15985 10
15986 16
15987 16
15988 10
15989 12
15990 16
15991 14
15992 12
15993 12
15994 12
15995 16
15996 18
15997 20
15998 34
15999 38
16000 28
16001 24
16002 24
16003 24
16004 24
16005 24
16006 22
16007 18
16008 22
16009 24
16010 20
16011 16
16012 16
16013 16
16014 20
16015 22
16016 22
16017 22
16018 20
16019 20
16020 18
16021 14
16022 14
16023 10
16024 6
16025 6
16026 6
16027 6
16028 10
16029 14
16030 18
16031 22
16032 28
16033 28
16034 22
16035 20
16036 20
16037 22
16038 28
16039 30
16040 30
16041 26
16042 12
16043 18
16044 22
16045 20
16046 16
16047 42
16048 34
16049 136
16050 255
16051 255
16052 210
16053 80
16054 130
16055 136
16056 60
16057 56
16058 38
16059 46
16060 38
16061 48
16062 60
16063 36
16064 36
16065 36
16066 42
16067 50
16068 50
16069 52
16070 52
16071 42
16072 44
16073 44
16074 44
16075 102
16076 90
16077 192
16078 255
16079 255
16080 24
16081 255
16082 255
16083 255
16084 86
16085 16
16086 6
16087 14
16088 6
16089 14
16090 4
16091 22
16092 24
16093 18
16094 22
16095 34
16096 48
16097 40
16098 32
16099 42
16100 34
16101 48
16102 22
16103 20
16104 44
16105 116
16106 255
16107 255
16108 220
16109 72
16110 10
16111 16
16112 4
16113 8
16114 16
16115 18
16116 20
16117 30
16118 26
16119 24
16120 24
16121 36
16122 54
16123 54
16124 26
16125 30
16126 30
16127 14
16128 24
16129 20
16130 16
16131 16
16132 12
16133 20
16134 24
16135 26
16136 26
16137 18
16138 8
16139 8
16140 6
16141 18
16142 26
16143 14
16144 8
16145 14
16146 20
16147 28
16148 34
16149 34
16150 44
16151 52
16152 52
16153 56
16154 56
16155 56
16156 52
16157 46
16158 44
16159 46
16160 38
16161 30
16162 28
16163 20
16164 10
16165 10
16166 10
16167 18
16168 16
16169 32
16170 22
16171 12
16172 12
16173 14
16174 18
16175 14
16176 8
16177 8
16178 4
16179 2
16180 2
16181 2
16182 4
16183 12
16184 16
16185 14
16186 6
16187 4
16188 10
16189 12
16190 22
16191 26
16192 24
16193 26
16194 22
16195 18
16196 18
16197 18
16198 12
16201 12
16202 14
16203 22
16204 38
16205 40
16206 38
16207 34
16208 24
16209 16
16210 16
16211 22
16212 16
16213 16
16214 18
16215 18
16216 12
16217 14
16218 16
16219 20
16220 24
16221 24
16222 26
16223 38
16224 38
16225 26
16226 24
16227 24
16228 22
16229 18
16230 14
16231 12
16232 8
16233 12
16234 16
16235 18
16236 16
16237 16
16238 16
16239 20
16240 20
16241 18
16242 20
16243 18
16244 16
16245 12
16246 12
16247 10
16248 4
16249 6
16250 10
16251 6
16252 6
16253 6
16254 8
16255 10
16256 12
16257 18
16258 18
16259 18
16260 22
16261 18
16262 10
16263 20
16264 26
16265 24
16266 24
16267 14
16268 14
16269 16
16270 14
16271 12
16272 12
16273 20
16274 108
16275 255
16276 255
16277 118
16278 42
16279 76
16280 128
16281 52
16282 38
16283 62
16284 30
16285 52
16286 18
16287 52
16288 34
16289 26
16290 20
16291 26
16292 24
16293 28
16294 34
16295 40
16296 44
16297 44
16298 44
16299 32
16300 22
16301 76
16302 76
16303 255
16304 255
16305 224
16306 255
16307 255
16308 255
16309 218
16310 74
16311 62
16312 66
16313 36
16314 12
16315 70
16316 74
16317 68
16318 30
16319 46
16320 50
16321 84
16322 66
16323 60
16324 80
16325 48
16326 44
16327 34
16328 20
16329 24
16330 150
16331 255
16332 255
16333 162
16334 48
16335 6
16336 16
16337 8
16338 26
16339 38
16340 40
16341 34
16342 50
16343 50
16344 50
16345 52
16346 64
16347 92
16348 112
16349 100
16350 96
16351 74
16352 66
16353 56
16354 36
16355 22
16356 20
16357 16
16358 4
16359 30
16360 32
16361 18
16362 20
16363 20
16364 12
16365 12
16366 20
16367 22
16368 8
16369 30
16370 34
16371 34
16372 52
16373 72
16374 72
16375 84
16376 90
16377 82
16378 82
16379 76
16380 68
16381 60
16382 60
16383 60
16384 76
16385 78
16386 64
16387 62
16388 48
16389 20
16390 10
16391 4
16392 20
16393 10
16394 34
16395 28
16396 8
16397 10
16398 14
16399 18
16400 16
16401 12
16402 12
16403 8
16404 4
16405 2
16406 4
16407 6
16408 8
16409 14
16410 14
16411 6
16412 4
16413 8
16414 8
16415 18
16416 22
16417 24
16418 32
16419 28
16420 20
16421 20
16422 22
16423 16
16426 18
16427 28
16428 54
16429 78
16430 76
16431 72
16432 76
16433 60
16434 36
16435 24
16436 30
16437 26
16438 30
16439 24
16440 20
16441 20
16442 28
16443 32
16444 36
16445 36
16446 32
16447 30
16448 42
16449 42
16450 28
16451 26
16452 24
16453 20
16454 12
16455 6
16456 2
16457 2
16458 2
16459 2
16460 4
16461 6
16462 8
16463 8
16464 10
16465 10
16466 8
16467 8
16468 6
16469 6
16470 4
16471 2
16472 2
16473 4
16474 4
16475 8
16476 4
16477 8
16478 10
16479 10
16480 10
16481 12
16482 14
16483 10
16484 12
16485 22
16486 22
16487 8
16488 14
16489 26
16490 26
16491 26
16492 18
16493 16
16494 20
16495 20
16496 16
16497 22
16498 30
16499 72
16500 255
16501 255
16502 226
16503 56
16504 34
16505 98
16506 42
16507 36
16508 108
16509 56
16510 66
16511 16
16512 38
16513 40
16514 36
16515 26
16516 18
16517 14
16518 20
16519 32
16520 32
16521 38
16522 42
16523 32
16524 32
16525 16
16526 40
16527 32
16528 255
16529 255
16530 255
16531 232
16532 255
16533 255
16534 255
16535 232
16536 148
16537 118
16538 58
16539 40
16540 110
16541 52
16542 74
16543 42
16544 58
16545 18
16546 76
16547 36
16548 26
16549 50
16550 36
16551 8
16552 46
16553 10
16554 54
16555 255
16556 255
16557 255
16558 110
16559 84
16560 28
16561 8
16562 26
16563 38
16564 26
16565 8
16566 50
16567 80
16568 102
16569 118
16570 124
16571 138
16572 162
16573 176
16574 154
16575 150
16576 118
16577 80
16578 58
16579 30
16580 16
16581 32
16582 46
16583 54
16584 44
16585 44
16586 4
16587 20
16588 26
16589 28
16590 26
16591 32
16592 18
16593 14
16594 40
16595 44
16596 52
16597 82
16598 106
16599 106
16600 118
16601 116
16602 100
16603 96
16604 84
16605 70
16606 64
16607 64
16608 62
16609 74
16610 86
16611 80
16612 86
16613 78
16614 50
16615 36
16616 20
16617 16
16618 20
16619 40
16620 22
16621 14
16622 14
16623 16
16624 24
16625 22
16626 14
16627 14
16628 12
16629 8
16630 4
16631 4
16632 6
16633 10
16634 14
16635 12
16636 4
16637 6
16638 12
16639 10
16640 14
16641 16
16642 18
16643 28
16644 26
16645 18
16646 20
16647 26
16648 22
16651 32
16652 56
16653 92
16654 112
16655 96
16656 88
16657 102
16658 96
16659 66
16660 36
16661 34
16662 32
16663 32
16664 32
16665 24
16666 30
16667 34
16668 36
16669 40
16670 40
16671 38
16672 36
16673 46
16674 44
16675 28
16676 26
16677 24
16678 20
16679 18
16680 18
16681 18
16682 14
16683 8
16684 8
16685 8
16686 10
16687 12
16688 12
16689 12
16690 12
16691 10
16692 8
16693 8
16694 8
16695 4
16696 0
16697 2
16698 4
16699 10
16700 12
16701 8
16702 10
16703 14
16704 14
16705 14
16706 18
16707 20
16708 14
16709 14
16710 26
16711 26
16712 12
16713 10
16714 24
16715 32
16716 32
16717 24
16718 20
16719 24
16720 24
16721 24
16722 48
16723 66
16724 26
16725 255
16726 255
16727 255
16728 122
16729 34
16730 90
16731 52
16732 62
16733 124
16734 108
16735 78
16736 38
16737 44
16738 48
16739 54
16740 52
16741 38
16742 28
16743 28
16744 34
16745 34
16746 28
16747 40
16748 34
16749 26
16750 36
16751 60
16752 46
16753 190
16754 255
16755 255
16756 255
16757 255
16758 255
16759 255
16760 255
16761 255
16762 202
16763 86
16764 74
16765 66
16766 34
16767 34
16768 38
16769 28
16770 54
16771 126
16772 56
16773 68
16774 124
16775 140
16776 96
16777 48
16778 12
16779 200
16780 255
16781 255
16782 122
16783 64
16784 108
16785 58
16786 18
16787 18
16788 36
16789 92
16790 172
16791 242
16792 255
16793 255
16794 255
16795 255
16796 255
16797 255
16798 255
16799 255
16800 255
16801 255
16802 255
16803 214
16804 138
16805 76
16806 36
16807 34
16808 56
16809 50
16810 30
16811 14
16812 28
16813 16
16814 36
16815 48
16816 40
16817 16
16818 36
16819 62
16820 78
16821 92
16822 114
16823 130
16824 130
16825 128
16826 110
16827 90
16828 84
16829 72
16830 62
16831 62
16832 60
16833 54
16834 56
16835 56
16836 58
16837 76
16838 86
16839 86
16840 94
16841 80
16842 50
16843 34
16844 28
16845 10
16846 20
16847 22
16848 18
16849 30
16850 32
16851 20
16852 20
16853 18
16854 12
16855 8
16856 8
16857 10
16858 14
16859 20
16860 20
16861 10
16862 12
16863 20
16864 18
16865 16
16866 16
16867 20
16868 30
16869 30
16870 22
16871 24
16872 30
16873 26
16876 38
16877 72
16878 110
16879 122
16880 94
16881 90
16882 106
16883 106
16884 82
16885 46
16886 24
16887 26
16888 20
16889 30
16890 26
16891 32
16892 32
16893 34
16894 38
16895 38
16896 38
16897 34
16898 38
16899 34
16900 20
16901 20
16902 22
16903 22
16904 22
16905 24
16906 30
16907 32
16908 26
16909 24
16910 22
16911 20
16912 20
16913 18
16914 16
16915 16
16916 18
16917 18
16918 18
16919 16
16920 10
16921 8
16922 8
16923 10
16924 12
16925 12
16926 8
16927 8
16928 12
16929 12
16930 12
16931 16
16932 20
16933 18
16934 20
16935 34
16936 36
16937 24
16938 22
16939 24
16940 34
16941 36
16942 30
16943 24
16944 28
16945 28
16946 32
16947 64
16948 58
16949 74
16950 182
16951 255
16952 255
16953 218
16954 18
16955 70
16956 56
16957 54
16958 88
16959 102
16960 66
16961 54
16962 50
16963 42
16964 48
16965 56
16966 56
16967 44
16968 32
16969 26
16970 26
16971 28
16972 40
16973 56
16974 54
16975 48
16976 30
16977 96
16978 66
16979 255
16980 255
16981 255
16982 138
16983 255
16984 255
16985 255
16986 255
16987 255
16988 166
16989 80
16990 30
16991 16
16992 22
16993 40
16994 50
16995 58
16996 64
16997 32
16998 78
16999 255
17000 255
17001 255
17002 212
17003 114
17004 255
17005 255
17006 212
17007 120
17008 30
17009 62
17010 52
17011 62
17012 126
17013 194
17014 255
17015 255
17016 255
17017 255
17018 255
17019 255
17020 255
17021 255
17022 255
17023 196
17024 162
17025 202
17026 254
17027 255
17028 255
17029 255
17030 255
17031 198
17032 134
17033 56
17034 10
17035 18
17036 12
17037 24
17038 8
17039 34
17040 50
17041 40
17042 52
17043 84
17044 102
17045 118
17046 122
17047 130
17048 142
17049 144
17050 130
17051 104
17052 90
17053 80
17054 70
17055 64
17056 58
17057 52
17058 54
17059 66
17060 64
17061 60
17062 70
17063 80
17064 112
17065 138
17066 152
17067 132
17068 86
17069 30
17070 16
17071 26
17072 26
17073 22
17074 30
17075 32
17076 20
17077 22
17078 20
17079 14
17080 12
17081 12
17082 14
17083 20
17084 28
17085 30
17086 20
17087 18
17088 24
17089 22
17090 16
17091 12
17092 18
17093 30
17094 32
17095 24
17096 24
17097 28
17098 26
17101 42
17102 74
17103 104
17104 106
17105 70
17106 70
17107 94
17108 98
17109 82
17110 54
17111 22
17112 30
17113 24
17114 26
17115 26
17116 30
17117 32
17118 34
17119 36
17120 36
17121 34
17122 28
17123 30
17124 26
17125 18
17126 20
17127 22
17128 24
17129 24
17130 24
17131 28
17132 34
17133 32
17134 28
17135 26
17136 22
17137 16
17138 14
17139 14
17140 16
17141 18
17142 16
17143 14
17144 12
17145 8
17146 10
17147 8
17148 12
17149 12
17150 12
17151 8
17152 8
17153 12
17154 12
17155 12
17156 16
17157 18
17158 14
17159 16
17160 28
17161 34
17162 28
17163 30
17164 28
17165 36
17166 38
17167 34
17168 26
17169 34
17170 36
17171 42
17172 70
17173 48
17174 78
17175 34
17176 255
17177 255
17178 255
17179 48
17180 32
17181 48
17182 36
17183 26
17184 40
17185 38
17186 38
17187 44
17188 34
17189 30
17190 38
17191 48
17192 46
17193 34
17194 16
17195 14
17196 24
17197 34
17198 58
17199 86
17200 120
17201 80
17202 74
17203 68
17204 208
17205 255
17206 255
17207 255
17208 14
17209 255
17210 255
17211 255
17212 255
17213 190
17214 90
17215 34
17216 32
17217 54
17218 24
17219 60
17220 60
17221 62
17222 86
17223 138
17224 255
17225 224
17226 248
17227 255
17228 255
17229 255
17230 255
17231 160
17232 92
17233 26
17234 22
17235 122
17236 210
17237 255
17238 255
17239 255
17240 255
17241 255
17242 220
17243 156
17244 140
17245 128
17246 74
17247 14
17248 82
17249 104
17250 84
17251 32
17252 60
17253 154
17254 255
17255 255
17256 255
17257 255
17258 254
17259 120
17260 38
17261 8
17262 32
17263 36
17264 24
17265 38
17266 66
17267 108
17268 118
17269 120
17270 122
17271 114
17272 116
17273 130
17274 136
17275 118
17276 90
17277 90
17278 86
17279 78
17280 72
17281 62
17282 52
17283 48
17284 70
17285 86
17286 78
17287 68
17288 116
17289 146
17290 144
17291 196
17292 204
17293 150
17294 68
17295 30
17296 32
17297 24
17298 18
17299 28
17300 28
17301 20
17302 22
17303 20
17304 16
17305 14
17306 14
17307 14
17308 18
17309 26
17310 28
17311 24
17312 22
17313 26
17314 26
17315 22
17316 14
17317 16
17318 28
17319 28
17320 20
17321 20
17322 24
17323 22
17326 40
17327 58
17328 72
17329 68
17330 26
17331 16
17332 54
17333 72
17334 68
17335 54
17336 26
17337 32
17338 26
17339 24
17340 24
17341 26
17342 28
17343 28
17344 30
17345 30
17346 26
17347 22
17348 24
17349 22
17350 20
17351 24
17352 24
17353 24
17354 24
17355 24
17356 24
17357 26
17358 26
17359 22
17360 22
17361 22
17362 16
17363 12
17364 14
17365 14
17366 12
17367 10
17368 8
17369 6
17370 4
17371 8
17372 4
17373 10
17374 8
17375 8
17376 6
17377 6
17378 10
17379 10
17380 12
17381 16
17382 14
17383 6
17384 6
17385 16
17386 22
17387 18
17388 22
17389 22
17390 30
17391 32
17392 30
17393 30
17394 42
17395 42
17396 48
17397 66
17398 44
17399 58
17400 64
17401 192
17402 255
17403 255
17404 202
17405 86
17406 18
17407 46
17408 34
17409 22
17410 10
17411 14
17412 28
17413 28
17414 24
17415 26
17416 36
17417 40
17418 36
17419 22
17420 12
17421 18
17422 26
17423 62
17424 84
17425 108
17426 128
17427 12
17428 84
17429 46
17430 255
17431 255
17432 255
17433 255
17434 186
17435 255
17436 255
17437 255
17438 196
17439 84
17440 26
17441 20
17442 38
17443 10
17444 66
17445 40
17446 6
17447 50
17448 132
17449 255
17450 198
17451 106
17452 255
17453 255
17454 255
17455 76
17456 64
17457 92
17458 74
17459 144
17460 255
17461 255
17462 255
17463 255
17464 255
17465 228
17466 136
17467 76
17468 38
17469 8
17470 40
17471 62
17472 80
17473 54
17474 28
17475 28
17476 44
17477 64
17478 40
17479 40
17480 146
17481 252
17482 255
17483 255
17484 255
17485 178
17486 120
17487 38
17488 20
17489 20
17490 48
17491 96
17492 106
17493 94
17494 98
17495 104
17496 100
17497 100
17498 110
17499 108
17500 82
17501 54
17502 64
17503 70
17504 70
17505 72
17506 68
17507 62
17508 62
17509 64
17510 96
17511 96
17512 70
17513 116
17514 130
17515 96
17516 176
17517 220
17518 178
17519 86
17520 40
17521 32
17522 18
17523 20
17524 24
17525 22
17526 24
17527 24
17528 18
17529 12
17530 12
17531 14
17532 14
17533 16
17534 24
17535 22
17536 20
17537 22
17538 26
17539 28
17540 30
17541 20
17542 16
17543 28
17544 26
17545 16
17546 16
17547 22
17548 20
17551 30
17552 52
17553 88
17554 98
17555 68
17556 52
17557 66
17558 60
17559 42
17560 38
17561 24
17562 28
17563 22
17564 18
17565 16
17566 18
17567 22
17568 24
17569 26
17570 24
17571 20
17572 16
17573 20
17574 22
17575 20
17576 24
17577 22
17578 20
17579 20
17580 18
17581 18
17582 18
17583 18
17584 16
17585 14
17586 18
17587 18
17588 14
17589 10
17590 6
17591 6
17592 8
17593 8
17594 6
17595 4
17596 10
17597 2
17598 8
17599 4
17600 4
17601 4
17602 2
17603 6
17604 4
17605 8
17606 14
17607 14
17608 6
17609 2
17610 8
17611 12
17612 16
17613 14
17614 16
17615 20
17616 24
17617 20
17618 30
17619 38
17620 36
17621 40
17622 44
17623 16
17624 26
17625 72
17626 94
17627 255
17628 255
17629 255
17630 210
17631 26
17632 60
17633 26
17634 6
17635 8
17636 12
17637 22
17638 24
17639 24
17640 24
17641 30
17642 34
17643 36
17644 28
17645 12
17646 14
17647 48
17648 74
17649 48
17650 48
17651 106
17652 70
17653 52
17654 66
17655 224
17656 255
17657 255
17658 255
17659 120
17660 255
17661 255
17662 255
17663 162
17664 60
17665 50
17666 70
17667 84
17668 28
17669 76
17670 108
17671 210
17672 255
17673 255
17674 255
17675 255
17676 255
17677 255
17678 144
17679 62
17680 56
17681 14
17682 38
17683 152
17684 255
17685 255
17686 255
17687 255
17688 242
17689 108
17690 70
17691 36
17692 48
17693 36
17694 22
17695 32
17696 42
17697 18
17698 22
17699 44
17700 56
17701 26
17702 22
17703 66
17704 92
17705 74
17706 18
17707 160
17708 255
17709 255
17710 255
17711 255
17712 156
17713 46
17714 40
17715 68
17716 90
17717 68
17718 50
17719 74
17720 100
17721 108
17722 102
17723 94
17724 76
17725 48
17726 24
17727 30
17728 44
17729 54
17730 64
17731 70
17732 72
17733 82
17734 92
17735 106
17736 116
17737 82
17738 80
17739 82
17740 26
17741 106
17742 180
17743 166
17744 78
17745 32
17746 20
17747 8
17748 26
17749 24
17750 12
17751 20
17752 20
17753 16
17754 10
17755 12
17756 12
17757 10
17758 10
17759 18
17760 18
17761 14
17762 14
17763 18
17764 20
17765 24
17766 18
17767 14
17768 26
17769 26
17770 16
17771 14
17772 18
17773 18
17776 16
17777 38
17778 76
17779 96
17780 78
17781 54
17782 66
17783 60
17784 26
17785 22
17786 28
17787 26
17788 22
17789 18
17790 14
17791 16
17792 20
17793 20
17794 18
17795 14
17796 14
17797 14
17798 22
17799 24
17800 18
17801 22
17802 22
17803 22
17804 22
17805 18
17806 22
17807 24
17808 22
17809 20
17810 14
17811 14
17812 18
17813 16
17814 12
17815 12
17816 8
17817 4
17818 4
17819 2
17820 0
17821 8
17822 2
17823 10
17824 6
17825 6
17826 6
17827 4
17828 8
17829 6
17830 8
17831 10
17832 16
17833 14
17834 8
17835 2
17836 6
17837 12
17838 6
17839 12
17840 12
17841 18
17842 14
17843 18
17844 24
17845 30
17846 28
17847 24
17848 8
17849 40
17850 20
17851 60
17852 220
17853 255
17854 255
17855 255
17856 114
17857 36
17858 44
17859 46
17860 40
17861 32
17862 30
17863 32
17864 26
17865 26
17866 36
17867 44
17868 44
17869 38
17870 30
17871 34
17872 54
17873 44
17874 2
17875 32
17876 62
17877 74
17878 70
17879 88
17880 122
17881 255
17882 255
17883 255
17884 34
17885 255
17886 255
17887 255
17888 240
17889 60
17890 128
17891 118
17892 194
17893 140
17894 222
17895 255
17896 255
17897 255
17898 255
17899 255
17900 255
17901 255
17902 226
17903 230
17904 156
17905 88
17906 66
17907 132
17908 255
17909 255
17910 255
17911 244
17912 146
17913 38
17914 66
17915 96
17916 76
17917 54
17918 16
17919 14
17920 32
17921 28
17922 10
17923 14
17924 6
17925 18
17926 26
17927 26
17928 14
17929 42
17930 96
17931 106
17932 38
17933 84
17934 218
17935 255
17936 255
17937 255
17938 144
17939 54
17940 70
17941 84
17942 62
17943 52
17944 88
17945 116
17946 108
17947 86
17948 78
17949 68
17950 48
17951 28
17952 22
17953 32
17954 42
17955 48
17956 54
17957 68
17958 102
17959 110
17960 104
17961 120
17962 92
17963 26
17964 54
17965 48
17966 114
17967 170
17968 154
17969 72
17970 26
17971 20
17972 8
17973 26
17974 32
17975 16
17976 20
17977 24
17978 24
17979 20
17980 18
17981 16
17982 12
17983 14
17984 18
17985 22
17986 22
17987 18
17988 18
17989 18
17990 16
17991 14
17992 16
17993 26
17994 30
17995 22
17996 18
17997 20
17998 22
18001 10
18002 14
18003 44
18004 64
18005 58
18006 40
18007 40
18008 24
18009 12
18010 30
18011 34
18012 30
18013 30
18014 28
18015 26
18016 24
18017 24
18018 22
18019 22
18020 24
18021 32
18022 32
18023 32
18024 28
18025 20
18026 24
18027 28
18028 30
18029 28
18030 24
18031 30
18032 32
18033 30
18034 30
18035 22
18036 14
18037 14
18038 16
18039 12
18040 12
18041 12
18042 6
18043 6
18044 2
18045 2
18046 12
18047 10
18048 16
18049 14
18050 14
18051 14
18052 14
18053 16
18054 16
18055 16
18056 18
18057 24
18058 16
18059 10
18060 12
18061 6
18062 8
18063 8
18064 6
18065 2
18066 8
18067 14
18068 12
18069 24
18070 30
18071 20
18072 14
18073 24
18074 36
18075 34
18076 14
18077 78
18078 255
18079 255
18080 255
18081 246
18082 82
18083 50
18084 56
18085 68
18086 38
18087 28
18088 38
18089 34
18090 24
18091 30
18092 48
18093 52
18094 46
18095 44
18096 36
18097 22
18098 22
18099 4
18100 30
18101 36
18102 48
18103 40
18104 40
18105 78
18106 255
18107 255
18108 255
18109 124
18110 255
18111 255
18112 255
18113 255
18114 118
18115 255
18116 220
18117 255
18118 255
18119 255
18120 255
18121 255
18122 255
18123 255
18124 255
18125 255
18126 92
18127 255
18128 255
18129 98
18130 96
18131 176
18132 255
18133 255
18134 255
18135 170
18136 76
18137 14
18138 62
18139 86
18140 60
18141 30
18142 40
18143 24
18144 20
18145 36
18146 30
18147 28
18148 42
18149 50
18150 42
18151 26
18152 8
18153 32
18154 14
18155 22
18156 66
18157 94
18158 72
18159 42
18160 182
18161 255
18162 255
18163 226
18164 122
18165 84
18166 116
18167 108
18168 100
18169 126
18170 138
18171 106
18172 80
18173 82
18174 72
18175 50
18176 36
18177 32
18178 32
18179 36
18180 34
18181 56
18182 74
18183 100
18184 94
18185 88
18186 118
18187 102
18188 34
18189 42
18190 96
18191 156
18192 194
18193 158
18194 70
18195 16
18196 18
18197 8
18198 16
18199 32
18200 28
18201 24
18202 28
18203 28
18204 26
18205 24
18206 24
18207 20
18208 26
18209 26
18210 26
18211 28
18212 28
18213 28
18214 26
18215 18
18216 14
18217 18
18218 22
18219 26
18220 22
18221 18
18222 20
18223 26
18226 38
18227 24
18228 32
18229 34
18230 22
18231 10
18232 10
18233 30
18234 50
18235 50
18236 42
18237 40
18238 42
18239 38
18240 38
18241 36
18242 38
18243 38
18244 40
18245 46
18246 50
18247 42
18248 36
18249 30
18250 24
18251 28
18252 34
18253 34
18254 28
18255 24
18256 30
18257 32
18258 30
18259 32
18260 26
18261 16
18262 10
18263 10
18264 8
18265 6
18266 10
18267 10
18268 6
18269 4
18270 8
18271 18
18272 16
18273 16
18274 18
18275 18
18276 18
18277 18
18278 18
18279 18
18280 20
18281 22
18282 18
18283 10
18284 6
18285 16
18286 16
18287 12
18288 6
18289 2
18290 4
18291 4
18292 8
18293 12
18294 28
18295 28
18296 20
18297 10
18298 34
18299 24
18300 44
18301 24
18302 62
18303 156
18304 255
18305 255
18306 255
18307 250
18308 116
18309 34
18310 60
18311 44
18312 26
18313 30
18314 38
18315 30
18316 26
18317 38
18318 46
18319 38
18320 40
18321 40
18322 28
18323 26
18324 26
18325 48
18326 30
18327 24
18328 20
18329 12
18330 88
18331 222
18332 255
18333 255
18334 255
18335 66
18336 255
18337 255
18338 255
18339 178
18340 255
18341 255
18342 255
18343 255
18344 255
18345 255
18346 180
18347 58
18348 158
18349 255
18350 124
18351 255
18352 255
18353 255
18354 168
18355 196
18356 255
18357 255
18358 255
18359 144
18360 52
18361 28
18362 40
18363 42
18364 20
18365 14
18366 36
18367 50
18368 42
18369 30
18370 36
18371 50
18372 56
18373 48
18374 34
18375 42
18376 24
18377 12
18378 30
18379 22
18380 10
18381 34
18382 30
18383 86
18384 78
18385 42
18386 182
18387 255
18388 254
18389 178
18390 108
18391 154
18392 150
18393 130
18394 136
18395 140
18396 104
18397 84
18398 86
18399 66
18400 42
18401 36
18402 34
18403 30
18404 32
18405 32
18406 54
18407 62
18408 68
18409 54
18410 60
18411 110
18412 118
18413 76
18414 68
18415 108
18416 140
18417 150
18418 114
18419 44
18420 6
18421 10
18422 10
18423 12
18424 24
18425 28
18426 26
18427 28
18428 26
18429 24
18430 24
18431 24
18432 22
18433 26
18434 26
18435 24
18436 22
18437 26
18438 34
18439 34
18440 26
18441 22
18442 24
18443 24
18444 24
18445 24
18446 24
18447 22
18448 26
18451 50
18452 42
18453 52
18454 62
18455 58
18456 54
18457 52
18458 52
18459 60
18460 58
18461 46
18462 44
18463 48
18464 46
18465 44
18466 46
18467 46
18468 44
18469 46
18470 48
18471 42
18472 34
18473 28
18474 22
18475 20
18476 26
18477 34
18478 32
18479 24
18480 20
18481 28
18482 32
18483 30
18484 32
18485 28
18486 20
18487 12
18488 6
18489 6
18490 8
18491 12
18492 12
18493 8
18494 8
18495 12
18496 18
18497 14
18498 8
18499 14
18500 14
18501 12
18502 12
18503 14
18504 14
18505 16
18506 16
18507 14
18508 20
18509 18
18510 18
18511 16
18512 16
18513 10
18514 6
18515 4
18516 4
18517 2
18518 10
18519 26
18520 28
18521 22
18522 12
18523 46
18524 32
18525 24
18526 14
18527 58
18528 72
18529 196
18530 255
18531 255
18532 255
18533 246
18534 44
18535 36
18536 32
18537 22
18538 10
18539 16
18540 26
18541 28
18542 24
18543 24
18544 20
18545 28
18546 50
18547 56
18548 50
18549 44
18550 60
18551 32
18552 14
18553 24
18554 24
18555 52
18556 176
18557 255
18558 255
18559 255
18560 180
18561 184
18562 255
18563 255
18564 255
18565 255
18566 210
18567 255
18568 255
18569 255
18570 124
18571 255
18572 92
18573 182
18574 80
18575 255
18576 255
18577 255
18578 156
18579 182
18580 220
18581 255
18582 255
18583 102
18584 26
18585 40
18586 36
18587 50
18588 52
18589 40
18590 42
18591 38
18592 36
18593 34
18594 32
18595 30
18596 44
18597 68
18598 80
18599 76
18600 58
18601 56
18602 40
18603 22
18604 18
18605 38
18606 48
18607 26
18608 42
18609 106
18610 56
18611 86
18612 186
18613 230
18614 182
18615 112
18616 156
18617 138
18618 98
18619 94
18620 102
18621 74
18622 64
18623 74
18624 60
18625 40
18626 36
18627 30
18628 22
18629 20
18630 12
18631 26
18632 28
18633 30
18634 26
18635 22
18636 70
18637 106
18638 102
18639 88
18640 94
18641 90
18642 86
18643 60
18644 26
18645 12
18646 16
18647 10
18648 12
18649 20
18650 22
18651 24
18652 28
18653 26
18654 24
18655 24
18656 22
18657 22
18658 24
18659 24
18660 24
18661 20
18662 20
18663 28
18664 30
18665 24
18666 24
18667 28
18668 30
18669 26
18670 24
18671 28
18672 24
18673 24
18676 34
18677 36
18678 54
18679 68
18680 70
18681 68
18682 54
18683 46
18684 56
18685 52
18686 40
18687 40
18688 42
18689 40
18690 36
18691 36
18692 34
18693 30
18694 36
18695 38
18696 34
18697 30
18698 26
18699 22
18700 18
18701 26
18702 32
18703 28
18704 22
18705 20
18706 28
18707 30
18708 28
18709 34
18710 32
18711 24
18712 16
18713 8
18714 8
18715 10
18716 12
18717 12
18718 6
18719 6
18720 10
18721 12
18722 10
18723 6
18724 8
18725 10
18726 8
18727 8
18728 10
18729 8
18730 8
18731 12
18732 16
18733 18
18734 10
18735 10
18736 16
18737 16
18738 6
18739 10
18740 8
18741 12
18742 8
18743 10
18744 24
18745 30
18746 22
18747 8
18748 30
18749 38
18750 10
18751 30
18752 72
18753 66
18754 8
18755 182
18756 255
18757 255
18758 255
18759 166
18760 42
18761 26
18762 22
18763 4
18764 2
18765 12
18766 20
18767 6
18768 10
18769 16
18770 12
18771 16
18772 34
18773 44
18774 26
18775 62
18776 32
18777 12
18778 34
18779 42
18780 58
18781 122
18782 255
18783 255
18784 255
18785 202
18786 112
18787 255
18788 255
18789 255
18790 255
18791 80
18792 188
18793 255
18794 162
18795 255
18796 255
18797 136
18798 234
18799 178
18800 255
18801 255
18802 178
18803 70
18804 244
18805 196
18806 212
18807 126
18808 8
18809 50
18810 14
18811 22
18812 50
18813 60
18814 54
18815 44
18816 36
18817 26
18818 20
18819 32
18820 42
18821 38
18822 24
18823 38
18824 42
18825 26
18826 22
18827 54
18828 74
18829 64
18830 36
18831 44
18832 68
18833 34
18834 72
18835 78
18836 24
18837 110
18838 166
18839 144
18840 110
18841 138
18842 98
18843 54
18844 60
18845 74
18846 58
18847 58
18848 72
18849 58
18850 38
18851 32
18852 28
18853 24
18854 16
18855 4
18856 22
18857 38
18858 42
18859 48
18860 40
18861 62
18862 68
18863 94
18864 116
18865 118
18866 96
18867 92
18868 80
18869 42
18870 26
18871 22
18872 10
18873 14
18874 18
18875 18
18876 20
18877 24
18878 22
18879 20
18880 22
18881 20
18882 20
18883 24
18884 24
18885 24
18886 22
18887 20
18888 24
18889 28
18890 24
18891 24
18892 26
18893 30
18894 26
18895 20
18896 24
18897 20
18898 18
18901 14
18902 26
18903 40
18904 50
18905 48
18906 38
18907 24
18908 28
18909 44
18910 40
18911 28
18912 28
18913 32
18914 30
18915 28
18916 24
18917 20
18918 18
18919 30
18920 34
18921 32
18922 28
18923 32
18924 30
18925 26
18926 30
18927 34
18928 32
18929 28
18930 26
18931 34
18932 38
18933 34
18934 38
18935 38
18936 34
18937 28
18938 20
18939 18
18940 16
18941 14
18942 16
18943 14
18944 12
18945 12
18946 10
18947 10
18948 8
18949 6
18950 8
18951 8
18952 8
18953 8
18954 6
18955 8
18956 14
18957 12
18958 2
18959 16
18960 18
18961 8
18962 22
18963 32
18964 28
18965 32
18966 44
18967 38
18968 30
18969 24
18970 26
18971 18
18972 14
18973 32
18974 20
18975 28
18976 62
18977 66
18978 24
18979 70
18980 26
18981 226
18982 255
18983 255
18984 255
18985 184
18986 52
18987 20
18988 30
18989 26
18990 36
18991 24
18992 20
18993 40
18994 34
18995 24
18996 22
18997 20
18998 18
18999 20
19000 54
19001 22
19002 16
19003 32
19004 32
19005 28
19006 78
19007 244
19008 255
19009 234
19010 160
19011 38
19012 166
19013 182
19014 248
19015 255
19016 168
19017 162
19018 255
19019 186
19020 255
19021 58
19022 210
19023 80
19024 255
19025 255
19026 255
19027 255
19028 130
19029 255
19030 255
19031 154
19032 14
19033 42
19034 20
19035 18
19036 28
19037 28
19038 36
19039 40
19040 42
19041 44
19042 44
19043 36
19044 36
19045 38
19046 54
19047 60
19048 36
19049 14
19050 14
19051 14
19052 24
19053 48
19054 76
19055 24
19056 36
19057 56
19058 24
19059 82
19060 64
19061 34
19062 88
19063 88
19064 78
19065 100
19066 112
19067 76
19068 56
19069 78
19070 92
19071 80
19072 78
19073 84
19074 64
19075 54
19076 44
19077 38
19078 36
19079 30
19080 24
19081 22
19082 16
19083 10
19084 24
19085 32
19086 56
19087 62
19088 64
19089 100
19090 114
19091 102
19092 94
19093 76
19094 42
19095 26
19096 24
19097 20
19098 22
19099 22
19100 20
19101 22
19102 26
19103 26
19104 22
19105 24
19106 24
19107 22
19108 26
19109 28
19110 28
19111 28
19112 28
19113 32
19114 36
19115 32
19116 32
19117 30
19118 30
19119 28
19120 22
19121 26
19122 26
19123 22
19126 20
19127 28
19128 36
19129 38
19130 30
19131 16
19132 14
19133 26
19134 34
19135 28
19136 16
19137 14
19138 20
19139 24
19140 30
19141 32
19142 24
19143 20
19144 32
19145 32
19146 26
19147 20
19148 26
19149 30
19150 28
19151 30
19152 34
19153 34
19154 30
19155 24
19156 30
19157 38
19158 36
19159 36
19160 36
19161 38
19162 38
19163 32
19164 28
19165 22
19166 16
19167 16
19168 16
19169 16
19170 18
19171 16
19172 14
19173 8
19174 0
19175 0
19176 0
19177 0
19178 0
19179 0
19180 4
19181 10
19182 10
19183 6
19184 12
19185 8
19186 14
19187 26
19188 16
19189 66
19190 124
19191 138
19192 118
19193 120
19194 68
19195 22
19196 16
19197 24
19198 26
19199 18
19200 42
19201 52
19202 32
19203 28
19204 52
19205 62
19206 116
19207 248
19208 255
19209 255
19210 255
19211 210
19212 68
19213 22
19214 60
19215 56
19216 18
19217 52
19218 40
19219 32
19220 48
19221 26
19222 30
19223 34
19224 50
19225 50
19226 4
19227 12
19228 40
19229 82
19230 130
19231 180
19232 255
19233 255
19234 200
19235 180
19236 40
19237 56
19238 152
19239 82
19240 255
19241 216
19242 156
19243 92
19244 116
19245 88
19246 84
19247 184
19248 255
19249 255
19250 255
19251 214
19252 255
19253 255
19254 255
19255 255
19256 82
19257 44
19258 24
19259 36
19260 46
19261 30
19262 22
19263 24
19264 32
19265 38
19266 42
19267 44
19268 48
19269 36
19270 26
19271 48
19272 86
19273 102
19274 78
19275 28
19276 6
19277 20
19278 30
19279 44
19280 34
19281 38
19282 32
19283 50
19284 56
19285 54
19286 46
19287 80
19288 54
19289 22
19290 76
19291 84
19292 68
19293 70
19294 92
19295 108
19296 98
19297 88
19298 82
19299 56
19300 60
19301 56
19302 50
19303 46
19304 36
19305 34
19306 34
19307 24
19308 18
19309 14
19310 22
19311 44
19312 50
19313 52
19314 76
19315 92
19316 92
19317 88
19318 70
19319 44
19320 28
19321 28
19322 40
19323 34
19324 34
19325 32
19326 32
19327 34
19328 38
19329 36
19330 34
19331 32
19332 28
19333 30
19334 32
19335 32
19336 30
19337 28
19338 32
19339 38
19340 38
19341 40
19342 38
19343 32
19344 28
19345 26
19346 30
19347 34
19348 34
19351 32
19352 40
19353 44
19354 40
19355 34
19356 24
19357 28
19358 32
19359 24
19360 18
19361 10
19362 8
19363 12
19364 20
19365 22
19366 36
19367 36
19368 24
19369 28
19370 24
19371 14
19372 10
19373 8
19374 20
19375 22
19376 22
19377 26
19378 28
19379 22
19380 14
19381 20
19382 30
19383 32
19384 28
19385 22
19386 24
19387 32
19388 32
19389 28
19390 20
19391 14
19392 16
19393 16
19394 16
19395 20
19396 20
19397 20
19398 18
19399 12
19400 12
19401 12
19402 12
19403 12
19404 12
19405 16
19406 18
19407 16
19408 6
19409 8
19410 12
19411 4
19412 18
19413 82
19414 172
19415 226
19416 224
19417 182
19418 206
19419 154
19420 76
19421 20
19422 14
19423 14
19424 50
19425 42
19426 32
19427 28
19428 28
19429 24
19430 16
19431 38
19432 104
19433 186
19434 255
19435 255
19436 255
19437 248
19438 76
19439 48
19440 90
19441 72
19442 36
19443 22
19444 34
19445 46
19446 28
19447 10
19448 36
19449 44
19450 24
19451 26
19452 18
19453 106
19454 164
19455 190
19456 206
19457 255
19458 220
19459 148
19460 190
19461 98
19462 48
19463 114
19464 62
19465 255
19466 74
19467 162
19468 106
19469 130
19470 70
19471 54
19472 255
19473 255
19474 255
19475 255
19476 22
19477 128
19478 186
19479 255
19480 136
19481 42
19482 64
19483 102
19484 50
19485 18
19486 16
19487 10
19488 12
19489 20
19490 26
19491 24
19492 14
19493 16
19494 14
19495 8
19496 18
19497 38
19498 58
19499 66
19500 50
19501 30
19502 20
19503 14
19504 20
19505 26
19506 24
19507 28
19508 70
19509 80
19510 52
19511 44
19512 72
19513 64
19514 32
19515 60
19516 68
19517 58
19518 50
19519 70
19520 90
19521 80
19522 66
19523 58
19524 34
19525 50
19526 56
19527 54
19528 42
19529 24
19530 24
19531 28
19532 26
19533 22
19534 22
19535 26
19536 40
19537 38
19538 40
19539 66
19540 82
19541 90
19542 90
19543 74
19544 52
19545 34
19546 42
19547 52
19548 42
19549 40
19550 34
19551 32
19552 32
19553 36
19554 38
19555 38
19556 34
19557 28
19558 26
19559 24
19560 24
19561 22
19562 20
19563 22
19564 28
19565 32
19566 36
19567 38
19568 34
19569 26
19570 24
19571 28
19572 30
19573 32
19576 38
19577 42
19578 44
19579 42
19580 42
19581 40
19582 42
19583 40
19584 32
19585 26
19586 24
19587 32
19588 36
19589 36
19590 34
19591 38
19592 46
19593 42
19594 40
19595 34
19596 22
19597 28
19598 28
19599 32
19600 24
19601 22
19602 24
19603 28
19604 24
19605 18
19606 26
19607 34
19608 40
19609 38
19610 24
19611 14
19612 18
19613 22
19614 24
19615 18
19616 10
19617 12
19618 12
19619 14
19620 20
19621 20
19622 18
19623 16
19624 12
19625 12
19626 14
19627 16
19628 16
19629 14
19630 16
19631 18
19632 20
19633 20
19634 14
19635 4
19636 16
19637 46
19638 132
19639 220
19640 254
19641 218
19642 162
19643 216
19644 192
19645 112
19646 42
19647 16
19648 8
19649 28
19650 20
19651 20
19652 24
19653 40
19654 44
19655 20
19656 22
19657 38
19658 40
19659 166
19660 255
19661 255
19662 255
19663 255
19664 142
19665 44
19666 44
19667 26
19668 20
19669 12
19670 52
19671 64
19672 70
19673 70
19674 50
19675 6
19676 42
19677 34
19678 84
19679 136
19680 176
19681 190
19682 182
19683 158
19684 192
19685 174
19686 86
19687 60
19688 48
19689 96
19690 184
19691 64
19692 216
19693 102
19694 178
19695 154
19696 186
19697 255
19698 255
19699 255
19700 72
19701 120
19702 94
19703 108
19704 42
19705 42
19706 84
19707 72
19708 74
19709 54
19710 12
19711 2
19712 10
19713 12
19714 14
19715 14
19716 16
19717 22
19718 34
19719 28
19720 10
19721 4
19722 14
19723 22
19724 36
19725 46
19726 44
19727 40
19728 36
19729 34
19730 34
19731 16
19732 30
19733 64
19734 78
19735 68
19736 70
19737 102
19738 98
19739 44
19740 60
19741 70
19742 56
19743 38
19744 52
19745 74
19746 64
19747 52
19748 44
19749 24
19750 36
19751 40
19752 46
19753 36
19754 12
19755 8
19756 20
19757 32
19758 38
19759 38
19760 42
19761 46
19762 38
19763 40
19764 56
19765 64
19766 80
19767 90
19768 80
19769 58
19770 32
19771 38
19772 34
19773 28
19774 34
19775 32
19776 30
19777 24
19778 24
19779 30
19780 36
19781 36
19782 34
19783 32
19784 28
19785 26
19786 22
19787 20
19788 18
19789 18
19790 22
19791 28
19792 34
19793 38
19794 34
19795 30
19796 32
19797 34
19798 36
19801 48
19802 48
19803 50
19804 52
19805 56
19806 58
19807 52
19808 52
19809 50
19810 42
19811 50
19812 66
19813 56
19814 48
19815 44
19816 40
19817 46
19818 48
19819 42
19820 38
19821 38
19822 42
19823 48
19824 46
19825 36
19826 36
19827 28
19828 34
19829 30
19830 22
19831 30
19832 36
19833 40
19834 42
19835 34
19836 24
19837 24
19838 24
19839 26
19840 22
19841 12
19842 12
19843 12
19844 14
19845 20
19846 22
19847 18
19848 14
19849 10
19850 8
19851 12
19852 14
19853 14
19854 14
19855 12
19856 14
19857 16
19858 18
19859 24
19860 20
19861 22
19862 52
19863 128
19864 194
19865 190
19866 114
19867 66
19868 138
19869 158
19870 110
19871 46
19872 18
19873 8
19874 34
19875 30
19876 30
19877 26
19878 26
19879 54
19880 70
19881 62
19882 58
19883 20
19884 22
19885 162
19886 255
19887 255
19888 255
19889 255
19890 255
19891 164
19892 118
19893 94
19894 54
19895 34
19896 50
19897 56
19898 24
19899 44
19900 84
19901 116
19902 138
19903 194
19904 255
19905 255
19906 208
19907 60
19908 138
19909 255
19910 166
19911 60
19912 110
19913 70
19914 130
19915 255
19916 255
19917 255
19918 140
19919 140
19920 186
19921 252
19922 255
19923 202
19924 138
19925 94
19926 184
19927 98
19928 220
19929 146
19930 122
19931 88
19932 22
19933 86
19934 48
19935 18
19936 12
19937 14
19938 18
19939 22
19940 20
19941 22
19942 24
19943 26
19944 14
19945 16
19946 6
19947 18
19948 24
19949 22
19950 22
19951 24
19952 28
19953 28
19954 36
19955 48
19956 36
19957 28
19958 50
19959 66
19960 38
19961 20
19962 70
19963 98
19964 72
19965 74
19966 80
19967 58
19968 34
19969 44
19970 68
19971 56
19972 40
19973 28
19974 18
19975 28
19976 28
19977 34
19978 30
19979 6
19980 4
19981 24
19982 40
19983 46
19984 46
19985 46
19986 44
19987 36
19988 40
19989 56
19990 54
19991 60
19992 76
19993 74
19994 56
19995 28
19996 26
19997 16
19998 14
19999 26
20000 30
20001 36
20002 28
20003 20
20004 24
20005 30
20006 32
20007 36
20008 36
20009 32
20010 28
20011 20
20012 18
20013 18
20014 16
20015 18
20016 24
20017 30
20018 32
20019 30
20020 28
20021 28
20022 30
20023 32
20026 46
20027 50
20028 58
20029 62
20030 64
20031 64
20032 58
20033 64
20034 60
20035 52
20036 70
20037 78
20038 62
20039 56
20040 38
20041 42
20042 46
20043 50
20044 44
20045 38
20046 36
20047 44
20048 48
20049 48
20050 46
20051 48
20052 40
20053 36
20054 26
20055 22
20056 26
20057 34
20058 36
20059 34
20060 30
20061 28
20062 34
20063 34
20064 32
20065 28
20066 20
20067 18
20068 18
20069 20
20070 24
20071 28
20072 24
20073 22
20074 18
20075 12
20076 14
20077 12
20078 12
20079 20
20080 20
20081 20
20082 20
20083 14
20084 20
20085 26
20086 24
20087 44
20088 118
20089 180
20090 180
20091 132
20092 122
20093 172
20094 170
20095 110
20096 40
20097 22
20098 16
20099 48
20100 58
20101 50
20102 44
20103 44
20104 46
20105 48
20106 56
20107 44
20108 36
20109 58
20110 84
20111 72
20112 216
20113 255
20114 255
20115 255
20116 255
20117 242
20118 222
20119 224
20120 255
20121 255
20122 252
20123 228
20124 255
20125 255
20126 255
20127 255
20128 255
20129 255
20130 255
20131 210
20132 138
20133 178
20134 255
20135 88
20136 116
20137 110
20138 170
20139 194
20140 244
20141 255
20142 250
20143 255
20144 220
20145 202
20146 255
20147 226
20148 178
20149 156
20150 140
20151 132
20152 26
20153 140
20154 242
20155 158
20156 40
20157 96
20158 56
20159 10
20160 18
20161 24
20162 24
20163 26
20164 34
20165 38
20166 38
20167 32
20168 30
20169 20
20170 6
20171 10
20172 24
20173 24
20174 16
20175 20
20176 28
20177 38
20178 40
20179 48
20180 60
20181 52
20182 14
20183 28
20184 76
20185 78
20186 30
20187 20
20188 70
20189 76
20190 80
20191 74
20192 46
20193 24
20194 36
20195 58
20196 40
20197 20
20198 8
20199 16
20200 34
20201 36
20202 38
20203 36
20204 20
20205 18
20206 36
20207 52
20208 56
20209 50
20210 44
20211 40
20212 32
20213 36
20214 50
20215 48
20216 46
20217 56
20218 56
20219 46
20220 26
20221 26
20222 26
20223 28
20224 34
20225 26
20226 36
20227 36
20228 28
20229 24
20230 24
20231 24
20232 28
20233 30
20234 28
20235 24
20236 14
20237 12
20238 16
20239 16
20240 16
20241 20
20242 26
20243 22
20244 16
20245 16
20246 16
20247 18
20248 16
20251 28
20252 36
20253 48
20254 54
20255 58
20256 60
20257 60
20258 68
20259 62
20260 56
20261 72
20262 66
20263 60
20264 64
20265 54
20266 68
20267 68
20268 76
20269 76
20270 62
20271 44
20272 48
20273 52
20274 50
20275 50
20276 54
20277 48
20278 30
20279 26
20280 30
20281 28
20282 32
20283 38
20284 36
20285 28
20286 24
20287 30
20288 34
20289 36
20290 32
20291 26
20292 24
20293 24
20294 26
20295 28
20296 32
20297 28
20298 26
20299 22
20300 16
20301 16
20302 14
20303 14
20304 18
20305 20
20306 22
20307 24
20308 16
20309 18
20310 24
20311 18
20312 28
20313 104
20314 192
20315 216
20316 176
20317 170
20318 190
20319 166
20320 96
20321 18
20322 30
20323 56
20324 76
20325 68
20326 50
20327 40
20328 38
20329 38
20330 30
20331 26
20332 32
20333 26
20334 76
20335 90
20336 60
20337 90
20338 190
20339 255
20340 255
20341 255
20342 255
20343 255
20344 255
20345 255
20346 255
20347 255
20348 255
20349 255
20350 255
20351 255
20352 255
20353 255
20354 255
20355 255
20356 255
20357 255
20358 132
20359 255
20360 216
20361 162
20362 186
20363 255
20364 255
20365 230
20366 170
20367 136
20368 230
20369 255
20370 255
20371 255
20372 218
20373 230
20374 174
20375 70
20376 50
20377 90
20378 224
20379 236
20380 52
20381 90
20382 46
20383 50
20384 58
20385 36
20386 36
20387 44
20388 46
20389 52
20390 58
20391 60
20392 56
20393 50
20394 44
20395 34
20396 20
20397 14
20398 14
20399 14
20400 18
20401 24
20402 34
20403 40
20404 46
20405 60
20406 68
20407 48
20408 16
20409 46
20410 74
20411 52
20412 30
20413 12
20414 32
20415 52
20416 46
20417 26
20418 18
20419 40
20420 58
20421 36
20422 14
20423 2
20424 20
20425 40
20426 42
20427 40
20428 40
20429 30
20430 26
20431 42
20432 58
20433 58
20434 50
20435 46
20436 46
20437 40
20438 42
20439 52
20440 48
20441 46
20442 44
20443 42
20444 36
20445 22
20446 30
20447 34
20448 42
20449 40
20450 28
20451 34
20452 36
20453 36
20454 32
20455 28
20456 28
20457 30
20458 30
20459 28
20460 24
20461 14
20462 8
20463 10
20464 12
20465 12
20466 16
20467 26
20468 24
20469 16
20470 16
20471 16
20472 18
20473 16
20476 30
20477 40
20478 48
20479 52
20480 58
20481 60
20482 58
20483 60
20484 52
20485 46
20486 54
20487 44
20488 46
20489 60
20490 92
20491 114
20492 120
20493 122
20494 132
20495 112
20496 76
20497 50
20498 52
20499 48
20500 50
20501 56
20502 52
20503 38
20504 34
20505 36
20506 32
20507 32
20508 38
20509 36
20510 26
20511 22
20512 28
20513 32
20514 36
20515 32
20516 26
20517 26
20518 26
20519 28
20520 32
20521 34
20522 32
20523 28
20524 20
20525 16
20526 16
20527 16
20528 14
20529 14
20530 12
20531 16
20532 20
20533 12
20534 12
20535 18
20536 10
20537 12
20538 60
20539 138
20540 182
20541 156
20542 144
20543 140
20544 108
20545 44
20546 30
20547 62
20548 74
20549 76
20550 54
20551 36
20552 30
20553 32
20554 32
20555 18
20556 16
20557 18
20558 10
20559 44
20560 26
20561 82
20562 128
20563 94
20564 128
20565 216
20566 255
20567 255
20568 255
20569 255
20570 255
20571 255
20572 255
20573 255
20574 255
20575 255
20576 255
20577 255
20578 255
20579 100
20580 68
20581 208
20582 255
20583 255
20584 114
20585 68
20586 94
20587 198
20588 255
20589 255
20590 76
20591 154
20592 255
20593 255
20594 255
20595 255
20596 108
20597 182
20598 255
20599 255
20600 238
20601 92
20602 74
20603 142
20604 130
20605 76
20606 48
20607 52
20608 64
20609 46
20610 14
20611 28
20612 34
20613 40
20614 46
20615 54
20616 58
20617 58
20618 52
20619 50
20620 52
20621 42
20622 32
20623 30
20624 26
20625 28
20626 30
20627 36
20628 44
20629 48
20630 56
20631 74
20632 80
20633 64
20634 42
20635 38
20636 46
20637 60
20638 48
20639 30
20640 20
20641 24
20642 22
20643 16
20644 46
20645 60
20646 34
20647 8
20648 6
20649 20
20650 40
20651 38
20652 32
20653 36
20654 28
20655 22
20656 38
20657 50
20658 48
20659 46
20660 48
20661 50
20662 42
20663 38
20664 44
20665 42
20666 42
20667 36
20668 36
20669 32
20670 22
20671 28
20672 32
20673 30
20674 22
20675 24
20676 28
20677 26
20678 28
20679 30
20680 28
20681 26
20682 28
20683 28
20684 24
20685 20
20686 14
20687 6
20688 2
20689 4
20690 4
20691 6
20692 16
20693 18
20694 12
20695 14
20696 16
20697 14
20698 14
20701 48
20702 56
20703 58
20704 60
20705 62
20706 60
20707 52
20708 52
20709 48
20710 40
20711 46
20712 46
20713 58
20714 96
20715 136
20716 170
20717 178
20718 166
20719 188
20720 164
20721 118
20722 80
20723 56
20724 54
20725 56
20726 64
20727 62
20728 50
20729 46
20730 46
20731 40
20732 40
20733 44
20734 38
20735 24
20736 20
20737 28
20738 32
20739 34
20740 32
20741 26
20742 26
20743 26
20744 26
20745 34
20746 38
20747 42
20748 38
20749 26
20750 22
20751 20
20752 20
20753 20
20754 20
20755 16
20756 20
20757 26
20758 18
20759 12
20760 16
20761 18
20762 10
20763 6
20764 52
20765 90
20766 78
20767 66
20768 56
20769 32
20770 14
20771 62
20772 62
20773 50
20774 44
20775 24
20776 20
20777 24
20778 26
20779 24
20780 12
20781 18
20782 22
20783 20
20784 36
20785 22
20786 64
20787 136
20788 130
20789 84
20790 20
20791 46
20792 128
20793 156
20794 106
20795 58
20796 112
20797 84
20798 34
20799 118
20800 255
20801 250
20802 255
20803 255
20804 194
20805 144
20806 104
20807 20
20808 150
20809 236
20810 198
20811 166
20812 148
20813 255
20814 255
20815 122
20816 255
20817 255
20818 255
20819 166
20820 60
20821 118
20822 228
20823 255
20824 255
20825 255
20826 255
20827 255
20828 142
20829 112
20830 86
20831 96
20832 82
20833 22
20834 46
20835 10
20836 20
20837 12
20838 12
20839 12
20840 22
20841 28
20842 32
20843 30
20844 32
20845 42
20846 44
20847 40
20848 40
20849 38
20850 38
20851 44
20852 44
20853 52
20854 54
20855 50
20856 60
20857 82
20858 84
20859 48
20860 22
20861 14
20862 42
20863 58
20864 56
20865 42
20866 24
20867 14
20868 20
20869 48
20870 56
20871 24
20872 10
20873 12
20874 26
20875 42
20876 36
20877 30
20878 36
20879 28
20880 22
20881 34
20882 44
20883 48
20884 50
20885 54
20886 54
20887 40
20888 30
20889 32
20890 32
20891 32
20892 30
20893 28
20894 26
20895 8
20896 8
20897 10
20898 8
20899 8
20900 4
20901 12
20902 14
20903 12
20904 10
20905 12
20906 14
20907 14
20908 24
20909 26
20910 20
20911 16
20912 8
20913 2
20914 4
20915 6
20916 8
20917 14
20918 16
20919 12
20920 16
20921 22
20922 22
20923 20
20926 74
20927 74
20928 70
20929 70
20930 68
20931 64
20932 56
20933 58
20934 52
20935 40
20936 50
20937 58
20938 74
20939 104
20940 142
20941 170
20942 160
20943 140
20944 184
20945 172
20946 132
20947 96
20948 60
20949 62
20950 66
20951 74
20952 72
20953 62
20954 58
20955 56
20956 48
20957 46
20958 50
20959 44
20960 26
20961 20
20962 30
20963 36
20964 34
20965 30
20966 26
20967 26
20968 26
20969 24
20970 30
20971 36
20972 46
20973 44
20974 32
20975 28
20976 24
20977 26
20978 28
20979 28
20980 24
20981 24
20982 30
20983 28
20984 20
20985 18
20986 22
20987 26
20988 24
20989 38
20990 36
20991 8
20992 6
20993 12
20994 24
20995 52
20996 70
20997 50
20998 34
20999 28
21000 16
21001 22
21002 30
21003 28
21004 30
21005 24
21006 22
21007 22
21008 20
21009 12
21010 20
21011 36
21012 60
21013 90
21014 88
21015 60
21016 44
21017 48
21018 56
21019 88
21020 152
21021 254
21022 255
21023 255
21024 255
21025 255
21026 255
21027 255
21028 255
21029 255
21030 255
21031 246
21032 255
21033 234
21034 78
21035 86
21036 118
21037 56
21038 255
21039 255
21040 255
21041 255
21042 255
21043 194
21044 68
21045 156
21046 114
21047 220
21048 255
21049 255
21050 255
21051 255
21052 255
21053 255
21054 60
21055 6
21056 64
21057 108
21058 60
21059 56
21060 38
21061 34
21062 28
21063 22
21064 22
21065 18
21066 18
21067 18
21068 18
21069 16
21070 24
21071 34
21072 36
21073 34
21074 32
21075 30
21076 34
21077 32
21078 40
21079 44
21080 30
21081 22
21082 36
21083 46
21084 38
21085 20
21086 8
21087 14
21088 32
21089 42
21090 42
21091 36
21092 12
21093 12
21094 40
21095 42
21096 10
21097 24
21098 30
21099 40
21100 54
21101 48
21102 42
21103 48
21104 40
21105 32
21106 40
21107 50
21108 54
21109 54
21110 60
21111 58
21112 38
21113 22
21114 20
21115 22
21116 24
21117 28
21118 28
21119 30
21120 12
21121 8
21122 10
21123 12
21124 12
21125 12
21126 18
21127 16
21128 12
21129 12
21130 16
21131 16
21132 8
21133 20
21134 30
21135 22
21136 16
21137 10
21138 8
21139 10
21140 12
21141 16
21142 22
21143 24
21144 22
21145 26
21146 32
21147 34
21148 30
21151 86
21152 84
21153 80
21154 78
21155 74
21156 68
21157 64
21158 62
21159 48
21160 36
21161 48
21162 50
21163 54
21164 74
21165 102
21166 112
21167 84
21168 58
21169 124
21170 128
21171 100
21172 78
21173 50
21174 62
21175 68
21176 78
21177 74
21178 66
21179 64
21180 60
21181 52
21182 48
21183 50
21184 44
21185 24
21186 14
21187 24
21188 34
21189 34
21190 26
21191 22
21192 22
21193 20
21194 20
21195 24
21196 28
21197 38
21198 38
21199 30
21200 28
21201 24
21202 26
21203 30
21204 30
21205 26
21206 22
21207 24
21208 28
21209 24
21210 18
21211 20
21212 24
21213 26
21214 44
21215 42
21216 26
21217 32
21218 44
21219 50
21220 68
21221 74
21222 58
21223 48
21224 40
21225 34
21226 44
21227 48
21228 40
21229 36
21230 28
21231 20
21232 20
21233 10
21234 16
21235 52
21236 42
21237 38
21238 56
21239 52
21240 56
21241 72
21242 90
21243 160
21244 224
21245 255
21246 234
21247 255
21248 255
21249 255
21250 250
21251 206
21252 234
21253 255
21254 255
21255 255
21256 255
21257 255
21258 255
21259 255
21260 255
21261 116
21262 68
21263 126
21264 255
21265 255
21266 255
21267 196
21268 84
21269 106
21270 104
21271 46
21272 180
21273 255
21274 214
21275 255
21276 255
21277 255
21278 255
21279 255
21280 44
21281 34
21282 34
21283 32
21284 40
21285 52
21286 36
21287 24
21288 18
21289 8
21290 4
21291 18
21292 22
21293 20
21294 12
21295 10
21296 20
21297 26
21298 24
21299 18
21300 12
21301 12
21302 6
21303 14
21304 28
21305 34
21306 36
21307 44
21308 50
21309 44
21310 28
21311 6
21312 22
21313 42
21314 42
21315 30
21316 38
21317 30
21318 12
21319 26
21320 32
21321 16
21322 44
21323 46
21324 54
21325 66
21326 56
21327 50
21328 56
21329 48
21330 40
21331 48
21332 56
21333 56
21334 54
21335 60
21336 56
21337 30
21338 16
21339 4
21340 14
21341 24
21342 32
21343 42
21344 50
21345 36
21346 24
21347 26
21348 28
21349 22
21350 20
21351 26
21352 26
21353 26
21354 28
21355 30
21356 30
21357 24
21358 24
21359 30
21360 26
21361 16
21362 10
21363 10
21364 10
21365 10
21366 16
21367 22
21368 24
21369 24
21370 28
21371 34
21372 36
21373 32
21376 80
21377 78
21378 78
21379 80
21380 76
21381 68
21382 62
21383 56
21384 50
21385 44
21386 42
21387 24
21388 16
21389 46
21390 94
21391 114
21392 88
21393 50
21394 104
21395 102
21396 58
21397 32
21398 40
21399 52
21400 56
21401 72
21402 74
21403 68
21404 68
21405 66
21406 58
21407 52
21408 52
21409 46
21410 28
21411 16
21412 20
21413 26
21414 26
21415 20
21416 16
21417 16
21418 16
21419 16
21420 18
21421 20
21422 28
21423 28
21424 22
21425 22
21426 22
21427 26
21428 32
21429 32
21430 30
21431 24
21432 20
21433 24
21434 22
21435 14
21436 18
21437 22
21438 30
21439 36
21440 30
21441 22
21442 32
21443 44
21444 52
21445 68
21446 78
21447 76
21448 70
21449 64
21450 64
21451 70
21452 60
21453 48
21454 36
21455 16
21456 10
21457 20
21458 14
21459 32
21460 46
21461 4
21462 4
21463 36
21464 60
21465 110
21466 210
21467 255
21468 255
21469 255
21470 255
21471 255
21472 255
21473 222
21474 186
21475 218
21476 232
21477 255
21478 255
21479 255
21480 246
21481 204
21482 216
21483 255
21484 255
21485 255
21486 255
21487 50
21488 244
21489 112
21490 98
21491 58
21492 42
21493 86
21494 108
21495 132
21496 84
21497 190
21498 180
21499 212
21500 158
21501 114
21502 255
21503 255
21504 255
21505 255
21506 50
21507 54
21508 52
21509 26
21510 24
21511 20
21512 16
21513 14
21514 8
21515 4
21516 18
21517 30
21518 34
21519 24
21520 16
21521 12
21522 14
21523 18
21524 18
21525 10
21526 6
21527 10
21528 28
21529 46
21530 54
21531 62
21532 76
21533 84
21534 66
21535 36
21536 24
21537 38
21538 48
21539 40
21540 28
21541 20
21542 30
21543 24
21544 26
21545 38
21546 36
21547 50
21548 46
21549 54
21550 56
21551 44
21552 48
21553 54
21554 44
21555 36
21556 46
21557 56
21558 56
21559 50
21560 48
21561 40
21562 12
21563 12
21564 18
21565 22
21566 30
21567 38
21568 54
21569 62
21570 52
21571 46
21572 50
21573 48
21574 48
21575 44
21576 50
21577 46
21578 40
21579 42
21580 44
21581 42
21582 36
21583 30
21584 32
21585 34
21586 22
21587 12
21588 12
21589 12
21590 8
21591 10
21592 14
21593 18
21594 20
21595 24
21596 30
21597 34
21598 30
21601 58
21602 56
21603 58
21604 60
21605 60
21606 56
21607 48
21608 46
21609 46
21610 36
21611 36
21612 28
21613 20
21614 26
21615 68
21616 106
21617 102
21618 80
21619 112
21620 94
21621 42
21622 12
21623 40
21624 38
21625 38
21626 54
21627 62
21628 62
21629 66
21630 68
21631 62
21632 56
21633 56
21634 50
21635 34
21636 24
21637 28
21638 32
21639 26
21640 18
21641 10
21642 8
21643 10
21644 12
21645 18
21646 20
21647 24
21648 26
21649 22
21650 18
21651 18
21652 20
21653 28
21654 30
21655 34
21656 32
21657 30
21658 38
21659 42
21660 38
21661 40
21662 42
21663 34
21664 28
21665 26
21666 24
21667 34
21668 46
21669 58
21670 68
21671 78
21672 76
21673 60
21674 52
21675 52
21676 58
21677 48
21678 56
21679 50
21680 32
21681 32
21682 34
21683 10
21684 18
21685 50
21686 36
21687 46
21688 92
21689 180
21690 248
21691 255
21692 255
21693 255
21694 255
21695 212
21696 174
21697 158
21698 150
21699 148
21700 160
21701 204
21702 214
21703 176
21704 134
21705 118
21706 68
21707 108
21708 102
21709 136
21710 255
21711 255
21712 120
21713 232
21714 255
21715 238
21716 144
21717 194
21718 255
21719 255
21720 255
21721 255
21722 255
21723 255
21724 255
21725 255
21726 255
21727 84
21728 255
21729 255
21730 255
21731 255
21732 138
21733 14
21734 40
21735 22
21736 32
21737 34
21738 30
21739 24
21740 22
21741 30
21742 44
21743 48
21744 40
21745 26
21746 22
21747 24
21748 30
21749 38
21750 34
21751 32
21752 32
21753 64
21754 102
21755 128
21756 136
21757 120
21758 84
21759 48
21760 46
21761 40
21762 50
21763 42
21764 30
21765 24
21766 14
21767 22
21768 34
21769 34
21770 42
21771 48
21772 54
21773 54
21774 56
21775 46
21776 40
21777 46
21778 44
21779 34
21780 32
21781 50
21782 62
21783 58
21784 50
21785 48
21786 40
21787 6
21788 44
21789 74
21790 90
21791 94
21792 90
21793 94
21794 88
21795 68
21796 56
21797 56
21798 50
21799 52
21800 50
21801 56
21802 58
21803 52
21804 50
21805 56
21806 60
21807 56
21808 48
21809 44
21810 44
21811 32
21812 18
21813 14
21814 12
21815 12
21816 10
21817 10
21818 14
21819 16
21820 22
21821 26
21822 28
21823 26
21826 34
21827 36
21828 40
21829 42
21830 42
21831 34
21832 30
21833 36
21834 36
21835 26
21836 34
21837 40
21838 44
21839 48
21840 44
21841 44
21842 56
21843 46
21844 56
21845 32
21846 42
21847 34
21848 48
21849 32
21850 30
21851 40
21852 46
21853 52
21854 62
21855 68
21856 64
21857 58
21858 56
21859 46
21860 28
21861 20
21862 28
21863 36
21864 34
21865 26
21866 14
21867 10
21868 10
21869 10
21870 16
21871 22
21872 22
21873 24
21874 28
21875 22
21876 12
21877 10
21878 16
21879 20
21880 24
21881 26
21882 38
21883 44
21884 54
21885 56
21886 50
21887 44
21888 38
21889 32
21890 38
21891 36
21892 44
21893 56
21894 68
21895 72
21896 78
21897 70
21898 42
21899 24
21900 24
21901 44
21902 44
21903 60
21904 66
21905 42
21906 46
21907 68
21908 52
21909 38
21910 58
21911 74
21912 162
21913 255
21914 255
21915 255
21916 255
21917 238
21918 156
21919 82
21920 106
21921 84
21922 64
21923 86
21924 96
21925 108
21926 104
21927 88
21928 52
21929 50
21930 44
21931 16
21932 76
21933 72
21934 74
21935 255
21936 255
21937 218
21938 44
21939 166
21940 198
21941 254
21942 255
21943 255
21944 255
21945 255
21946 255
21947 255
21948 255
21949 255
21950 255
21951 255
21952 255
21953 116
21954 255
21955 255
21956 255
21957 255
21958 184
21959 28
21960 2
21961 30
21962 32
21963 26
21964 20
21965 20
21966 18
21967 22
21968 22
21969 28
21970 32
21971 28
21972 28
21973 28
21974 26
21975 16
21976 52
21977 94
21978 126
21979 174
21980 196
21981 170
21982 102
21983 74
21984 30
21985 46
21986 58
21987 50
21988 32
21989 20
21990 14
21991 10
21992 18
21993 32
21994 36
21995 42
21996 50
21997 58
21998 62
21999 56
22000 42
22001 40
22002 42
22003 36
22004 30
22005 40
22006 64
22007 70
22008 54
22009 42
22010 46
22011 40
22012 16
22013 64
22014 108
22015 126
22016 102
22017 112
22018 108
22019 94
22020 66
22021 46
22022 44
22023 40
22024 42
22025 40
22026 42
22027 48
22028 50
22029 48
22030 56
22031 68
22032 72
22033 70
22034 64
22035 58
22036 44
22037 28
22038 20
22039 14
22040 16
22041 16
22042 20
22043 20
22044 22
22045 24
22046 24
22047 24
22048 24
22051 30
22052 32
22053 38
22054 40
22055 36
22056 28
22057 30
22058 32
22059 30
22060 28
22061 26
22062 32
22063 42
22064 40
22065 34
22066 26
22067 14
22068 4
22069 16
22070 34
22071 46
22072 46
22073 48
22074 30
22075 38
22076 50
22077 50
22078 52
22079 64
22080 70
22081 66
22082 60
22083 54
22084 42
22085 24
22086 16
22087 22
22088 28
22089 32
22090 28
22091 18
22092 16
22093 16
22094 14
22095 16
22096 22
22097 20
22098 18
22099 24
22100 24
22101 16
22102 10
22103 10
22104 12
22105 10
22106 18
22107 30
22108 36
22109 34
22110 42
22111 38
22112 34
22113 38
22114 38
22115 42
22116 42
22117 52
22118 64
22119 76
22120 80
22121 80
22122 70
22123 42
22124 34
22125 30
22126 58
22127 52
22128 54
22129 70
22130 46
22131 30
22132 48
22133 54
22134 30
22135 80
22136 158
22137 255
22138 255
22139 255
22140 194
22141 114
22142 88
22143 40
22144 34
22145 70
22146 74
22147 48
22148 32
22149 34
22150 46
22151 48
22152 36
22153 20
22154 22
22155 16
22156 14
22157 36
22158 48
22159 90
22160 255
22161 255
22162 222
22163 66
22164 96
22165 64
22166 255
22167 255
22168 255
22169 154
22170 224
22171 255
22172 255
22173 255
22174 255
22175 255
22176 255
22177 255
22178 255
22179 244
22180 255
22181 255
22182 255
22183 255
22184 170
22185 90
22186 62
22187 42
22188 20
22189 2
22190 16
22191 30
22192 32
22193 8
22194 8
22195 14
22196 8
22197 24
22198 56
22199 98
22200 132
22201 170
22202 180
22203 172
22204 174
22205 142
22206 72
22207 72
22208 78
22209 66
22210 48
22211 58
22212 50
22213 32
22214 20
22215 8
22216 10
22217 18
22218 22
22219 34
22220 42
22221 48
22222 52
22223 50
22224 42
22225 34
22226 34
22227 38
22228 38
22229 38
22230 50
22231 64
22232 58
22233 30
22234 16
22235 30
22236 26
22237 18
22238 62
22239 86
22240 68
22241 10
22242 36
22243 48
22244 42
22245 22
22246 18
22247 20
22248 20
22249 22
22250 22
22251 24
22252 30
22253 30
22254 30
22255 42
22256 54
22257 58
22258 68
22259 74
22260 68
22261 52
22262 36
22263 28
22264 20
22265 12
22266 20
22267 20
22268 20
22269 24
22270 24
22271 22
22272 22
22273 22
22276 26
22277 28
22278 34
22279 34
22280 32
22281 30
22282 32
22283 26
22284 20
22285 22
22286 24
22287 34
22288 38
22289 32
22290 34
22291 40
22292 42
22293 44
22294 46
22295 42
22296 38
22297 40
22298 38
22299 36
22300 44
22301 60
22302 62
22303 56
22304 64
22305 66
22306 60
22307 60
22308 58
22309 44
22310 24
22311 18
22312 24
22313 26
22314 28
22315 24
22316 16
22317 14
22318 16
22319 16
22320 20
22321 24
22322 22
22323 22
22324 26
22325 30
22326 28
22327 20
22328 16
22329 16
22330 16
22331 24
22332 32
22333 32
22334 28
22335 28
22336 36
22337 40
22338 44
22339 40
22340 42
22341 46
22342 54
22343 64
22344 76
22345 78
22346 68
22347 58
22348 40
22349 42
22350 38
22351 62
22352 48
22353 44
22354 60
22355 56
22356 40
22357 32
22358 52
22359 54
22360 160
22361 255
22362 255
22363 244
22364 124
22365 92
22366 80
22367 26
22368 38
22369 28
22370 38
22371 44
22372 42
22373 24
22374 16
22375 26
22376 20
22377 8
22378 12
22379 10
22380 26
22381 28
22382 22
22383 34
22384 96
22385 255
22386 255
22387 255
22388 176
22389 28
22390 255
22391 255
22392 255
22393 158
22394 42
22395 60
22396 84
22397 154
22398 252
22399 255
22400 255
22401 255
22402 255
22403 255
22404 255
22405 255
22406 255
22407 236
22408 246
22409 250
22410 250
22411 220
22412 194
22413 162
22414 118
22415 106
22416 98
22417 74
22418 68
22419 54
22420 66
22421 88
22422 120
22423 164
22424 208
22425 228
22426 234
22427 208
22428 160
22429 114
22430 44
22431 36
22432 100
22433 114
22434 64
22435 40
22436 58
22437 50
22438 32
22439 18
22440 4
22441 14
22442 26
22443 36
22444 46
22445 50
22446 52
22447 54
22448 48
22449 42
22450 38
22451 38
22452 44
22453 46
22454 44
22455 46
22456 48
22457 36
22458 14
22459 14
22460 36
22461 38
22462 14
22463 54
22464 100
22465 106
22466 66
22467 82
22468 84
22469 56
22470 12
22471 8
22472 6
22473 10
22474 16
22475 18
22476 20
22477 30
22478 30
22479 28
22480 40
22481 52
22482 48
22483 54
22484 66
22485 66
22486 52
22487 36
22488 28
22489 20
22490 10
22491 14
22492 8
22493 6
22494 12
22495 16
22496 16
22497 16
22498 14
22501 22
22502 28
22503 32
22504 34
22505 34
22506 30
22507 32
22508 28
22509 24
22510 30
22511 32
22512 34
22513 32
22514 26
22515 28
22516 32
22517 38
22518 42
22519 38
22520 34
22521 24
22522 26
22523 28
22524 38
22525 46
22526 58
22527 68
22528 68
22529 74
22530 74
22531 66
22532 64
22533 66
22534 54
22535 30
22536 22
22537 28
22538 30
22539 28
22540 20
22541 14
22542 12
22543 16
22544 16
22545 20
22546 22
22547 20
22548 26
22549 34
22550 40
22551 44
22552 40
22553 34
22554 30
22555 32
22556 38
22557 42
22558 42
22559 38
22560 36
22561 42
22562 48
22563 48
22564 48
22565 48
22566 50
22567 52
22568 62
22569 74
22570 72
22571 60
22572 56
22573 50
22574 42
22575 46
22576 62
22577 46
22578 44
22579 56
22580 62
22581 58
22582 36
22583 46
22584 126
22585 254
22586 255
22587 84
22588 146
22589 216
22590 64
22591 82
22592 52
22593 40
22594 30
22595 34
22596 30
22597 8
22598 32
22599 42
22600 32
22601 16
22602 10
22603 18
22604 22
22605 34
22606 40
22607 38
22608 30
22609 90
22610 255
22611 255
22612 255
22613 238
22614 96
22615 255
22616 255
22617 255
22618 86
22619 20
22620 34
22621 50
22622 40
22623 52
22624 94
22625 152
22626 218
22627 255
22628 255
22629 255
22630 255
22631 255
22632 240
22633 20
22634 124
22635 248
22636 255
22637 255
22638 255
22639 226
22640 184
22641 158
22642 146
22643 150
22644 138
22645 172
22646 196
22647 220
22648 240
22649 244
22650 220
22651 184
22652 132
22653 90
22654 50
22655 36
22656 80
22657 100
22658 88
22659 48
22660 38
22661 52
22662 44
22663 26
22664 8
22665 12
22666 28
22667 44
22668 52
22669 52
22670 56
22671 56
22672 52
22673 44
22674 42
22675 40
22676 40
22677 46
22678 44
22679 38
22680 36
22681 36
22682 30
22683 14
22684 12
22685 32
22686 38
22687 12
22688 40
22689 82
22690 88
22691 58
22692 68
22693 60
22694 22
22695 14
22696 16
22697 8
22698 8
22699 14
22700 22
22701 30
22702 32
22703 40
22704 40
22705 48
22706 60
22707 54
22708 54
22709 62
22710 62
22711 50
22712 36
22713 28
22714 20
22715 6
22716 6
22717 2
22718 4
22719 8
22720 6
22721 4
22722 6
22723 2
22726 16
22727 22
22728 26
22729 32
22730 32
22731 28
22732 32
22733 28
22734 26
22735 34
22736 32
22737 28
22738 24
22739 20
22740 18
22741 20
22742 24
22743 20
22744 18
22745 28
22746 22
22747 22
22748 24
22749 26
22750 44
22751 56
22752 66
22753 74
22754 84
22755 84
22756 78
22757 70
22758 68
22759 60
22760 36
22761 26
22762 30
22763 32
22764 28
22765 18
22766 12
22767 12
22768 18
22769 18
22770 20
22771 20
22772 22
22773 28
22774 34
22775 44
22776 50
22777 50
22778 44
22779 38
22780 40
22781 44
22782 48
22783 52
22784 48
22785 44
22786 46
22787 44
22788 38
22789 44
22790 52
22791 54
22792 56
22793 66
22794 74
22795 68
22796 60
22797 58
22798 54
22799 44
22800 40
22801 44
22802 34
22803 34
22804 56
22805 64
22806 56
22807 44
22808 90
22809 204
22810 255
22811 162
22812 182
22813 255
22814 255
22815 255
22816 46
22817 76
22818 52
22819 56
22820 78
22821 28
22822 30
22823 44
22824 34
22825 34
22826 14
22827 8
22828 6
22829 14
22830 16
22831 26
22832 28
22833 24
22834 76
22835 238
22836 255
22837 255
22838 232
22839 252
22840 255
22841 255
22842 212
22843 36
22844 10
22845 50
22846 32
22847 12
22848 16
22849 16
22850 14
22851 44
22852 92
22853 144
22854 192
22855 212
22856 206
22857 198
22858 236
22859 168
22860 46
22861 48
22862 116
22863 170
22864 188
22865 176
22866 162
22867 162
22868 174
22869 196
22870 220
22871 220
22872 214
22873 196
22874 160
22875 112
22876 54
22877 16
22878 48
22879 78
22880 90
22881 84
22882 74
22883 64
22884 48
22885 44
22886 50
22887 42
22888 20
22889 2
22890 26
22891 44
22892 56
22893 52
22894 44
22895 50
22896 48
22897 40
22898 34
22899 34
22900 32
22901 30
22902 30
22903 24
22904 20
22905 20
22906 22
22907 26
22908 10
22909 20
22910 34
22911 48
22912 34
22913 12
22914 56
22915 66
22916 42
22917 40
22918 26
22919 10
22920 26
22921 14
22922 8
22923 12
22924 20
22925 24
22926 28
22927 30
22928 30
22929 36
22930 48
22931 60
22932 56
22933 60
22934 70
22935 68
22936 54
22937 40
22938 32
22939 22
22940 8
22941 2
22942 8
22943 10
22944 12
22945 12
22946 10
22947 8
22948 4
22951 8
22952 12
22953 16
22954 22
22955 22
22956 20
22957 22
22958 20
22959 22
22960 26
22961 20
22962 16
22963 14
22964 14
22965 14
22966 18
22967 18
22968 10
22969 8
22970 16
22971 18
22972 20
22973 20
22974 20
22975 28
22976 46
22977 56
22978 64
22979 78
22980 80
22981 76
22982 66
22983 60
22984 54
22985 32
22986 22
22987 26
22988 28
22989 22
22990 14
22991 10
22992 12
22993 18
22994 16
22995 16
22996 16
22997 22
22998 28
22999 24
23000 32
23001 40
23002 40
23003 36
23004 30
23005 36
23006 46
23007 52
23008 56
23009 52
23010 46
23011 42
23012 34
23013 32
23014 40
23015 46
23016 48
23017 50
23018 56
23019 62
23020 58
23021 52
23022 44
23023 38
23024 34
23025 24
23026 20
23027 20
23028 32
23029 48
23030 72
23031 48
23032 64
23033 136
23034 230
23035 224
23036 70
23037 255
23038 255
23039 255
23040 255
23041 104
23042 64
23043 34
23044 24
23045 104
23046 96
23047 62
23048 28
23049 8
23050 24
23051 28
23052 16
23053 4
23054 10
23055 4
23056 12
23057 18
23058 18
23059 60
23060 224
23061 255
23062 255
23063 222
23064 255
23065 255
23066 255
23067 108
23068 60
23069 32
23070 54
23071 24
23072 28
23073 22
23074 6
23075 28
23076 34
23077 12
23078 16
23079 34
23080 38
23081 22
23082 66
23083 174
23084 255
23085 255
23086 178
23087 80
23088 22
23089 74
23090 92
23091 84
23092 92
23093 136
23094 158
23095 136
23096 112
23097 84
23098 52
23099 14
23100 34
23101 62
23102 88
23103 100
23104 108
23105 90
23106 64
23107 54
23108 54
23109 48
23110 46
23111 48
23112 36
23113 12
23114 10
23115 36
23116 52
23117 56
23118 50
23119 44
23120 48
23121 44
23122 34
23123 30
23124 30
23125 24
23126 20
23127 12
23128 6
23129 12
23130 20
23131 28
23132 26
23133 4
23134 14
23135 20
23136 50
23137 56
23138 26
23139 32
23140 30
23141 18
23142 10
23143 2
23144 20
23145 30
23146 10
23147 10
23148 24
23149 26
23150 22
23151 24
23152 24
23153 24
23154 24
23155 36
23156 50
23157 48
23158 56
23159 70
23160 72
23161 60
23162 44
23163 36
23164 24
23165 12
23166 6
23167 8
23168 10
23169 10
23170 8
23171 4
23172 2
23173 2
23176 6
23177 8
23178 12
23179 18
23180 18
23181 12
23182 16
23183 20
23184 22
23185 22
23186 16
23187 14
23188 16
23189 18
23190 20
23191 20
23192 16
23193 14
23194 16
23195 14
23196 16
23197 14
23198 14
23199 18
23200 18
23201 34
23202 46
23203 56
23204 72
23205 76
23206 78
23207 66
23208 52
23209 50
23210 34
23211 24
23212 24
23213 24
23214 20
23215 12
23216 8
23217 12
23218 16
23219 14
23220 14
23221 16
23222 18
23223 18
23224 8
23225 8
23226 18
23227 20
23228 20
23229 20
23230 32
23231 42
23232 40
23233 38
23234 36
23235 34
23236 32
23237 32
23238 40
23239 46
23240 44
23241 44
23242 44
23243 48
23244 56
23245 54
23246 46
23247 32
23248 28
23249 30
23250 10
23251 14
23252 16
23253 40
23254 28
23255 70
23256 48
23257 88
23258 168
23259 216
23260 150
23261 42
23262 255
23263 255
23264 255
23265 255
23266 66
23267 60
23268 32
23269 22
23270 32
23271 88
23272 86
23273 40
23274 14
23275 14
23276 20
23277 20
23278 16
23279 8
23280 12
23281 18
23282 16
23283 32
23284 46
23285 208
23286 255
23287 255
23288 130
23289 255
23290 255
23291 255
23292 64
23293 74
23294 50
23295 50
23296 28
23297 30
23298 20
23299 24
23300 46
23301 46
23302 32
23303 6
23304 26
23305 56
23306 56
23307 34
23308 70
23309 110
23310 212
23311 222
23312 184
23313 124
23314 42
23315 36
23316 6
23317 22
23318 54
23319 42
23320 20
23321 28
23322 42
23323 56
23324 80
23325 94
23326 102
23327 102
23328 92
23329 80
23330 56
23331 40
23332 40
23333 40
23334 34
23335 36
23336 34
23337 22
23338 12
23339 18
23340 40
23341 50
23342 46
23343 38
23344 30
23345 32
23346 28
23347 18
23348 14
23349 14
23350 12
23351 12
23352 8
23353 2
23354 8
23355 16
23356 26
23357 26
23358 4
23359 14
23360 8
23361 34
23362 54
23363 44
23364 40
23365 40
23366 22
23367 14
23368 20
23369 34
23370 34
23371 14
23372 16
23373 34
23374 26
23375 18
23376 18
23377 18
23378 16
23379 10
23380 18
23381 38
23382 36
23383 44
23384 62
23385 68
23386 62
23387 48
23388 38
23389 22
23390 16
23391 14
23392 14
23393 12
23394 6
23395 6
23396 6
23397 6
23398 8
23401 16
23402 16
23403 18
23404 22
23405 24
23406 20
23407 16
23408 18
23409 18
23410 20
23411 18
23412 20
23413 26
23414 28
23415 28
23416 22
23417 18
23418 24
23419 26
23420 20
23421 18
23422 18
23423 18
23424 22
23425 22
23426 34
23427 42
23428 52
23429 68
23430 70
23431 80
23432 76
23433 58
23434 52
23435 38
23436 36
23437 38
23438 30
23439 26
23440 18
23441 8
23442 10
23443 14
23444 14
23445 10
23446 14
23447 12
23448 10
23449 2
23450 4
23451 8
23452 10
23453 10
23454 18
23455 32
23456 36
23457 28
23458 28
23459 32
23460 32
23461 32
23462 38
23463 48
23464 52
23465 48
23466 48
23467 48
23468 52
23469 60
23470 56
23471 40
23472 22
23473 28
23474 40
23475 16
23476 26
23477 30
23478 52
23479 24
23480 62
23481 40
23482 94
23483 184
23484 188
23485 90
23486 24
23487 255
23488 255
23489 255
23490 255
23491 42
23492 28
23493 34
23494 28
23495 70
23496 20
23497 74
23498 42
23499 14
23500 14
23501 16
23502 10
23503 16
23504 16
23505 20
23506 14
23507 6
23508 34
23509 26
23510 196
23511 255
23512 255
23513 194
23514 255
23515 255
23516 204
23517 42
23518 44
23519 56
23520 24
23521 4
23522 24
23523 24
23524 20
23525 10
23526 36
23527 54
23528 44
23529 32
23530 46
23531 2
23532 58
23533 50
23534 28
23535 78
23536 118
23537 152
23538 160
23539 110
23540 54
23541 38
23542 42
23543 68
23544 76
23545 100
23546 92
23547 76
23548 66
23549 70
23550 68
23551 66
23552 64
23553 56
23554 52
23555 46
23556 42
23557 42
23558 36
23559 28
23560 26
23561 24
23562 20
23563 12
23564 18
23565 36
23566 42
23567 34
23568 26
23569 22
23570 28
23571 28
23572 18
23573 10
23574 8
23575 6
23576 10
23577 6
23578 4
23579 4
23580 12
23581 24
23582 30
23583 14
23584 24
23585 16
23586 20
23587 38
23588 40
23589 36
23590 42
23591 30
23592 28
23593 38
23594 38
23595 32
23596 20
23597 20
23598 24
23599 18
23600 10
23601 8
23602 14
23603 6
23604 2
23605 4
23606 26
23607 22
23608 28
23609 52
23610 60
23611 60
23612 56
23613 50
23614 34
23615 18
23616 22
23617 22
23618 14
23619 10
23620 10
23621 6
23622 14
23623 16
23626 24
23627 22
23628 22
23629 24
23630 24
23631 20
23632 20
23633 20
23634 18
23635 20
23636 20
23637 22
23638 26
23639 28
23640 26
23641 20
23642 20
23643 26
23644 24
23645 18
23646 20
23647 20
23648 22
23649 22
23650 24
23651 38
23652 44
23653 52
23654 68
23655 70
23656 80
23657 82
23658 68
23659 54
23660 36
23661 38
23662 48
23663 40
23664 32
23665 24
23666 12
23667 12
23668 18
23669 18
23670 12
23671 14
23672 10
23673 10
23674 4
23675 6
23676 12
23677 14
23678 18
23679 24
23680 34
23681 40
23682 44
23683 54
23684 54
23685 46
23686 44
23687 48
23688 56
23689 58
23690 52
23691 52
23692 52
23693 54
23694 58
23695 52
23696 34
23697 24
23698 38
23699 60
23700 34
23701 48
23702 32
23703 52
23704 30
23705 60
23706 32
23707 100
23708 194
23709 160
23710 52
23711 26
23712 100
23713 194
23714 200
23715 44
23716 54
23717 68
23718 32
23719 80
23720 102
23721 94
23722 70
23723 26
23724 10
23725 18
23726 26
23727 16
23728 18
23729 18
23730 8
23731 8
23732 8
23733 42
23734 14
23735 214
23736 255
23737 255
23738 238
23739 255
23740 255
23741 116
23742 24
23743 18
23744 44
23745 34
23746 20
23747 32
23748 24
23749 22
23750 20
23751 8
23752 28
23753 52
23754 50
23755 32
23756 48
23757 58
23758 18
23759 56
23760 46
23761 62
23762 126
23763 172
23764 170
23765 118
23766 70
23767 46
23768 50
23769 86
23770 88
23771 68
23772 46
23773 34
23774 30
23775 28
23776 22
23777 22
23778 30
23779 44
23780 50
23781 48
23782 44
23783 34
23784 24
23785 20
23786 22
23787 18
23788 12
23789 18
23790 30
23791 36
23792 36
23793 32
23794 28
23795 28
23796 28
23797 20
23798 14
23799 12
23800 6
23801 8
23802 4
23803 4
23804 6
23805 8
23806 18
23807 26
23808 16
23809 18
23810 12
23811 10
23812 22
23813 30
23814 34
23815 38
23816 32
23817 34
23818 38
23819 32
23820 28
23821 22
23822 16
23823 14
23824 14
23825 4
23826 2
23827 12
23828 4
23829 8
23830 12
23831 40
23832 38
23833 36
23834 48
23835 42
23836 44
23837 48
23838 48
23839 36
23840 30
23841 36
23842 32
23843 26
23844 26
23845 8
23846 2
23847 18
23848 12
23851 18
23852 18
23853 18
23854 20
23855 26
23856 26
23857 32
23858 34
23859 28
23860 26
23861 22
23862 18
23863 16
23864 16
23865 12
23866 10
23867 16
23868 18
23869 12
23870 8
23871 14
23872 16
23873 14
23874 14
23875 18
23876 32
23877 44
23878 54
23879 70
23880 76
23881 82
23882 82
23883 72
23884 56
23885 34
23886 32
23887 44
23888 42
23889 36
23890 30
23891 20
23892 18
23893 22
23894 20
23895 16
23896 20
23897 12
23898 14
23899 12
23900 12
23901 14
23902 16
23903 28
23904 34
23905 42
23906 52
23907 62
23908 68
23909 56
23910 48
23911 52
23912 56
23913 62
23914 60
23915 52
23916 52
23917 52
23918 52
23919 52
23920 46
23921 32
23922 38
23923 50
23924 74
23925 34
23926 54
23927 16
23928 48
23929 34
23930 56
23931 32
23932 114
23933 202
23934 142
23935 28
23936 26
23937 24
23938 52
23939 46
23940 80
23941 26
23942 82
23943 14
23944 122
23945 8
23946 94
23947 42
23948 4
23949 22
23950 24
23951 20
23952 16
23953 22
23954 18
23955 12
23956 12
23957 8
23958 28
23959 30
23960 255
23961 255
23962 255
23963 255
23964 255
23965 248
23966 70
23967 24
23968 34
23969 26
23970 34
23971 18
23972 40
23973 48
23974 32
23975 14
23976 10
23977 34
23978 56
23979 42
23980 22
23981 46
23982 12
23983 22
23984 16
23985 54
23986 86
23987 104
23988 148
23989 174
23990 146
23991 92
23992 50
23993 62
23994 64
23995 44
23996 38
23997 40
23998 34
23999 18
24000 20
24001 14
24002 20
24003 34
24004 42
24005 40
24006 34
24007 28
24008 20
24009 16
24010 18
24011 14
24012 14
24013 14
24014 18
24015 26
24016 30
24017 28
24018 32
24019 34
24020 30
24021 28
24022 20
24023 14
24024 12
24025 4
24026 6
24027 4
24028 4
24029 12
24030 10
24031 6
24032 14
24033 16
24034 6
24035 4
24036 6
24037 14
24038 24
24039 30
24040 28
24041 24
24042 20
24043 18
24044 18
24045 18
24046 16
24047 14
24048 12
24049 10
24050 6
24051 10
24052 18
24053 22
24054 24
24055 28
24056 58
24057 58
24058 52
24059 58
24060 52
24061 50
24062 54
24063 60
24064 56
24065 60
24066 64
24067 54
24068 46
24069 52
24070 26
24071 14
24072 28
24073 30
24076 14
24077 16
24078 18
24079 26
24080 28
24081 28
24082 36
24083 34
24084 22
24085 18
24086 14
24087 8
24088 10
24089 14
24090 14
24091 12
24092 14
24093 10
24094 2
24095 0
24096 6
24097 8
24098 4
24099 4
24100 8
24101 18
24102 30
24103 42
24104 58
24105 66
24106 76
24107 80
24108 72
24109 58
24110 36
24111 32
24112 42
24113 40
24114 36
24115 30
24116 20
24117 16
24118 16
24119 14
24120 10
24121 16
24122 14
24123 22
24124 24
24125 24
24126 26
24127 34
24128 46
24129 48
24130 54
24131 64
24132 70
24133 66
24134 48
24135 42
24136 50
24137 56
24138 58
24139 54
24140 48
24141 48
24142 50
24143 50
24144 48
24145 44
24146 36
24147 44
24148 50
24149 66
24150 22
24151 56
24152 22
24153 58
24154 40
24155 48
24156 22
24157 112
24158 192
24159 116
24160 34
24161 34
24162 14
24163 78
24164 58
24165 68
24166 64
24167 80
24168 20
24169 106
24170 120
24171 10
24172 64
24173 24
24174 14
24175 30
24176 24
24177 20
24178 16
24179 28
24180 22
24181 30
24182 20
24183 20
24184 52
24185 255
24186 255
24187 255
24188 255
24189 255
24190 234
24191 48
24192 46
24193 42
24194 36
24195 44
24196 14
24197 10
24198 12
24199 12
24200 22
24201 26
24202 26
24203 28
24204 48
24205 44
24206 20
24207 30
24208 30
24209 20
24210 46
24211 38
24212 12
24213 56
24214 112
24215 134
24216 110
24217 70
24218 66
24219 60
24220 48
24221 50
24222 62
24223 62
24224 38
24225 24
24226 18
24227 24
24228 34
24229 34
24230 26
24231 18
24232 14
24233 14
24234 16
24235 16
24236 6
24237 4
24238 12
24239 14
24240 18
24241 22
24242 18
24243 22
24244 32
24245 32
24246 28
24247 22
24248 16
24249 12
24250 4
24251 4
24252 2
24253 10
24254 16
24255 10
24256 6
24257 10
24258 16
24259 14
24260 6
24261 12
24262 20
24263 26
24264 26
24265 22
24266 18
24267 14
24268 14
24269 16
24270 16
24271 12
24272 12
24273 6
24274 4
24275 14
24276 18
24277 18
24278 28
24279 28
24280 36
24281 68
24282 66
24283 50
24284 54
24285 54
24286 60
24287 70
24288 76
24289 72
24290 78
24291 80
24292 62
24293 54
24294 70
24295 52
24296 34
24297 38
24298 40
24301 22
24302 24
24303 28
24304 32
24305 32
24306 30
24307 36
24308 32
24309 18
24310 14
24311 12
24312 8
24313 6
24314 8
24315 8
24316 10
24317 16
24318 18
24319 10
24320 2
24321 8
24322 6
24323 4
24324 4
24325 10
24326 24
24327 30
24328 32
24329 42
24330 52
24331 68
24332 78
24333 74
24334 64
24335 44
24336 38
24337 42
24338 34
24339 30
24340 24
24341 12
24342 10
24343 14
24344 16
24345 12
24346 16
24347 22
24348 36
24349 36
24350 36
24351 40
24352 50
24353 60
24354 60
24355 64
24356 72
24357 72
24358 60
24359 42
24360 38
24361 48
24362 54
24363 54
24364 52
24365 48
24366 48
24367 52
24368 50
24369 44
24370 40
24371 36
24372 40
24373 38
24374 50
24375 16
24376 52
24377 34
24378 64
24379 30
24380 42
24381 10
24382 108
24383 182
24384 102
24385 34
24386 38
24387 54
24388 30
24389 50
24390 24
24391 44
24392 20
24393 36
24394 40
24395 154
24396 104
24397 54
24398 34
24399 14
24400 18
24401 30
24402 22
24403 10
24404 18
24405 16
24406 22
24407 10
24408 6
24409 52
24410 246
24411 255
24412 255
24413 255
24414 255
24415 242
24416 42
24417 46
24418 22
24419 20
24420 32
24421 10
24422 18
24423 18
24424 20
24425 26
24426 22
24427 8
24428 16
24429 32
24430 36
24431 40
24432 36
24433 14
24434 22
24435 60
24436 68
24437 48
24438 52
24439 60
24440 112
24441 116
24442 84
24443 42
24444 42
24445 42
24446 40
24447 58
24448 70
24449 60
24450 46
24451 38
24452 36
24453 40
24454 34
24455 24
24456 18
24457 18
24458 20
24459 18
24460 12
24461 4
24462 4
24463 8
24464 4
24465 8
24466 20
24467 18
24468 18
24469 28
24470 32
24471 28
24472 24
24473 22
24474 20
24475 14
24476 6
24477 6
24478 8
24479 8
24480 2
24481 10
24482 14
24483 14
24484 26
24485 24
24486 30
24487 32
24488 32
24489 30
24490 28
24491 28
24492 28
24493 26
24494 24
24495 18
24496 14
24497 14
24498 6
24499 10
24500 20
24501 24
24502 22
24503 26
24504 26
24505 36
24506 68
24507 68
24508 52
24509 60
24510 68
24511 76
24512 84
24513 86
24514 80
24515 82
24516 74
24517 48
24518 42
24519 62
24520 52
24521 38
24522 40
24523 40
24526 20
24527 26
24528 32
24529 36
24530 38
24531 34
24532 36
24533 38
24534 30
24535 24
24536 20
24537 14
24538 12
24539 16
24540 10
24541 4
24542 10
24543 18
24544 18
24545 8
24546 10
24547 0
24548 10
24549 14
24550 24
24551 38
24552 40
24553 38
24554 42
24555 42
24556 54
24557 68
24558 70
24559 62
24560 44
24561 34
24562 32
24563 20
24564 20
24565 20
24566 4
24567 4
24568 16
24569 22
24570 22
24571 24
24572 38
24573 46
24574 40
24575 40
24576 44
24577 52
24578 60
24579 60
24580 62
24581 64
24582 58
24583 46
24584 34
24585 36
24586 46
24587 48
24588 48
24589 46
24590 44
24591 46
24592 48
24593 44
24594 36
24595 34
24596 30
24597 32
24598 24
24599 34
24600 10
24601 30
24602 36
24603 46
24604 14
24605 44
24606 4
24607 110
24608 174
24609 94
24610 20
24611 22
24612 58
24613 90
24614 72
24615 58
24616 22
24617 36
24618 32
24619 62
24620 60
24621 100
24622 34
24623 14
24624 28
24625 22
24626 22
24627 24
24628 20
24629 8
24630 8
24631 14
24632 6
24633 4
24634 48
24635 218
24636 255
24637 255
24638 255
24639 255
24640 255
24641 64
24642 26
24643 18
24644 24
24645 20
24646 22
24647 16
24648 20
24649 38
24650 48
24651 30
24652 12
24653 24
24654 26
24655 26
24656 24
24657 40
24658 46
24659 32
24660 10
24661 40
24662 34
24663 12
24664 30
24665 76
24666 92
24667 74
24668 36
24669 6
24670 24
24671 12
24672 18
24673 38
24674 42
24675 42
24676 44
24677 36
24678 38
24679 34
24680 28
24681 24
24682 24
24683 24
24684 18
24685 10
24686 6
24687 8
24688 10
24689 6
24690 10
24691 20
24692 20
24693 20
24694 28
24695 32
24696 30
24697 28
24698 28
24699 28
24700 26
24701 16
24702 14
24703 20
24704 18
24705 10
24706 14
24707 20
24708 18
24709 24
24710 36
24711 38
24712 32
24713 30
24714 34
24715 36
24716 32
24717 34
24718 28
24719 20
24720 16
24721 16
24722 16
24723 18
24724 18
24725 26
24726 34
24727 30
24728 32
24729 32
24730 42
24731 74
24732 76
24733 62
24734 72
24735 82
24736 84
24737 88
24738 86
24739 76
24740 66
24741 48
24742 24
24743 22
24744 40
24745 34
24746 26
24747 30
24748 26
24751 10
24752 14
24753 24
24754 28
24755 32
24756 30
24757 26
24758 26
24759 26
24760 24
24761 20
24762 18
24763 14
24764 14
24765 4
24766 6
24767 10
24768 20
24769 26
24770 18
24771 6
24772 10
24773 16
24774 18
24775 28
24776 42
24777 40
24778 32
24779 38
24780 44
24781 44
24782 52
24783 56
24784 52
24785 44
24786 44
24787 46
24788 30
24789 26
24790 16
24791 4
24792 10
24793 24
24794 34
24795 36
24796 36
24797 44
24798 44
24799 36
24800 38
24801 44
24802 50
24803 56
24804 56
24805 56
24806 52
24807 44
24808 36
24809 28
24810 32
24811 38
24812 36
24813 36
24814 34
24815 36
24816 38
24817 36
24818 30
24819 22
24820 20
24821 24
24822 28
24823 14
24824 12
24825 8
24826 2
24827 22
24828 12
24829 26
24830 40
24831 22
24832 112
24833 164
24834 94
24835 18
24836 18
24837 6
24838 26
24839 32
24840 6
24841 38
24842 16
24843 10
24844 40
24845 38
24846 38
24847 44
24848 18
24849 46
24850 18
24851 22
24852 32
24853 12
24854 24
24855 34
24856 26
24857 22
24858 14
24859 38
24860 120
24861 255
24862 255
24863 224
24864 255
24865 255
24866 106
24867 36
24868 24
24869 18
24870 36
24871 50
24872 20
24873 20
24874 22
24875 48
24876 46
24877 24
24878 4
24879 18
24880 16
24881 8
24882 8
24883 18
24884 28
24885 18
24886 14
24887 30
24888 22
24889 2
24890 32
24891 56
24892 56
24893 40
24894 10
24895 26
24896 20
24897 6
24898 18
24899 16
24900 16
24901 24
24902 24
24903 26
24904 26
24905 22
24906 22
24907 24
24908 22
24909 12
24910 6
24911 6
24912 10
24913 10
24914 6
24915 10
24916 18
24917 16
24918 20
24919 32
24920 34
24921 30
24922 26
24923 26
24924 28
24925 34
24926 24
24927 14
24928 24
24929 24
24930 14
24931 16
24932 24
24933 28
24934 32
24935 32
24936 28
24937 20
24938 22
24939 32
24940 36
24941 22
24942 24
24943 18
24944 14
24945 12
24946 14
24947 18
24948 22
24949 20
24950 32
24951 44
24952 38
24953 36
24954 36
24955 46
24956 76
24957 72
24958 50
24959 54
24960 60
24961 60
24962 62
24963 58
24964 48
24965 36
24966 24
24967 14
24968 18
24969 26
24970 16
24971 16
24972 24
24973 14
24976 10
24977 12
24978 20
24979 26
24980 32
24981 30
24982 26
24983 22
24984 20
24985 24
24986 24
24987 24
24988 20
24989 12
24990 4
24991 14
24992 12
24993 16
24994 28
24995 24
24996 10
24997 14
24998 22
24999 24
25000 28
25001 34
25002 26
25003 22
25004 36
25005 40
25006 38
25007 42
25008 46
25009 44
25010 44
25011 50
25012 42
25013 24
25014 16
25015 8
25016 10
25017 22
25018 40
25019 50
25020 48
25021 42
25022 38
25023 40
25024 44
25025 44
25026 50
25027 56
25028 58
25029 56
25030 52
25031 46
25032 42
25033 38
25034 32
25035 38
25036 44
25037 38
25038 38
25039 40
25040 40
25041 36
25042 30
25043 22
25044 18
25045 14
25046 16
25047 20
25048 16
25049 12
25050 12
25051 6
25052 28
25053 18
25054 28
25055 26
25056 34
25057 116
25058 166
25059 86
25060 14
25061 20
25062 22
25063 36
25064 30
25065 46
25066 26
25067 12
25068 18
25069 14
25070 16
25071 30
25072 28
25073 22
25074 24
25075 18
25076 42
25077 28
25078 8
25079 36
25080 26
25081 22
25082 34
25083 36
25084 58
25085 78
25086 255
25087 255
25088 188
25089 255
25090 255
25091 112
25092 42
25093 26
25094 32
25095 20
25096 48
25097 20
25098 10
25099 10
25100 30
25101 36
25102 32
25103 24
25104 16
25105 12
25106 12
25107 12
25108 32
25109 38
25110 38
25111 20
25112 40
25113 40
25114 24
25115 32
25116 44
25117 52
25118 46
25119 26
25120 44
25121 34
25122 20
25123 28
25124 22
25125 12
25126 12
25127 14
25128 20
25129 22
25130 22
25131 26
25132 24
25133 14
25134 6
25135 4
25136 0
25137 6
25138 8
25139 6
25140 8
25141 14
25142 10
25143 14
25144 30
25145 34
25146 32
25147 28
25148 26
25149 26
25150 36
25151 36
25152 22
25153 24
25154 30
25155 28
25156 24
25157 26
25158 32
25159 34
25160 26
25161 20
25162 20
25163 22
25164 34
25165 32
25166 10
25167 20
25168 12
25169 12
25170 12
25171 14
25172 20
25173 22
25174 26
25175 38
25176 42
25177 36
25178 38
25179 40
25180 46
25181 70
25182 66
25183 44
25184 44
25185 46
25186 46
25187 46
25188 40
25189 30
25190 24
25191 26
25192 20
25193 22
25194 22
25195 10
25196 10
25197 18
25198 10
25201 20
25202 20
25203 22
25204 28
25205 36
25206 32
25207 28
25208 26
25209 20
25210 24
25211 28
25212 32
25213 28
25214 14
25215 8
25216 16
25217 10
25218 12
25219 26
25220 26
25221 14
25222 18
25223 28
25224 28
25225 26
25226 26
25227 22
25228 26
25229 40
25230 40
25231 38
25232 40
25233 44
25234 48
25235 44
25236 48
25237 46
25238 30
25239 20
25240 14
25241 22
25242 32
25243 46
25244 48
25245 42
25246 34
25247 26
25248 42
25249 54
25250 44
25251 52
25252 60
25253 56
25254 56
25255 52
25256 48
25257 48
25258 44
25259 40
25260 46
25261 50
25262 40
25263 40
25264 42
25265 38
25266 34
25267 28
25268 20
25269 20
25270 20
25271 22
25272 20
25273 22
25274 30
25275 34
25276 16
25277 12
25278 14
25279 12
25280 26
25281 40
25282 126
25283 168
25284 84
25285 24
25286 20
25287 16
25288 14
25289 20
25290 12
25291 12
25292 16
25293 10
25294 22
25295 6
25296 24
25297 24
25298 18
25299 30
25300 42
25301 34
25302 8
25303 18
25304 18
25305 14
25306 18
25307 40
25308 76
25309 76
25310 98
25311 255
25312 255
25313 246
25314 255
25315 255
25316 132
25317 42
25318 44
25319 36
25320 28
25321 48
25322 14
25323 10
25324 10
25325 26
25326 26
25327 18
25328 18
25329 22
25330 20
25331 26
25332 28
25333 26
25334 26
25335 26
25336 10
25337 24
25338 34
25339 30
25340 24
25341 32
25342 44
25343 40
25344 26
25345 38
25346 30
25347 24
25348 34
25349 34
25350 26
25351 18
25352 22
25353 22
25354 26
25355 30
25356 30
25357 22
25358 10
25359 6
25360 6
25361 2
25362 6
25363 10
25364 12
25365 14
25366 18
25367 14
25368 14
25369 26
25370 32
25371 34
25372 36
25373 36
25374 32
25375 34
25376 40
25377 36
25378 30
25379 30
25380 34
25381 26
25382 28
25383 38
25384 40
25385 30
25386 24
25387 28
25388 30
25389 38
25390 30
25391 12
25392 24
25393 18
25394 20
25395 18
25396 18
25397 26
25398 30
25399 34
25400 38
25401 36
25402 34
25403 36
25404 32
25405 34
25406 62
25407 68
25408 48
25409 44
25410 46
25411 48
25412 46
25413 36
25414 24
25415 18
25416 24
25417 22
25418 18
25419 20
25420 20
25421 20
25422 20
25423 10
25426 20
25427 24
25428 24
25429 28
25430 36
25431 34
25432 32
25433 32
25434 24
25435 22
25436 26
25437 34
25438 34
25439 20
25440 14
25441 22
25442 16
25443 20
25444 30
25445 30
25446 20
25447 24
25448 34
25449 32
25450 26
25451 28
25452 32
25453 34
25454 40
25455 38
25456 36
25457 44
25458 48
25459 44
25460 42
25461 48
25462 48
25463 38
25464 34
25465 28
25466 32
25467 36
25468 44
25469 40
25470 30
25471 18
25472 22
25473 52
25474 58
25475 42
25476 50
25477 58
25478 50
25479 52
25480 52
25481 52
25482 52
25483 42
25484 38
25485 44
25486 46
25487 36
25488 34
25489 34
25490 30
25491 28
25492 24
25493 18
25494 20
25495 22
25496 28
25497 26
25498 28
25499 34
25500 46
25501 40
25502 20
25503 30
25504 20
25505 32
25506 50
25507 130
25508 152
25509 60
25510 32
25511 36
25512 24
25513 16
25514 10
25515 14
25516 16
25517 12
25518 16
25519 20
25520 18
25521 24
25522 34
25523 28
25524 24
25525 16
25526 6
25527 24
25528 26
25529 8
25530 18
25531 46
25532 82
25533 94
25534 80
25535 132
25536 255
25537 255
25538 250
25539 255
25540 255
25541 166
25542 54
25543 50
25544 12
25545 40
25546 40
25547 14
25548 14
25549 18
25550 22
25551 24
25552 16
25553 18
25554 22
25555 26
25556 30
25557 34
25558 36
25559 34
25560 30
25561 18
25562 8
25563 14
25564 26
25565 26
25566 28
25567 22
25568 30
25569 26
25570 36
25571 30
25572 22
25573 30
25574 32
25575 32
25576 24
25577 26
25578 26
25579 32
25580 34
25581 28
25582 20
25583 20
25584 10
25585 12
25586 8
25587 8
25588 10
25589 16
25590 20
25591 22
25592 20
25593 20
25594 28
25595 32
25596 32
25597 34
25598 38
25599 38
25600 36
25601 38
25602 38
25603 34
25604 30
25605 32
25606 26
25607 30
25608 44
25609 48
25610 38
25611 30
25612 32
25613 28
25614 32
25615 24
25616 18
25617 28
25618 26
25619 24
25620 20
25621 20
25622 30
25623 30
25624 30
25625 34
25626 34
25627 30
25628 24
25629 14
25630 20
25631 60
25632 66
25633 38
25634 32
25635 38
25636 42
25637 36
25638 20
25639 18
25640 18
25641 22
25642 26
25643 28
25644 32
25645 32
25646 28
25647 26
25648 22
25651 20
25652 24
25653 26
25654 30
25655 36
25656 34
25657 32
25658 32
25659 28
25660 26
25661 30
25662 38
25663 36
25664 24
25665 22
25666 28
25667 20
25668 24
25669 34
25670 32
25671 22
25672 28
25673 40
25674 40
25675 32
25676 32
25677 34
25678 34
25679 38
25680 34
25681 32
25682 44
25683 46
25684 38
25685 34
25686 40
25687 40
25688 30
25689 28
25690 24
25691 26
25692 34
25693 42
25694 38
25695 28
25696 16
25697 30
25698 56
25699 52
25700 36
25701 42
25702 52
25703 44
25704 44
25705 44
25706 42
25707 40
25708 30
25709 28
25710 36
25711 40
25712 32
25713 30
25714 32
25715 28
25716 26
25717 22
25718 16
25719 18
25720 20
25721 20
25722 18
25723 18
25724 26
25725 42
25726 42
25727 24
25728 34
25729 24
25730 34
25731 44
25732 100
25733 138
25734 80
25735 60
25736 50
25737 20
25738 4
25739 16
25740 24
25741 16
25742 14
25743 14
25744 18
25745 22
25746 30
25747 34
25748 20
25749 20
25750 34
25751 42
25752 36
25753 14
25754 8
25755 32
25756 60
25757 74
25758 60
25759 62
25760 154
25761 255
25762 255
25763 184
25764 255
25765 255
25766 172
25767 76
25768 60
25769 2
25770 34
25771 14
25772 4
25773 8
25774 8
25775 16
25776 20
25777 14
25778 26
25779 30
25780 36
25781 36
25782 34
25783 38
25784 44
25785 42
25786 30
25787 22
25788 8
25789 14
25790 18
25791 10
25792 6
25793 20
25794 26
25795 32
25796 26
25797 18
25798 24
25799 24
25800 24
25801 20
25802 20
25803 22
25804 28
25805 28
25806 20
25807 18
25808 20
25809 10
25810 8
25811 4
25812 6
25813 8
25814 12
25815 14
25816 16
25817 16
25818 14
25819 18
25820 20
25821 22
25822 26
25823 30
25824 32
25825 32
25826 34
25827 32
25828 26
25829 24
25830 28
25831 22
25832 24
25833 36
25834 40
25835 32
25836 22
25837 24
25838 18
25839 22
25840 16
25841 20
25842 32
25843 32
25844 28
25845 22
25846 18
25847 22
25848 16
25849 24
25850 38
25851 38
25852 32
25853 30
25854 28
25855 38
25856 68
25857 54
25858 22
25859 22
25860 26
25861 30
25862 28
25863 20
25864 22
25865 24
25866 32
25867 38
25868 42
25869 40
25870 38
25871 38
25872 34
25873 30
25876 16
25877 20
25878 24
25879 28
25880 34
25881 34
25882 32
25883 30
25884 26
25885 24
25886 28
25887 40
25888 40
25889 28
25890 24
25891 28
25892 20
25893 22
25894 34
25895 34
25896 22
25897 28
25898 40
25899 38
25900 28
25901 28
25902 28
25903 28
25904 32
25905 30
25906 32
25907 42
25908 40
25909 32
25910 28
25911 28
25912 24
25913 14
25914 14
25915 12
25916 20
25917 32
25918 40
25919 38
25920 32
25921 24
25922 38
25923 52
25924 38
25925 20
25926 28
25927 38
25928 30
25929 32
25930 32
25931 28
25932 24
25933 16
25934 16
25935 24
25936 28
25937 22
25938 20
25939 20
25940 16
25941 16
25942 12
25943 6
25944 6
25945 10
25946 8
25947 2
25948 2
25949 8
25950 24
25951 30
25952 16
25953 32
25954 22
25955 30
25956 14
25957 90
25958 148
25959 104
25960 66
25961 42
25962 30
25963 16
25964 20
25965 20
25966 4
25967 20
25968 20
25969 16
25970 14
25971 36
25972 56
25973 50
25974 56
25975 54
25976 30
25977 10
25978 32
25979 50
25980 62
25981 62
25982 44
25983 24
25984 46
25985 164
25986 255
25987 255
25988 164
25989 255
25990 255
25991 166
25992 110
25993 102
25994 20
25995 40
25996 32
25997 18
25998 10
25999 14
26000 26
26001 28
26002 12
26003 24
26004 18
26005 28
26006 32
26007 22
26008 22
26009 34
26010 42
26011 38
26012 38
26013 32
26014 16
26015 2
26016 8
26017 10
26018 14
26019 24
26020 26
26021 18
26022 14
26023 16
26024 16
26025 14
26026 12
26027 12
26028 14
26029 20
26030 20
26031 12
26032 16
26033 18
26034 10
26035 6
26036 6
26037 10
26038 10
26039 12
26040 12
26041 12
26042 12
26043 8
26044 8
26045 8
26046 10
26047 16
26048 20
26049 20
26050 20
26051 24
26052 24
26053 18
26054 16
26055 18
26056 14
26057 14
26058 26
26059 30
26060 24
26061 12
26062 14
26063 8
26064 10
26065 8
26066 16
26067 28
26068 30
26069 32
26070 22
26071 10
26072 10
26073 18
26074 28
26075 48
26076 58
26077 52
26078 48
26079 48
26080 64
26081 100
26082 82
26083 42
26084 42
26085 44
26086 42
26087 38
26088 28
26089 26
26090 34
26091 44
26092 48
26093 48
26094 44
26095 44
26096 46
26097 42
26098 42
26101 14
26102 16
26103 20
26104 24
26105 30
26106 32
26107 32
26108 30
26109 24
26110 22
26111 26
26112 38
26113 40
26114 30
26115 26
26116 32
26117 24
26118 24
26119 34
26120 36
26121 26
26122 34
26123 44
26124 36
26125 26
26126 26
26127 24
26128 24
26129 28
26130 28
26131 30
26132 36
26133 34
26134 28
26135 28
26136 30
26137 20
26138 4
26139 8
26140 10
26141 24
26142 36
26143 46
26144 44
26145 36
26146 28
26147 36
26148 48
26149 36
26150 18
26151 26
26152 32
26153 24
26154 28
26155 24
26156 20
26157 20
26158 12
26159 12
26160 20
26161 24
26162 18
26163 10
26164 6
26165 4
26166 8
26167 10
26168 6
26169 8
26170 10
26171 12
26172 12
26173 12
26174 8
26175 10
26176 22
26177 8
26178 28
26179 16
26180 28
26181 14
26182 66
26183 130
26184 104
26185 48
26186 40
26187 44
26188 26
26189 20
26190 16
26191 6
26192 16
26193 12
26194 6
26195 24
26196 38
26197 56
26198 50
26199 36
26200 22
26201 26
26202 60
26203 82
26204 94
26205 86
26206 50
26207 16
26208 24
26209 66
26210 202
26211 255
26212 255
26213 255
26214 255
26215 255
26216 148
26217 138
26218 154
26219 94
26220 12
26221 24
26222 16
26223 24
26224 38
26225 40
26226 50
26227 26
26228 14
26229 10
26230 36
26231 38
26232 22
26233 10
26234 8
26235 24
26236 34
26237 40
26238 42
26239 28
26240 6
26241 8
26242 14
26243 22
26244 26
26245 22
26246 12
26247 16
26248 16
26249 16
26250 12
26251 8
26252 8
26253 12
26254 18
26255 16
26256 8
26257 18
26258 22
26259 16
26260 12
26261 16
26262 18
26263 14
26264 16
26265 16
26266 14
26267 16
26268 14
26269 10
26270 8
26271 6
26272 8
26273 14
26274 14
26275 12
26276 18
26277 20
26278 14
26279 14
26280 16
26281 12
26282 12
26283 24
26284 28
26285 20
26286 4
26287 8
26288 4
26289 6
26290 4
26291 16
26292 30
26293 30
26294 32
26295 24
26296 14
26297 16
26298 24
26299 32
26300 50
26301 64
26302 60
26303 56
26304 58
26305 78
26306 120
26307 108
26308 70
26309 68
26310 66
26311 56
26312 44
26313 34
26314 32
26315 44
26316 54
26317 54
26318 52
26319 48
26320 48
26321 48
26322 48
26323 52
26326 10
26327 14
26328 20
26329 24
26330 28
26331 28
26332 28
26333 28
26334 24
26335 24
26336 28
26337 36
26338 38
26339 30
26340 30
26341 36
26342 28
26343 28
26344 36
26345 36
26346 28
26347 42
26348 44
26349 32
26350 28
26351 26
26352 22
26353 24
26354 28
26355 26
26356 24
26357 30
26358 32
26359 28
26360 28
26361 30
26362 22
26363 8
26364 10
26365 18
26366 30
26367 42
26368 48
26369 40
26370 28
26371 18
26372 20
26373 36
26374 30
26375 14
26376 22
26377 26
26378 18
26379 20
26380 16
26381 16
26382 20
26383 12
26384 10
26385 16
26386 18
26387 8
26388 4
26389 6
26390 8
26391 10
26392 14
26393 12
26394 14
26395 12
26396 14
26397 14
26398 10
26399 12
26400 2
26401 20
26402 8
26403 24
26404 12
26405 28
26406 28
26407 22
26408 86
26409 82
26410 52
26411 60
26412 70
26413 50
26414 30
26415 16
26416 4
26417 18
26418 16
26419 16
26420 30
26421 18
26422 12
26423 22
26424 42
26425 64
26426 88
26427 98
26428 98
26429 92
26430 64
26431 56
26432 36
26433 6
26434 78
26435 255
26436 255
26437 230
26438 255
26439 255
26440 216
26441 96
26442 122
26443 168
26444 168
26445 96
26446 44
26447 16
26448 32
26449 42
26450 32
26451 54
26452 36
26453 10
26454 16
26455 24
26456 24
26457 26
26458 12
26459 4
26460 2
26461 20
26462 32
26463 34
26464 30
26465 10
26466 12
26467 26
26468 34
26469 28
26470 16
26471 12
26472 14
26473 12
26474 10
26475 6
26476 4
26477 4
26478 8
26479 12
26480 10
26481 6
26482 12
26483 20
26484 18
26485 16
26486 20
26487 18
26488 14
26489 16
26490 18
26491 14
26492 14
26493 16
26494 12
26495 8
26496 4
26497 8
26498 14
26499 12
26500 6
26501 10
26502 16
26503 10
26504 6
26505 8
26506 4
26507 6
26508 18
26509 20
26510 18
26511 8
26512 16
26513 8
26514 12
26515 8
26516 14
26517 30
26518 34
26519 38
26520 32
26521 24
26522 32
26523 36
26524 42
26525 54
26526 68
26527 64
26528 60
26529 60
26530 80
26531 124
26532 118
26533 92
26534 98
26535 96
26536 80
26537 56
26538 40
26539 38
26540 52
26541 60
26542 54
26543 50
26544 46
26545 44
26546 46
26547 54
26548 58
26551 8
26552 12
26553 20
26554 24
26555 26
26556 26
26557 28
26558 26
26559 20
26560 20
26561 26
26562 34
26563 34
26564 26
26565 28
26566 32
26567 26
26568 26
26569 34
26570 30
26571 28
26572 40
26573 32
26574 20
26575 22
26576 18
26577 16
26578 22
26579 26
26580 22
26581 20
26582 28
26583 32
26584 28
26585 26
26586 28
26587 24
26588 12
26589 12
26590 16
26591 24
26592 34
26593 34
26594 24
26595 10
26596 2
26597 8
26598 30
26599 26
26600 10
26601 16
26602 20
26603 14
26604 20
26605 20
26606 16
26607 18
26608 10
26609 4
26610 8
26611 14
26612 6
26613 12
26614 8
26615 6
26616 8
26617 10
26618 10
26619 10
26620 8
26621 8
26622 6
26623 2
26624 10
26625 6
26626 18
26627 10
26628 22
26629 16
26630 26
26631 40
26632 16
26633 44
26634 50
26635 42
26636 70
26637 94
26638 86
26639 72
26640 52
26641 24
26642 24
26643 12
26644 12
26645 18
26646 42
26647 72
26648 98
26649 116
26650 114
26651 108
26652 96
26653 72
26654 44
26655 12
26656 34
26657 40
26658 18
26659 104
26660 255
26661 255
26662 118
26663 255
26664 255
26665 156
26666 24
26667 60
26668 122
26669 176
26670 148
26671 90
26672 64
26673 46
26674 30
26675 6
26676 38
26677 36
26678 24
26679 14
26680 12
26681 28
26682 44
26683 32
26684 8
26685 12
26686 10
26687 36
26688 50
26689 42
26690 12
26691 24
26692 34
26693 34
26694 18
26695 4
26696 8
26697 12
26698 16
26699 14
26700 6
26701 4
26702 4
26703 8
26704 12
26705 12
26706 8
26707 2
26708 8
26709 8
26710 12
26711 14
26712 10
26713 10
26714 10
26715 12
26716 10
26717 6
26718 8
26719 10
26720 10
26721 12
26722 14
26723 16
26724 14
26725 14
26726 22
26727 26
26728 16
26729 12
26730 16
26731 12
26732 14
26733 22
26734 26
26735 24
26736 12
26737 20
26738 12
26739 20
26740 16
26741 8
26742 28
26743 38
26744 42
26745 36
26746 36
26747 42
26748 44
26749 46
26750 48
26751 60
26752 60
26753 60
26754 56
26755 70
26756 110
26757 106
26758 86
26759 98
26760 102
26761 92
26762 68
26763 44
26764 36
26765 48
26766 54
26767 44
26768 40
26769 34
26770 30
26771 38
26772 50
26773 48
26776 12
26777 10
26778 14
26779 22
26780 26
26781 22
26782 24
26783 26
26784 20
26785 12
26786 16
26787 30
26788 32
26789 24
26790 20
26791 20
26792 16
26793 14
26794 28
26795 26
26796 22
26797 30
26798 18
26799 14
26800 18
26801 14
26802 14
26803 20
26804 22
26805 18
26806 18
26807 26
26808 32
26809 28
26810 22
26811 26
26812 32
26813 28
26814 26
26815 26
26816 28
26817 28
26818 20
26819 22
26820 16
26821 14
26822 18
26823 32
26824 26
26825 12
26826 20
26827 24
26828 20
26829 24
26830 24
26831 20
26832 18
26833 10
26834 2
26835 4
26836 14
26837 10
26838 14
26839 10
26840 10
26841 10
26842 8
26843 8
26844 6
26845 4
26846 4
26847 2
26848 10
26849 20
26850 6
26851 16
26852 6
26853 30
26854 32
26855 28
26856 42
26857 26
26858 40
26859 14
26860 46
26861 74
26862 114
26863 120
26864 114
26865 96
26866 60
26867 36
26868 34
26869 42
26870 64
26871 92
26872 114
26873 138
26874 134
26875 102
26876 64
26877 28
26878 18
26879 42
26880 50
26881 66
26882 64
26883 34
26884 128
26885 255
26886 255
26887 66
26888 255
26889 255
26890 128
26891 38
26892 26
26893 34
26894 130
26895 152
26896 134
26897 112
26898 80
26899 48
26900 8
26901 26
26902 38
26903 34
26904 20
26905 30
26906 32
26907 64
26908 56
26909 22
26910 24
26911 22
26912 48
26913 52
26914 34
26915 8
26916 30
26917 42
26918 34
26919 14
26920 10
26921 14
26922 16
26923 14
26924 8
26925 6
26926 6
26927 4
26928 4
26929 10
26930 14
26931 12
26932 6
26933 12
26934 16
26935 14
26936 10
26937 8
26938 10
26939 10
26940 10
26941 10
26942 4
26943 6
26944 16
26945 18
26946 16
26947 16
26948 16
26949 14
26950 18
26951 24
26952 22
26953 16
26954 16
26955 18
26956 10
26957 14
26958 20
26959 16
26960 14
26961 12
26962 18
26963 10
26964 18
26965 16
26966 4
26967 14
26968 18
26969 28
26970 32
26971 42
26972 44
26973 48
26974 44
26975 42
26976 42
26977 46
26978 52
26979 50
26980 62
26981 94
26982 94
26983 76
26984 84
26985 92
26986 86
26987 70
26988 50
26989 36
26990 48
26991 52
26992 36
26993 30
26994 22
26995 22
26996 32
26997 36
26998 28
27001 10
27002 12
27003 12
27004 14
27005 24
27006 20
27007 14
27008 16
27009 16
27010 10
27011 6
27012 12
27013 18
27014 16
27015 14
27016 20
27017 20
27018 16
27019 26
27020 30
27021 22
27022 28
27023 14
27024 14
27025 14
27026 12
27027 12
27028 16
27029 16
27030 14
27031 18
27032 28
27033 36
27034 32
27035 16
27036 10
27037 20
27038 22
27039 22
27040 24
27041 26
27042 24
27043 18
27044 12
27045 6
27046 4
27047 22
27048 30
27049 22
27050 20
27051 22
27052 22
27053 26
27054 28
27055 24
27056 22
27057 18
27058 12
27059 4
27060 4
27061 2
27062 2
27063 4
27064 10
27065 16
27066 22
27067 26
27068 28
27069 30
27070 24
27071 20
27072 14
27073 22
27074 28
27075 20
27076 30
27077 12
27078 42
27079 36
27080 24
27081 36
27082 34
27083 32
27084 28
27085 38
27086 40
27087 72
27088 106
27089 120
27090 120
27091 94
27092 64
27093 62
27094 70
27095 88
27096 102
27097 108
27098 104
27099 74
27100 34
27101 38
27102 42
27103 54
27104 52
27105 44
27106 42
27107 54
27108 20
27109 160
27110 255
27111 255
27112 144
27113 255
27114 255
27115 106
27116 36
27117 66
27118 64
27119 22
27120 84
27121 140
27122 176
27123 166
27124 114
27125 42
27126 12
27127 44
27128 56
27129 36
27130 38
27131 28
27132 64
27133 86
27134 54
27135 10
27136 8
27137 36
27138 44
27139 28
27140 12
27141 36
27142 42
27143 38
27144 22
27145 32
27146 22
27147 12
27148 8
27149 12
27150 12
27151 2
27152 6
27153 4
27154 6
27155 10
27156 12
27157 14
27158 16
27159 12
27160 10
27161 10
27162 10
27163 12
27164 14
27165 12
27166 8
27167 6
27168 14
27169 22
27170 22
27171 20
27172 18
27173 16
27174 14
27175 18
27176 18
27177 12
27178 10
27179 10
27180 8
27181 2
27182 8
27183 18
27184 14
27185 4
27186 12
27187 12
27188 8
27189 16
27190 18
27191 4
27192 12
27193 6
27194 16
27195 28
27196 32
27197 32
27198 40
27199 32
27200 40
27201 36
27202 38
27203 40
27204 34
27205 40
27206 58
27207 64
27208 60
27209 68
27210 80
27211 76
27212 62
27213 50
27214 38
27215 44
27216 36
27217 16
27218 12
27219 8
27220 16
27221 24
27222 20
27223 16
27226 10
27227 12
27228 10
27229 14
27230 22
27231 20
27232 18
27233 22
27234 22
27235 12
27236 6
27237 10
27238 6
27239 6
27240 24
27241 36
27242 36
27243 32
27244 32
27245 34
27246 24
27247 24
27248 14
27249 14
27250 8
27251 6
27252 6
27253 10
27254 12
27255 16
27256 26
27257 36
27258 42
27259 38
27260 20
27261 8
27262 4
27263 2
27264 2
27265 4
27266 10
27267 16
27268 20
27269 24
27270 24
27271 24
27272 30
27273 30
27274 24
27275 24
27276 20
27277 16
27278 22
27279 18
27280 12
27281 16
27282 18
27283 16
27284 8
27285 6
27286 4
27287 4
27288 4
27289 16
27290 28
27291 44
27292 52
27293 48
27294 54
27295 46
27296 38
27297 24
27298 28
27299 28
27300 20
27301 40
27302 22
27303 38
27304 20
27305 8
27306 18
27307 20
27308 10
27309 36
27310 64
27311 60
27312 14
27313 38
27314 74
27315 98
27316 98
27317 82
27318 82
27319 86
27320 78
27321 72
27322 64
27323 36
27324 18
27325 26
27326 50
27327 58
27328 44
27329 14
27330 18
27331 16
27332 36
27333 24
27334 255
27335 255
27336 255
27337 255
27338 255
27339 255
27340 76
27341 16
27342 38
27343 96
27344 76
27345 34
27346 50
27347 158
27348 224
27349 208
27350 134
27351 54
27352 8
27353 48
27354 50
27355 24
27356 6
27357 30
27358 76
27359 86
27360 56
27361 34
27362 40
27363 42
27364 26
27365 24
27366 48
27367 48
27368 48
27369 28
27370 42
27371 36
27372 18
27373 4
27374 6
27375 12
27376 6
27377 4
27378 4
27379 8
27380 14
27381 14
27382 10
27383 12
27384 8
27385 2
27386 2
27387 4
27388 8
27389 12
27390 12
27391 8
27392 10
27393 18
27394 22
27395 24
27396 22
27397 18
27398 18
27399 20
27400 22
27401 18
27402 10
27403 10
27404 12
27405 10
27406 10
27407 8
27408 16
27409 24
27410 16
27411 12
27412 6
27413 8
27414 16
27415 20
27416 4
27417 12
27418 10
27419 18
27420 22
27421 16
27422 18
27423 26
27424 24
27425 30
27426 36
27427 36
27428 34
27429 26
27430 34
27431 44
27432 32
27433 36
27434 54
27435 70
27436 70
27437 56
27438 42
27439 34
27440 28
27441 8
27442 6
27443 6
27444 10
27445 12
27446 18
27447 18
27448 22
27451 10
27452 14
27453 18
27454 20
27455 24
27456 24
27457 22
27458 20
27459 20
27460 18
27461 12
27462 14
27463 12
27464 22
27465 36
27466 34
27467 28
27468 24
27469 26
27470 28
27471 18
27472 8
27473 8
27474 14
27475 8
27476 6
27477 6
27478 10
27479 18
27480 26
27481 36
27482 40
27483 40
27484 36
27485 16
27486 8
27487 4
27488 0
27489 2
27490 6
27491 12
27492 16
27493 18
27494 20
27495 20
27496 20
27497 16
27498 16
27499 18
27500 20
27501 24
27502 26
27503 34
27504 34
27505 28
27506 32
27507 38
27508 40
27509 36
27510 36
27511 38
27512 38
27513 30
27514 36
27515 46
27516 56
27517 50
27518 32
27519 38
27520 30
27521 36
27522 36
27523 22
27524 18
27525 2
27526 18
27527 12
27528 18
27529 10
27530 6
27531 8
27532 6
27533 6
27534 12
27535 42
27536 70
27537 62
27538 50
27539 46
27540 26
27541 32
27542 30
27543 26
27544 24
27545 14
27546 20
27547 24
27548 14
27549 28
27550 30
27551 40
27552 50
27553 32
27554 6
27555 24
27556 10
27557 58
27558 62
27559 255
27560 255
27561 242
27562 255
27563 255
27564 255
27565 46
27566 24
27567 50
27568 56
27569 80
27570 100
27571 88
27572 2
27573 120
27574 200
27575 218
27576 176
27577 104
27578 34
27579 22
27580 44
27581 30
27582 20
27583 28
27584 36
27585 50
27586 78
27587 86
27588 60
27589 8
27590 56
27591 82
27592 70
27593 54
27594 12
27595 32
27596 32
27597 18
27598 4
27599 4
27600 8
27601 8
27602 2
27603 8
27604 12
27605 16
27606 12
27607 6
27608 8
27609 10
27610 8
27611 8
27612 10
27613 14
27614 18
27615 18
27616 14
27617 14
27618 20
27619 22
27620 24
27621 20
27622 18
27623 22
27624 24
27625 24
27626 20
27627 14
27628 12
27629 8
27630 2
27631 2
27632 6
27633 14
27634 20
27635 14
27636 8
27637 4
27638 4
27639 12
27640 14
27641 8
27642 6
27643 4
27644 14
27645 16
27646 8
27647 12
27648 20
27649 20
27650 10
27651 22
27652 30
27653 32
27654 30
27655 38
27656 42
27657 30
27658 30
27659 50
27660 64
27661 66
27662 56
27663 36
27664 24
27665 26
27666 20
27667 10
27668 6
27669 10
27670 18
27671 20
27672 22
27673 22
27676 14
27677 14
27678 20
27679 26
27680 32
27681 32
27682 30
27683 32
27684 34
27685 30
27686 22
27687 20
27688 14
27689 34
27690 34
27691 20
27692 16
27693 10
27694 14
27695 20
27696 16
27697 4
27698 2
27699 8
27700 8
27701 6
27702 8
27703 14
27704 26
27705 32
27706 40
27707 40
27708 34
27709 28
27710 10
27711 10
27712 6
27713 0
27714 0
27715 4
27716 12
27717 16
27718 16
27719 16
27720 16
27721 14
27722 6
27723 8
27724 16
27725 20
27726 26
27727 34
27728 44
27729 48
27730 42
27731 42
27732 48
27733 52
27734 54
27735 58
27736 60
27737 62
27738 56
27739 46
27740 54
27741 50
27742 26
27743 14
27744 34
27745 46
27746 46
27747 32
27748 16
27749 20
27750 16
27751 16
27752 6
27753 12
27754 12
27755 14
27756 16
27757 10
27758 6
27759 4
27760 8
27761 42
27762 60
27763 66
27764 62
27765 42
27766 20
27767 18
27768 22
27769 32
27770 40
27771 38
27772 32
27773 20
27774 24
27775 12
27776 14
27777 44
27778 38
27779 12
27780 18
27781 36
27782 70
27783 118
27784 255
27785 255
27786 112
27787 255
27788 255
27789 192
27790 34
27791 36
27792 56
27793 28
27794 52
27795 86
27796 134
27797 126
27798 50
27799 66
27800 178
27801 224
27802 208
27803 150
27804 70
27805 30
27806 52
27807 60
27808 70
27809 90
27810 132
27811 144
27812 108
27813 62
27814 58
27815 98
27816 102
27817 68
27818 36
27819 32
27820 52
27821 42
27822 20
27823 4
27824 2
27825 4
27826 6
27827 0
27828 10
27829 14
27830 14
27831 8
27832 2
27833 6
27834 12
27835 14
27836 14
27837 14
27838 18
27839 22
27840 22
27841 18
27842 20
27843 26
27844 26
27845 28
27846 24
27847 22
27848 24
27849 24
27850 24
27851 18
27852 14
27853 12
27854 10
27855 8
27856 12
27857 14
27858 14
27859 16
27860 14
27861 12
27862 6
27863 4
27864 12
27865 12
27866 6
27867 10
27868 12
27869 18
27870 16
27871 8
27872 12
27873 20
27874 20
27875 14
27876 18
27877 26
27878 28
27879 26
27880 38
27881 48
27882 34
27883 28
27884 46
27885 60
27886 62
27887 54
27888 32
27889 14
27890 22
27891 26
27892 20
27893 12
27894 4
27895 22
27896 32
27897 26
27898 16
27901 18
27902 18
27903 22
27904 28
27905 34
27906 34
27907 28
27908 28
27909 34
27910 30
27911 24
27912 24
27913 22
27914 36
27915 28
27916 18
27917 18
27918 8
27919 14
27920 20
27921 20
27922 12
27923 4
27924 4
27925 6
27926 8
27927 12
27928 20
27929 32
27930 34
27931 38
27932 36
27933 28
27934 22
27935 8
27936 12
27937 10
27938 4
27939 4
27940 6
27941 12
27942 16
27943 18
27944 20
27945 20
27946 16
27947 6
27948 10
27949 12
27950 6
27951 12
27952 24
27953 36
27954 44
27955 42
27956 38
27957 40
27958 48
27959 54
27960 54
27961 56
27962 60
27963 62
27964 50
27965 50
27966 38
27967 12
27968 18
27969 34
27970 38
27971 34
27972 24
27973 14
27974 14
27975 14
27976 14
27977 14
27978 12
27979 10
27980 10
27981 12
27982 18
27983 10
27984 8
27985 12
27986 24
27987 28
27988 22
27989 22
27990 22
27991 20
27992 24
27993 34
27994 32
27995 14
27996 22
27997 26
27998 14
27999 12
28000 10
28001 12
28002 28
28003 28
28004 16
28005 28
28006 52
28007 56
28008 196
28009 255
28010 255
28011 64
28012 255
28013 255
28014 142
28015 38
28016 38
28017 46
28018 22
28019 26
28020 24
28021 64
28022 110
28023 130
28024 86
28025 18
28026 112
28027 188
28028 218
28029 190
28030 140
28031 118
28032 94
28033 90
28034 114
28035 142
28036 116
28037 52
28038 58
28039 90
28040 110
28041 68
28042 18
28043 46
28044 66
28045 48
28046 36
28047 14
28048 8
28049 6
28050 8
28051 6
28052 2
28053 10
28054 12
28055 12
28056 8
28057 8
28058 10
28059 10
28060 12
28061 12
28062 14
28063 18
28064 22
28065 22
28066 18
28067 22
28068 26
28069 28
28070 30
28071 26
28072 24
28073 24
28074 22
28075 20
28076 12
28077 12
28078 8
28079 8
28080 10
28081 14
28082 12
28083 12
28084 16
28085 16
28086 18
28087 14
28088 10
28089 16
28090 14
28091 6
28092 4
28093 10
28094 16
28095 16
28096 8
28097 14
28098 26
28099 24
28100 18
28101 16
28102 24
28103 26
28104 22
28105 28
28106 38
28107 28
28108 22
28109 38
28110 54
28111 56
28112 48
28113 30
28114 12
28115 18
28116 26
28117 24
28118 18
28119 6
28120 16
28121 34
28122 32
28123 22
28126 18
28127 18
28128 20
28129 26
28130 32
28131 32
28132 24
28133 22
28134 28
28135 24
28136 22
28137 24
28138 26
28139 32
28140 28
28141 24
28142 18
28143 16
28144 16
28145 20
28146 20
28147 16
28148 10
28149 4
28150 6
28151 10
28152 14
28153 22
28154 32
28155 32
28156 34
28157 32
28158 24
28159 20
28160 8
28161 14
28162 12
28163 8
28164 12
28165 12
28166 14
28167 20
28168 22
28169 24
28170 24
28171 20
28172 16
28173 12
28174 8
28175 10
28176 18
28177 20
28178 24
28179 34
28180 36
28181 38
28182 44
28183 50
28184 52
28185 48
28186 50
28187 52
28188 56
28189 50
28190 36
28191 26
28192 24
28193 34
28194 48
28195 54
28196 54
28197 42
28198 22
28199 8
28200 10
28201 10
28202 12
28203 10
28204 8
28205 4
28206 4
28207 10
28208 10
28209 2
28210 8
28211 30
28212 30
28213 30
28214 16
28215 28
28216 32
28217 10
28218 20
28219 42
28220 44
28221 16
28222 10
28223 12
28224 12
28225 14
28226 24
28227 30
28228 36
28229 42
28230 52
28231 54
28232 8
28233 255
28234 255
28235 255
28236 216
28237 255
28238 255
28239 106
28240 22
28241 20
28242 20
28243 24
28244 36
28245 28
28246 18
28247 28
28248 90
28249 124
28250 104
28251 44
28252 52
28253 144
28254 192
28255 196
28256 150
28257 84
28258 84
28259 94
28260 74
28261 38
28262 34
28263 84
28264 112
28265 82
28266 56
28267 46
28268 78
28269 60
28270 26
28271 20
28272 10
28273 12
28274 4
28275 6
28276 2
28277 4
28278 6
28279 12
28280 12
28281 10
28282 10
28283 8
28284 6
28285 8
28286 8
28287 12
28288 16
28289 20
28290 20
28291 16
28292 18
28293 20
28294 22
28295 22
28296 18
28297 14
28298 14
28299 12
28300 6
28301 2
28302 4
28303 4
28304 4
28305 6
28306 6
28307 2
28308 4
28309 8
28310 10
28311 14
28312 14
28313 12
28314 16
28315 14
28316 2
28317 0
28318 8
28319 12
28320 14
28321 10
28322 16
28323 32
28324 34
28325 30
28326 20
28327 28
28328 32
28329 30
28330 30
28331 28
28332 16
28333 14
28334 28
28335 44
28336 48
28337 40
28338 24
28339 8
28340 12
28341 22
28342 24
28343 20
28344 12
28345 6
28346 22
28347 26
28348 20
28351 18
28352 16
28353 16
28354 20
28355 24
28356 24
28357 18
28358 20
28359 26
28360 18
28361 16
28362 22
28363 26
28364 28
28365 28
28366 22
28367 20
28368 22
28369 18
28370 18
28371 20
28372 18
28373 14
28374 4
28375 4
28376 6
28377 12
28378 20
28379 28
28380 28
28381 30
28382 28
28383 22
28384 20
28385 8
28386 16
28387 12
28388 8
28389 14
28390 20
28391 22
28392 26
28393 28
28394 28
28395 28
28396 24
28397 24
28398 24
28399 18
28400 18
28401 22
28402 24
28403 26
28404 24
28405 32
28406 44
28407 46
28408 50
28409 50
28410 40
28411 44
28412 44
28413 46
28414 44
28415 36
28416 30
28417 30
28418 38
28419 48
28420 50
28421 50
28422 50
28423 38
28424 12
28425 4
28426 4
28427 8
28428 8
28429 8
28430 6
28431 8
28432 8
28433 6
28434 12
28435 6
28436 32
28437 58
28438 58
28439 40
28440 8
28441 42
28442 52
28443 32
28444 8
28445 26
28446 34
28447 14
28448 4
28449 4
28450 12
28451 20
28452 10
28453 30
28454 44
28455 62
28456 40
28457 60
28458 255
28459 255
28460 214
28461 255
28462 255
28463 255
28464 66
28465 22
28466 52
28467 34
28468 66
28469 58
28470 50
28471 48
28472 28
28473 20
28474 50
28475 94
28476 104
28477 66
28478 36
28479 54
28480 106
28481 118
28482 84
28483 64
28484 50
28485 28
28486 50
28487 80
28488 102
28489 90
28490 52
28491 52
28492 56
28493 52
28494 26
28495 32
28496 20
28497 4
28498 12
28499 8
28500 6
28501 2
28502 4
28503 4
28504 8
28505 8
28506 8
28507 8
28508 6
28509 6
28510 6
28511 6
28512 10
28513 14
28514 18
28515 16
28516 12
28517 10
28518 14
28519 20
28520 20
28521 18
28522 16
28523 18
28524 16
28525 12
28526 12
28527 10
28528 6
28529 2
28530 2
28531 4
28532 6
28533 12
28534 14
28535 12
28536 12
28537 12
28538 12
28539 16
28540 16
28541 4
28542 2
28543 10
28544 14
28545 14
28546 26
28547 32
28548 34
28549 40
28550 42
28551 36
28552 36
28553 38
28554 32
28555 28
28556 24
28557 14
28558 16
28559 32
28560 48
28561 56
28562 48
28563 26
28564 6
28565 6
28566 14
28567 20
28568 22
28569 14
28570 6
28571 14
28572 20
28573 16
28576 14
28577 16
28578 18
28579 20
28580 18
28581 16
28582 14
28583 16
28584 20
28585 10
28586 12
28587 14
28588 14
28589 20
28590 22
28591 12
28592 12
28593 18
28594 18
28595 14
28596 14
28597 14
28598 14
28599 8
28600 4
28601 10
28602 14
28603 22
28604 24
28605 22
28606 24
28607 22
28608 20
28609 18
28610 6
28611 14
28612 14
28613 14
28614 18
28615 26
28616 30
28617 28
28618 28
28619 30
28620 32
28621 28
28622 26
28623 26
28624 24
28625 22
28626 22
28627 24
28628 26
28629 28
28630 40
28631 50
28632 48
28633 46
28634 38
28635 32
28636 42
28637 48
28638 44
28639 42
28640 40
28641 34
28642 30
28643 30
28644 38
28645 42
28646 40
28647 44
28648 46
28649 28
28650 12
28651 14
28652 14
28653 8
28654 4
28655 12
28656 16
28657 10
28658 8
28659 8
28660 16
28661 60
28662 84
28663 82
28664 120
28665 110
28666 56
28667 18
28668 36
28669 48
28670 14
28671 26
28672 22
28673 2
28674 4
28675 18
28676 16
28677 8
28678 36
28679 68
28680 58
28681 12
28682 152
28683 255
28684 255
28685 42
28686 255
28687 255
28688 218
28689 24
28690 40
28691 62
28692 44
28693 92
28694 56
28695 56
28696 46
28697 30
28698 24
28699 30
28700 30
28701 52
28702 94
28703 106
28704 88
28705 84
28706 52
28707 30
28708 20
28709 14
28710 54
28711 72
28712 76
28713 68
28714 36
28715 20
28716 32
28717 34
28718 18
28719 8
28720 34
28721 24
28722 14
28723 16
28724 16
28725 8
28726 6
28727 4
28728 4
28729 8
28730 8
28731 12
28732 12
28733 10
28734 8
28735 6
28736 6
28737 6
28738 8
28739 12
28740 12
28741 12
28742 10
28743 16
28744 24
28745 24
28746 22
28747 20
28748 22
28749 20
28750 12
28751 8
28752 10
28753 12
28754 10
28755 8
28756 8
28757 12
28758 14
28759 12
28760 10
28761 10
28762 10
28763 6
28764 14
28765 18
28766 8
28767 2
28768 4
28769 12
28770 22
28771 36
28772 38
28773 32
28774 40
28775 46
28776 44
28777 36
28778 36
28779 28
28780 26
28781 28
28782 22
28783 22
28784 38
28785 56
28786 62
28787 48
28788 26
28789 10
28790 12
28791 18
28792 18
28793 16
28794 14
28795 8
28796 14
28797 14
28798 12
28801 14
28802 18
28803 22
28804 24
28805 20
28806 16
28807 16
28808 16
28809 18
28810 12
28811 14
28812 12
28813 6
28814 10
28815 10
28816 2
28817 8
28818 14
28819 16
28820 16
28821 14
28822 12
28823 14
28824 12
28825 2
28826 10
28827 22
28828 26
28829 22
28830 22
28831 28
28832 28
28833 26
28834 22
28835 12
28836 14
28837 16
28838 20
28839 24
28840 24
28841 34
28842 34
28843 30
28844 32
28845 36
28846 32
28847 26
28848 22
28849 22
28850 24
28851 14
28852 12
28853 22
28854 32
28855 46
28856 56
28857 52
28858 42
28859 36
28860 36
28861 38
28862 56
28863 52
28864 44
28865 42
28866 36
28867 30
28868 26
28869 32
28870 28
28871 28
28872 36
28873 42
28874 32
28875 22
28876 26
28877 26
28878 16
28879 12
28880 16
28881 12
28882 8
28883 8
28884 8
28885 10
28886 72
28887 140
28888 174
28889 214
28890 255
28891 255
28892 210
28893 102
28894 22
28895 60
28896 34
28897 26
28898 4
28899 10
28900 22
28901 16
28902 16
28903 42
28904 84
28905 44
28906 96
28907 255
28908 255
28909 255
28910 112
28911 255
28912 255
28913 144
28914 20
28915 36
28916 50
28917 40
28918 78
28919 32
28920 48
28921 42
28922 28
28923 32
28924 44
28925 44
28926 16
28927 38
28928 78
28929 92
28930 90
28931 64
28932 28
28933 42
28934 58
28935 64
28936 50
28937 30
28938 12
28939 6
28940 14
28941 10
28942 8
28943 20
28944 4
28945 32
28946 28
28947 10
28948 4
28949 8
28950 8
28951 6
28952 4
28953 6
28954 10
28955 14
28956 14
28957 14
28958 14
28959 12
28960 10
28961 8
28962 6
28963 6
28964 10
28965 12
28966 12
28967 10
28968 14
28969 22
28970 24
28971 24
28972 24
28973 26
28974 26
28975 22
28976 16
28977 14
28978 16
28979 16
28980 16
28981 16
28982 14
28983 10
28984 6
28985 6
28986 8
28987 8
28988 2
28989 10
28990 16
28991 18
28992 14
28993 10
28994 18
28995 28
28996 36
28997 38
28998 32
28999 30
29000 38
29001 38
29002 24
29003 24
29004 16
29005 18
29006 26
29007 20
29008 22
29009 40
29010 54
29011 54
29012 38
29013 18
29014 4
29015 2
29016 12
29017 20
29018 18
29019 12
29020 10
29021 14
29022 14
29023 8
29026 26
29027 28
29028 34
29029 36
29030 30
29031 24
29032 24
29033 24
29034 24
29035 12
29036 8
29037 8
29038 4
29039 12
29040 10
29041 6
29042 4
29043 14
29044 16
29045 18
29046 16
29047 12
29048 14
29049 16
29050 10
29051 24
29052 32
29053 30
29054 30
29055 36
29056 44
29057 42
29058 36
29059 32
29060 26
29061 26
29062 28
29063 30
29064 26
29065 24
29066 34
29067 42
29068 42
29069 42
29070 44
29071 40
29072 32
29073 24
29074 18
29075 16
29076 28
29077 26
29078 42
29079 32
29080 46
29081 54
29082 46
29083 36
29084 38
29085 28
29086 24
29087 40
29088 48
29089 44
29090 42
29091 40
29092 34
29093 30
29094 32
29095 24
29096 18
29097 30
29098 42
29099 34
29100 26
29101 32
29102 36
29103 26
29104 22
29105 24
29106 16
29107 16
29108 6
29109 14
29110 26
29111 150
29112 255
29113 255
29114 255
29115 255
29116 255
29117 255
29118 255
29119 138
29120 20
29121 40
29122 30
29123 16
29124 16
29125 32
29126 26
29127 20
29128 24
29129 72
29130 18
29131 196
29132 255
29133 255
29134 255
29135 255
29136 255
29137 255
29138 82
29139 22
29140 26
29141 36
29142 42
29143 52
29144 12
29145 36
29146 36
29147 32
29148 34
29149 24
29150 22
29151 34
29152 30
29153 18
29154 8
29155 20
29156 32
29157 22
29158 46
29159 48
29160 26
29161 20
29162 32
29163 32
29164 18
29165 4
29166 16
29167 16
29168 14
29169 12
29170 38
29171 26
29172 10
29173 12
29174 14
29175 8
29176 2
29177 8
29178 12
29179 14
29180 14
29181 14
29182 14
29183 16
29184 18
29185 18
29186 14
29187 12
29188 8
29189 8
29190 8
29191 6
29192 6
29193 10
29194 16
29195 22
29196 24
29197 26
29198 30
29199 30
29200 28
29201 26
29202 24
29203 20
29204 16
29205 16
29206 18
29207 14
29208 8
29209 4
29210 6
29211 10
29212 8
29213 4
29214 2
29215 2
29216 10
29217 20
29218 20
29219 18
29220 24
29221 34
29222 36
29223 30
29224 24
29225 34
29226 36
29227 26
29228 18
29229 14
29230 8
29231 18
29232 16
29233 20
29234 32
29235 40
29236 44
29237 34
29238 20
29239 14
29240 20
29241 24
29242 38
29243 34
29244 18
29245 8
29246 10
29247 12
29248 10
29251 34
29252 34
29253 38
29254 42
29255 38
29256 30
29257 28
29258 30
29259 34
29260 22
29261 14
29262 12
29263 6
29264 8
29265 6
29266 6
29267 4
29268 8
29269 16
29270 20
29271 16
29272 10
29273 8
29274 16
29275 18
29276 36
29277 38
29278 36
29279 42
29280 48
29281 50
29282 42
29283 36
29284 32
29285 30
29286 34
29287 36
29288 34
29289 32
29290 34
29291 38
29292 42
29293 46
29294 48
29295 48
29296 44
29297 36
29298 28
29299 26
29300 56
29301 68
29302 52
29303 80
29304 72
29305 48
29306 50
29307 36
29308 24
29309 28
29310 6
29311 2
29312 12
29313 20
29314 32
29315 40
29316 42
29317 36
29318 32
29319 32
29320 30
29321 24
29322 30
29323 42
29324 38
29325 32
29326 36
29327 42
29328 34
29329 28
29330 26
29331 12
29332 12
29333 16
29334 4
29335 102
29336 255
29337 255
29338 255
29339 255
29340 255
29341 255
29342 255
29343 255
29344 255
29345 128
29346 30
29347 40
29348 32
29349 18
29350 38
29351 22
29352 14
29353 20
29354 62
29355 62
29356 255
29357 255
29358 255
29359 214
29360 255
29361 255
29362 196
29363 56
29364 32
29365 32
29366 30
29367 38
29368 38
29369 16
29370 34
29371 28
29372 22
29373 6
29374 6
29375 12
29376 18
29377 34
29378 54
29379 64
29380 62
29381 42
29382 26
29383 30
29384 28
29385 18
29386 42
29387 38
29388 42
29389 42
29390 28
29391 10
29392 6
29393 14
29394 30
29395 36
29396 22
29397 4
29398 6
29399 6
29400 4
29401 8
29402 8
29403 8
29404 10
29405 12
29406 16
29407 18
29408 20
29409 22
29410 24
29411 22
29412 20
29413 16
29414 10
29415 8
29416 4
29417 4
29418 6
29419 6
29420 14
29421 20
29422 22
29423 26
29424 24
29425 18
29426 18
29427 20
29428 16
29429 14
29430 16
29431 20
29432 20
29433 14
29434 8
29435 4
29436 8
29437 10
29438 6
29439 10
29440 12
29441 18
29442 14
29443 16
29444 6
29445 20
29446 30
29447 32
29448 30
29449 22
29450 30
29451 34
29452 28
29453 22
29454 16
29455 4
29456 14
29457 18
29458 24
29459 38
29460 50
29461 54
29462 44
29463 26
29464 30
29465 36
29466 32
29467 48
29468 48
29469 32
29470 14
29471 10
29472 6
29473 6
29476 22
29477 28
29478 32
29479 36
29480 38
29481 30
29482 24
29483 26
29484 32
29485 22
29486 8
29487 4
29488 6
29489 12
29490 10
29491 8
29492 8
29493 6
29494 14
29495 20
29496 18
29497 14
29498 10
29499 14
29500 18
29501 34
29502 34
29503 36
29504 46
29505 50
29506 42
29507 30
29508 28
29509 26
29510 28
29511 34
29512 32
29513 24
29514 24
29515 26
29516 34
29517 36
29518 38
29519 40
29520 40
29521 38
29522 38
29523 34
29524 60
29525 90
29526 92
29527 62
29528 106
29529 110
29530 82
29531 46
29532 22
29533 12
29534 24
29535 18
29536 18
29537 26
29538 24
29539 26
29540 36
29541 38
29542 36
29543 36
29544 36
29545 36
29546 32
29547 34
29548 42
29549 40
29550 34
29551 36
29552 44
29553 42
29554 40
29555 40
29556 22
29557 14
29558 20
29559 30
29560 186
29561 255
29562 255
29563 255
29564 255
29565 204
29566 255
29567 255
29568 255
29569 255
29570 255
29571 78
29572 28
29573 34
29574 8
29575 36
29576 14
29577 4
29578 10
29579 40
29580 88
29581 255
29582 255
29583 255
29584 70
29585 255
29586 255
29587 110
29588 46
29589 52
29590 36
29591 42
29592 26
29593 16
29594 10
29595 24
29596 20
29597 22
29598 12
29599 14
29600 8
29601 4
29602 26
29603 36
29604 30
29605 32
29606 32
29607 36
29608 44
29609 46
29610 32
29611 24
29612 6
29613 16
29614 34
29615 44
29616 46
29617 46
29618 40
29619 26
29620 18
29621 6
29622 6
29623 10
29624 8
29625 4
29626 6
29627 8
29628 8
29629 14
29630 18
29631 20
29632 22
29633 22
29634 22
29635 22
29636 20
29637 22
29638 20
29639 16
29640 10
29641 6
29642 8
29643 6
29644 4
29645 6
29646 10
29647 12
29648 14
29649 14
29650 8
29651 8
29652 12
29653 8
29654 10
29655 10
29656 14
29657 18
29658 16
29659 12
29660 6
29661 4
29662 10
29663 10
29664 16
29665 18
29666 22
29667 14
29668 20
29669 8
29670 16
29671 24
29672 28
29673 26
29674 12
29675 18
29676 20
29677 18
29678 20
29679 18
29680 6
29681 18
29682 24
29683 32
29684 46
29685 54
29686 54
29687 42
29688 22
29689 38
29690 46
29691 38
29692 56
29693 58
29694 42
29695 20
29696 12
29697 10
29698 4
29701 20
29702 28
29703 38
29704 44
29705 48
29706 40
29707 28
29708 24
29709 26
29710 18
29711 8
29712 4
29713 0
29714 4
29715 12
29716 10
29717 2
29718 14
29719 24
29720 26
29721 16
29722 6
29723 10
29724 12
29725 14
29726 26
29727 28
29728 30
29729 40
29730 44
29731 40
29732 38
29733 40
29734 38
29735 40
29736 46
29737 34
29738 26
29739 16
29740 6
29741 12
29742 18
29743 22
29744 22
29745 20
29746 20
29747 38
29748 52
29749 68
29750 88
29751 72
29752 32
29753 90
29754 114
29755 102
29756 66
29757 28
29758 16
29759 32
29760 22
29761 14
29762 22
29763 24
29764 28
29765 34
29766 26
29767 36
29768 42
29769 44
29770 44
29771 42
29772 40
29773 46
29774 50
29775 42
29776 40
29777 48
29778 50
29779 48
29780 48
29781 32
29782 22
29783 28
29784 72
29785 255
29786 255
29787 255
29788 255
29789 184
29790 84
29791 210
29792 238
29793 255
29794 255
29795 255
29796 172
29797 14
29798 36
29799 14
29800 38
29801 22
29802 14
29803 12
29804 16
29805 134
29806 255
29807 255
29808 255
29809 178
29810 255
29811 255
29812 72
29813 36
29814 56
29815 36
29816 38
29817 30
29818 8
29819 10
29820 16
29821 6
29822 26
29823 34
29824 28
29825 14
29826 14
29827 18
29828 20
29829 8
29830 6
29831 14
29832 20
29833 30
29834 38
29835 36
29836 16
29837 10
29838 10
29839 6
29840 30
29841 40
29842 40
29843 38
29844 24
29845 12
29846 6
29847 6
29848 6
29849 6
29850 10
29851 18
29852 18
29853 16
29854 22
29855 22
29856 20
29857 18
29858 12
29859 12
29860 12
29861 8
29862 12
29863 14
29864 14
29865 12
29866 8
29867 10
29868 4
29869 8
29870 4
29871 4
29872 12
29873 14
29874 8
29875 6
29876 8
29877 14
29878 12
29879 8
29880 2
29881 8
29882 10
29883 8
29884 8
29885 8
29886 4
29887 2
29888 10
29889 20
29890 28
29891 34
29892 30
29893 42
29894 32
29895 18
29896 18
29897 34
29898 32
29899 10
29900 14
29901 24
29902 22
29903 24
29904 12
29905 0
29906 6
29907 14
29908 28
29909 44
29910 52
29911 48
29912 30
29913 18
29914 42
29915 44
29916 28
29917 50
29918 52
29919 32
29920 10
29921 10
29922 14
29923 20
29926 30
29927 32
29928 40
29929 50
29930 54
29931 44
29932 30
29933 32
29934 26
29935 10
29936 4
29937 6
29938 6
29939 12
29940 10
29941 10
29942 28
29943 40
29944 40
29945 30
29946 12
29947 6
29948 14
29949 18
29950 22
29951 36
29952 38
29953 34
29954 42
29955 48
29956 56
29957 62
29958 58
29959 52
29960 52
29961 52
29962 28
29963 36
29964 18
29965 16
29966 20
29967 28
29968 34
29969 30
29970 18
29971 6
29972 30
29973 68
29974 86
29975 88
29976 68
29977 26
29978 68
29979 86
29980 90
29981 70
29982 42
29983 16
29984 20
29985 20
29986 22
29987 28
29988 22
29989 16
29990 28
29991 40
29992 48
29993 54
29994 56
29995 54
29996 52
29997 50
29998 54
29999 60
30000 52
30001 46
30002 54
30003 62
30004 62
30005 58
30006 38
30007 24
30008 24
30009 98
30010 255
30011 255
30012 255
30013 255
30014 22
30015 206
30016 255
30017 255
30018 168
30019 255
30020 255
30021 255
30022 68
30023 4
30024 20
30025 42
30026 28
30027 26
30028 26
30029 64
30030 228
30031 255
30032 255
30033 255
30034 255
30035 255
30036 255
30037 42
30038 14
30039 32
30040 38
30041 26
30042 40
30043 20
30044 18
30045 16
30046 12
30047 16
30048 38
30049 42
30050 32
30051 24
30052 32
30053 34
30054 24
30055 22
30056 26
30057 20
30058 18
30059 22
30060 38
30061 42
30062 26
30063 12
30064 20
30065 24
30066 10
30067 10
30068 16
30069 20
30070 16
30071 14
30072 18
30073 20
30074 24
30075 26
30076 26
30077 20
30078 16
30079 18
30080 12
30081 6
30082 8
30083 8
30084 16
30085 14
30086 6
30087 6
30088 6
30089 6
30090 6
30091 4
30092 4
30093 4
30094 8
30095 4
30096 4
30097 12
30098 16
30099 14
30100 14
30101 18
30102 24
30103 28
30104 22
30105 10
30106 20
30107 22
30108 20
30109 20
30110 16
30111 8
30112 6
30113 16
30114 34
30115 48
30116 58
30117 54
30118 66
30119 62
30120 40
30121 2
30122 36
30123 50
30124 42
30125 14
30126 34
30127 38
30128 24
30129 6
30130 14
30131 20
30132 8
30133 16
30134 36
30135 46
30136 44
30137 20
30138 24
30139 48
30140 38
30141 22
30142 44
30143 66
30144 54
30145 14
30146 24
30147 36
30148 50
30151 14
30152 16
30153 20
30154 34
30155 42
30156 48
30157 58
30158 58
30159 40
30160 26
30161 18
30162 14
30163 14
30164 14
30165 6
30166 14
30167 26
30168 32
30169 24
30170 12
30171 14
30172 26
30173 30
30174 28
30175 32
30176 44
30177 40
30178 36
30179 48
30180 54
30181 64
30182 62
30183 42
30184 32
30185 32
30186 30
30187 18
30188 36
30189 46
30190 32
30191 28
30192 36
30193 38
30194 30
30195 16
30196 6
30197 14
30198 64
30199 102
30200 104
30201 90
30202 60
30203 80
30204 94
30205 72
30206 48
30207 32
30208 10
30209 16
30210 30
30211 44
30212 56
30213 52
30214 38
30215 38
30216 48
30217 56
30218 60
30219 60
30220 58
30221 52
30222 48
30223 54
30224 58
30225 50
30226 42
30227 48
30228 60
30229 70
30230 74
30231 52
30232 28
30233 8
30234 78
30235 255
30236 255
30237 255
30238 210
30239 56
30240 238
30241 255
30242 226
30243 90
30244 168
30245 255
30246 255
30247 158
30248 70
30249 24
30250 32
30251 30
30252 30
30253 26
30254 136
30255 255
30256 255
30257 255
30258 96
30259 255
30260 255
30261 166
30262 38
30263 16
30264 10
30265 40
30266 38
30267 52
30268 26
30269 16
30270 6
30271 20
30272 12
30273 16
30274 24
30275 24
30276 30
30277 38
30278 34
30279 20
30280 24
30281 24
30282 14
30283 10
30284 12
30285 22
30286 34
30287 36
30288 26
30289 22
30290 16
30291 2
30292 12
30293 8
30294 6
30295 8
30296 8
30297 10
30298 18
30299 22
30300 18
30301 16
30302 12
30303 8
30304 4
30305 6
30306 12
30307 20
30308 26
30309 22
30310 12
30311 8
30312 8
30313 8
30314 6
30315 2
30316 0
30317 0
30318 4
30319 10
30320 8
30321 8
30322 12
30323 16
30324 16
30325 26
30326 30
30327 30
30328 36
30329 38
30330 24
30331 32
30332 26
30333 30
30334 34
30335 26
30336 18
30337 10
30338 26
30339 52
30340 68
30341 74
30342 60
30343 66
30344 74
30345 60
30346 32
30347 28
30348 54
30349 60
30350 48
30351 74
30352 66
30353 32
30354 28
30355 8
30356 20
30357 18
30358 10
30359 36
30360 48
30361 44
30362 16
30363 32
30364 56
30365 38
30366 36
30367 58
30368 72
30369 48
30370 18
30371 58
30372 68
30373 72
30376 16
30377 22
30378 28
30379 46
30380 64
30381 70
30382 74
30383 64
30384 52
30385 52
30386 52
30387 54
30388 56
30389 52
30390 28
30391 16
30392 14
30393 22
30394 18
30395 24
30396 40
30397 42
30398 38
30399 36
30400 42
30401 48
30402 40
30403 36
30404 46
30405 48
30406 58
30407 48
30408 14
30409 2
30410 8
30411 20
30412 38
30413 68
30414 64
30415 40
30416 30
30417 32
30418 28
30419 22
30420 12
30421 14
30422 6
30423 36
30424 76
30425 82
30426 78
30427 66
30428 74
30429 80
30430 56
30431 38
30432 32
30433 30
30434 38
30435 42
30436 42
30437 58
30438 62
30439 52
30440 42
30441 40
30442 42
30443 44
30444 44
30445 42
30446 34
30447 26
30448 36
30449 48
30450 42
30451 30
30452 32
30453 44
30454 60
30455 72
30456 62
30457 46
30458 26
30459 84
30460 255
30461 255
30462 255
30463 206
30464 32
30465 224
30466 255
30467 198
30468 58
30469 114
30470 255
30471 255
30472 230
30473 136
30474 74
30475 66
30476 48
30477 50
30478 62
30479 160
30480 255
30481 255
30482 255
30483 84
30484 255
30485 255
30486 106
30487 60
30488 20
30489 32
30490 24
30491 26
30492 52
30493 32
30494 14
30495 16
30496 22
30497 10
30498 4
30499 10
30500 12
30501 26
30502 24
30503 16
30504 8
30505 18
30506 16
30507 4
30508 2
30509 4
30510 12
30511 18
30512 20
30513 18
30514 12
30515 10
30516 6
30517 18
30518 16
30519 8
30520 4
30521 6
30522 8
30523 12
30524 8
30525 2
30526 4
30527 10
30528 16
30529 18
30530 18
30531 20
30532 18
30533 12
30534 10
30535 10
30536 8
30537 6
30538 2
30539 2
30540 4
30541 2
30542 0
30543 4
30544 10
30545 6
30546 4
30547 8
30548 16
30549 26
30550 36
30551 30
30552 22
30553 24
30554 34
30555 52
30556 56
30557 46
30558 48
30559 44
30560 42
30561 44
30562 34
30563 40
30564 56
30565 60
30566 46
30567 20
30568 28
30569 52
30570 60
30571 40
30572 22
30573 36
30574 58
30575 80
30576 102
30577 84
30578 78
30579 68
30580 28
30581 14
30582 30
30583 10
30584 30
30585 62
30586 68
30587 44
30588 58
30589 66
30590 32
30591 38
30592 66
30593 94
30594 60
30595 38
30596 64
30597 56
30598 48
30601 26
30602 32
30603 40
30604 58
30605 78
30606 86
30607 82
30608 76
30609 80
30610 78
30611 68
30612 72
30613 76
30614 78
30615 54
30616 24
30617 4
30618 16
30619 22
30620 36
30621 48
30622 44
30623 46
30624 54
30625 58
30626 58
30627 50
30628 44
30629 50
30630 52
30631 58
30632 38
30633 2
30634 12
30635 18
30636 28
30637 54
30638 72
30639 64
30640 42
30641 28
30642 24
30643 20
30644 18
30645 10
30646 20
30647 12
30648 28
30649 44
30650 48
30651 48
30652 50
30653 54
30654 50
30655 28
30656 40
30657 48
30658 40
30659 40
30660 34
30661 26
30662 42
30663 50
30664 50
30665 44
30666 36
30667 34
30668 36
30669 36
30670 30
30671 20
30672 10
30673 12
30674 30
30675 32
30676 22
30677 24
30678 34
30679 52
30680 58
30681 54
30682 50
30683 44
30684 166
30685 255
30686 255
30687 255
30688 232
30689 58
30690 246
30691 255
30692 255
30693 246
30694 222
30695 255
30696 255
30697 255
30698 164
30699 86
30700 74
30701 34
30702 44
30703 78
30704 180
30705 255
30706 255
30707 255
30708 236
30709 255
30710 255
30711 78
30712 46
30713 18
30714 32
30715 22
30716 28
30717 42
30718 38
30719 20
30720 28
30721 18
30722 10
30723 4
30724 4
30725 6
30726 16
30727 8
30728 4
30729 8
30730 22
30731 12
30732 4
30733 10
30734 4
30735 6
30736 14
30737 8
30738 8
30739 4
30740 4
30741 2
30742 8
30743 10
30744 10
30745 8
30746 8
30747 6
30748 12
30749 12
30750 10
30751 22
30752 34
30753 36
30754 28
30755 26
30756 20
30757 14
30758 10
30759 6
30760 6
30761 8
30762 4
30763 4
30764 6
30765 6
30766 6
30767 4
30768 8
30769 14
30770 12
30771 4
30772 14
30773 26
30774 32
30775 32
30776 18
30777 24
30778 52
30779 88
30780 116
30781 112
30782 88
30783 74
30784 62
30785 60
30786 60
30787 44
30788 18
30789 26
30790 52
30791 52
30792 42
30793 56
30794 76
30795 72
30796 44
30797 28
30798 36
30799 60
30800 86
30801 90
30802 60
30803 88
30804 86
30805 48
30806 6
30807 24
30808 12
30809 26
30810 70
30811 90
30812 72
30813 74
30814 68
30815 26
30816 42
30817 54
30818 88
30819 56
30820 38
30821 52
30822 52
30823 44
30826 36
30827 42
30828 52
30829 68
30830 90
30831 102
30832 102
30833 106
30834 112
30835 94
30836 74
30837 76
30838 78
30839 82
30840 70
30841 42
30842 18
30843 12
30844 18
30845 36
30846 52
30847 50
30848 54
30849 60
30850 58
30851 56
30852 48
30853 44
30854 50
30855 52
30856 50
30857 30
30858 10
30859 18
30860 16
30861 32
30862 58
30863 70
30864 64
30865 44
30866 28
30867 28
30868 20
30869 20
30870 16
30871 24
30872 10
30873 20
30874 36
30875 32
30876 28
30877 38
30878 38
30879 28
30880 12
30881 26
30882 50
30883 52
30884 42
30885 28
30886 14
30887 24
30888 30
30889 32
30890 34
30891 34
30892 32
30893 32
30894 30
30895 30
30896 32
30897 28
30898 26
30899 34
30900 24
30901 12
30902 22
30903 32
30904 56
30905 68
30906 66
30907 56
30908 60
30909 238
30910 255
30911 255
30912 255
30913 196
30914 76
30915 174
30916 255
30917 255
30918 255
30919 255
30920 255
30921 255
30922 255
30923 226
30924 112
30925 78
30926 16
30927 48
30928 80
30929 224
30930 255
30931 255
30932 142
30933 255
30934 255
30935 234
30936 28
30937 26
30938 50
30939 48
30940 24
30941 30
30942 40
30943 34
30944 28
30945 26
30946 26
30947 14
30948 8
30949 10
30950 10
30951 24
30952 18
30953 12
30954 18
30955 26
30956 10
30957 6
30958 18
30959 12
30960 18
30961 24
30962 14
30963 12
30964 8
30965 6
30966 8
30967 12
30968 12
30969 14
30970 14
30971 6
30972 6
30973 8
30974 2
30975 12
30976 32
30977 44
30978 38
30979 32
30980 32
30981 26
30982 24
30983 26
30984 20
30985 12
30986 12
30987 8
30988 6
30989 6
30990 4
30991 8
30992 6
30993 10
30994 16
30995 14
30996 14
30997 20
30998 26
30999 24
31000 10
31001 24
31002 66
31003 108
31004 156
31005 182
31006 160
31007 120
31008 108
31009 102
31010 94
31011 76
31012 46
31013 22
31014 32
31015 60
31016 66
31017 66
31018 86
31019 98
31020 82
31021 50
31022 34
31023 32
31024 48
31025 52
31026 28
31027 14
31028 52
31029 68
31030 46
31031 12
31032 28
31033 48
31034 54
31035 60
31036 88
31037 78
31038 64
31039 56
31040 48
31041 64
31042 58
31043 84
31044 50
31045 34
31046 56
31047 72
31048 58
31051 38
31052 46
31053 56
31054 70
31055 96
31056 112
31057 110
31058 110
31059 112
31060 90
31061 76
31062 86
31063 86
31064 82
31065 76
31066 56
31067 30
31068 26
31069 28
31070 44
31071 60
31072 54
31073 52
31074 54
31075 50
31076 46
31077 36
31078 32
31079 36
31080 38
31081 40
31082 34
31083 20
31084 32
31085 32
31086 46
31087 68
31088 70
31089 60
31090 42
31091 30
31092 30
31093 22
31094 14
31095 18
31096 24
31097 14
31098 24
31099 38
31100 30
31101 36
31102 38
31103 36
31104 34
31105 26
31106 24
31107 50
31108 60
31109 46
31110 18
31111 8
31112 10
31113 8
31114 6
31115 12
31116 18
31117 28
31118 46
31119 58
31120 56
31121 54
31122 46
31123 36
31124 36
31125 20
31126 8
31127 14
31128 28
31129 50
31130 58
31131 60
31132 56
31133 58
31134 242
31135 255
31136 255
31137 255
31138 124
31139 44
31140 58
31141 130
31142 208
31143 246
31144 255
31145 255
31146 255
31147 255
31148 255
31149 194
31150 114
31151 24
31152 42
31153 84
31154 255
31155 255
31156 255
31157 98
31158 255
31159 255
31160 142
31161 58
31162 58
31163 68
31164 58
31165 34
31166 50
31167 50
31168 36
31169 38
31170 30
31171 42
31172 28
31173 18
31174 16
31175 12
31176 28
31177 24
31178 24
31179 26
31180 28
31181 10
31182 10
31183 28
31184 26
31185 28
31186 32
31187 28
31188 28
31189 26
31190 24
31191 20
31192 22
31193 20
31194 20
31195 18
31196 8
31197 10
31198 6
31199 6
31200 20
31201 38
31202 44
31203 32
31204 26
31205 32
31206 28
31207 20
31208 22
31209 22
31210 16
31211 16
31212 12
31213 8
31214 10
31215 6
31216 6
31217 4
31218 6
31219 12
31220 16
31221 16
31222 16
31223 14
31224 14
31225 12
31226 54
31227 100
31228 148
31229 184
31230 188
31231 158
31232 130
31233 134
31234 140
31235 136
31236 116
31237 76
31238 38
31239 36
31240 44
31241 54
31242 74
31243 92
31244 94
31245 64
31246 32
31247 6
31248 32
31249 64
31250 60
31251 38
31252 56
31253 86
31254 94
31255 60
31256 10
31257 32
31258 54
31259 60
31260 54
31261 72
31262 74
31263 54
31264 32
31265 38
31266 56
31267 56
31268 94
31269 50
31270 44
31271 68
31272 76
31273 56
31276 38
31277 44
31278 54
31279 74
31280 104
31281 112
31282 100
31283 100
31284 102
31285 74
31286 60
31287 80
31288 84
31289 78
31290 76
31291 60
31292 38
31293 34
31294 32
31295 46
31296 56
31297 46
31298 44
31299 50
31300 48
31301 42
31302 30
31303 26
31304 34
31305 38
31306 42
31307 38
31308 22
31309 38
31310 44
31311 52
31312 62
31313 58
31314 46
31315 28
31316 22
31317 24
31318 16
31319 10
31320 16
31321 32
31322 24
31323 24
31324 38
31325 30
31326 26
31327 20
31328 18
31329 30
31330 38
31331 40
31332 62
31333 62
31334 36
31335 16
31336 26
31337 28
31338 24
31339 18
31340 22
31341 36
31342 52
31343 66
31344 70
31345 62
31346 54
31347 40
31348 24
31349 20
31350 12
31351 20
31352 24
31353 20
31354 44
31355 46
31356 38
31357 34
31358 28
31359 216
31360 255
31361 255
31362 255
31363 84
31364 44
31365 18
31366 24
31367 70
31368 98
31369 160
31370 255
31371 255
31372 255
31373 255
31374 255
31375 152
31376 60
31377 56
31378 134
31379 255
31380 255
31381 255
31382 255
31383 255
31384 255
31385 102
31386 72
31387 78
31388 80
31389 62
31390 58
31391 62
31392 58
31393 44
31394 38
31395 26
31396 46
31397 36
31398 24
31399 28
31400 22
31401 28
31402 26
31403 28
31404 24
31405 22
31406 16
31407 12
31408 38
31409 42
31410 40
31411 42
31412 42
31413 40
31414 40
31415 42
31416 30
31417 24
31418 22
31419 20
31420 12
31421 10
31422 14
31423 2
31424 14
31425 26
31426 36
31427 34
31428 22
31429 12
31430 22
31431 24
31432 18
31433 18
31434 20
31435 16
31436 18
31437 16
31438 12
31439 10
31440 2
31441 2
31442 2
31443 8
31444 18
31445 18
31446 16
31447 14
31448 12
31449 12
31450 14
31451 58
31452 98
31453 136
31454 152
31455 142
31456 126
31457 124
31458 120
31459 154
31460 158
31461 146
31462 102
31463 60
31464 54
31465 50
31466 56
31467 70
31468 74
31469 50
31470 32
31471 36
31472 36
31473 40
31474 72
31475 70
31476 54
31477 74
31478 98
31479 96
31480 52
31481 26
31482 40
31483 48
31484 50
31485 38
31486 30
31487 46
31488 38
31489 28
31490 56
31491 82
31492 90
31493 130
31494 70
31495 74
31496 88
31497 104
31498 88
31501 40
31502 46
31503 58
31504 78
31505 100
31506 100
31507 92
31508 94
31509 86
31510 50
31511 38
31512 64
31513 80
31514 80
31515 82
31516 68
31517 44
31518 36
31519 32
31520 42
31521 48
31522 42
31523 44
31524 48
31525 46
31526 42
31527 28
31528 24
31529 32
31530 34
31531 36
31532 28
31533 14
31534 34
31535 48
31536 54
31537 56
31538 50
31539 36
31540 18
31541 16
31542 22
31543 16
31544 12
31545 20
31546 34
31547 24
31548 10
31549 26
31550 28
31551 14
31552 2
31553 8
31554 20
31555 26
31556 30
31557 44
31558 42
31559 24
31560 18
31561 34
31562 22
31563 24
31564 16
31565 24
31566 40
31567 54
31568 64
31569 60
31570 44
31571 30
31572 12
31573 2
31574 6
31575 16
31576 32
31577 28
31578 16
31579 38
31580 60
31581 52
31582 32
31583 24
31584 226
31585 255
31586 255
31587 255
31588 22
31589 40
31590 20
31591 14
31592 36
31593 14
31594 32
31595 134
31596 255
31597 255
31598 255
31599 255
31600 156
31601 68
31602 78
31603 214
31604 255
31605 255
31606 112
31607 255
31608 255
31609 166
31610 58
31611 70
31612 66
31613 68
31614 60
31615 68
31616 62
31617 52
31618 44
31619 28
31620 26
31621 44
31622 40
31623 36
31624 30
31625 18
31626 12
31627 18
31628 16
31629 14
31630 4
31631 12
31632 8
31633 46
31634 58
31635 50
31636 48
31637 48
31638 44
31639 44
31640 48
31641 38
31642 22
31643 14
31644 8
31645 12
31646 22
31647 14
31648 6
31649 22
31650 28
31651 28
31652 24
31653 14
31654 2
31655 12
31656 16
31657 20
31658 22
31659 20
31660 16
31661 18
31662 18
31663 16
31664 8
31665 0
31666 2
31667 6
31668 12
31669 18
31670 20
31671 20
31672 22
31673 28
31674 30
31675 32
31676 74
31677 108
31678 132
31679 140
31680 130
31681 100
31682 96
31683 54
31684 120
31685 136
31686 140
31687 112
31688 96
31689 80
31690 64
31691 56
31692 56
31693 36
31694 18
31695 74
31696 86
31697 52
31698 40
31699 50
31700 44
31701 44
31702 74
31703 92
31704 70
31705 20
31706 26
31707 46
31708 62
31709 68
31710 56
31711 24
31712 44
31713 60
31714 72
31715 90
31716 106
31717 116
31718 158
31719 90
31720 128
31721 114
31722 138
31723 122
31726 30
31727 38
31728 50
31729 64
31730 78
31731 80
31732 78
31733 72
31734 50
31735 24
31736 16
31737 34
31738 60
31739 72
31740 82
31741 72
31742 48
31743 40
31744 36
31745 44
31746 50
31747 48
31748 48
31749 46
31750 44
31751 38
31752 18
31753 14
31754 12
31755 14
31756 18
31757 10
31758 20
31759 48
31760 58
31761 56
31762 56
31763 48
31764 34
31765 18
31766 16
31767 26
31768 24
31769 22
31770 32
31771 40
31772 28
31773 12
31774 10
31775 24
31776 28
31777 16
31778 22
31779 16
31780 4
31781 4
31782 24
31783 40
31784 34
31785 34
31786 36
31787 22
31788 22
31789 12
31790 26
31791 40
31792 52
31793 58
31794 48
31795 28
31796 12
31797 8
31798 20
31799 18
31800 20
31801 22
31802 22
31803 14
31804 22
31805 52
31806 54
31807 28
31808 34
31809 252
31810 255
31811 255
31812 255
31813 110
31814 116
31815 70
31816 38
31817 24
31818 14
31819 10
31820 60
31821 236
31822 255
31823 255
31824 255
31825 166
31826 68
31827 118
31828 255
31829 255
31830 255
31831 102
31832 255
31833 255
31834 110
31835 62
31836 50
31837 48
31838 28
31839 36
31840 50
31841 50
31842 42
31843 40
31844 30
31845 34
31846 50
31847 48
31848 48
31849 52
31850 40
31851 20
31852 14
31853 22
31854 24
31855 22
31856 30
31857 26
31858 56
31859 64
31860 46
31861 40
31862 42
31863 38
31864 40
31865 46
31866 40
31867 22
31868 4
31869 16
31870 34
31871 32
31872 12
31873 14
31874 28
31875 26
31876 18
31877 24
31878 26
31879 14
31880 8
31881 4
31882 14
31883 20
31884 14
31885 10
31886 16
31887 22
31888 18
31889 6
31890 2
31891 8
31892 12
31893 16
31894 20
31895 20
31896 20
31897 22
31898 30
31899 32
31900 30
31901 78
31902 130
31903 166
31904 182
31905 192
31906 196
31907 172
31908 68
31909 136
31910 160
31911 182
31912 164
31913 124
31914 84
31915 50
31916 32
31917 22
31918 14
31919 66
31920 102
31921 82
31922 36
31923 42
31924 36
31925 26
31926 50
31927 84
31928 76
31929 18
31930 38
31931 38
31932 26
31933 48
31934 66
31935 68
31936 46
31937 54
31938 70
31939 82
31940 88
31941 92
31942 102
31943 148
31944 80
31945 156
31946 176
31947 130
31948 94
31951 14
31952 24
31953 34
31954 44
31955 58
31956 62
31957 62
31958 60
31959 50
31960 36
31961 28
31962 40
31963 54
31964 68
31965 78
31966 68
31967 54
31968 44
31969 38
31970 44
31971 52
31972 50
31973 44
31974 42
31975 42
31976 34
31977 16
31978 16
31979 4
31980 8
31981 18
31982 12
31983 34
31984 54
31985 58
31986 54
31987 52
31988 48
31989 40
31990 22
31991 14
31992 24
31993 26
31994 26
31995 38
31996 48
31997 36
31998 24
31999 36
32000 52
32001 42
32002 30
32003 34
32004 28
32005 22
32006 20
32007 32
32008 48
32009 40
32010 42
32011 36
32012 34
32013 28
32014 20
32015 28
32016 38
32017 50
32018 54
32019 42
32020 22
32021 4
32022 16
32023 26
32024 18
32025 14
32026 8
32027 24
32028 26
32029 36
32030 50
32031 36
32032 42
32033 74
32034 255
32035 255
32036 255
32037 255
32038 252
32039 238
32040 198
32041 100
32042 26
32043 44
32044 48
32045 158
32046 255
32047 255
32048 255
32049 255
32050 188
32051 92
32052 186
32053 255
32054 255
32055 255
32056 255
32057 255
32058 252
32059 72
32060 40
32061 22
32062 14
32063 10
32064 36
32065 36
32066 26
32067 30
32068 34
32069 28
32070 34
32071 52
32072 52
32073 52
32074 62
32075 60
32076 42
32077 32
32078 38
32079 36
32080 32
32081 32
32082 36
32083 74
32084 68
32085 42
32086 30
32087 30
32088 24
32089 30
32090 40
32091 38
32092 22
32093 20
32094 32
32095 46
32096 34
32097 26
32098 28
32099 32
32100 20
32101 6
32102 16
32103 26
32104 24
32105 18
32106 10
32107 8
32108 22
32109 20
32110 12
32111 18
32112 22
32113 14
32114 4
32115 4
32116 10
32117 14
32118 18
32119 18
32120 14
32121 16
32122 20
32123 26
32124 24
32125 8
32126 44
32127 102
32128 148
32129 172
32130 194
32131 222
32132 230
32133 148
32134 198
32135 210
32136 216
32137 178
32138 118
32139 58
32140 12
32141 6
32142 12
32143 36
32144 74
32145 84
32146 44
32147 22
32148 38
32149 30
32150 20
32151 58
32152 84
32153 36
32154 64
32155 102
32156 60
32157 44
32158 26
32159 26
32160 36
32161 28
32162 20
32163 40
32164 56
32165 56
32166 56
32167 66
32168 116
32169 54
32170 136
32171 198
32172 188
32173 130
32176 8
32177 20
32178 26
32179 36
32180 50
32181 54
32182 66
32183 68
32184 58
32185 42
32186 26
32187 38
32188 58
32189 72
32190 74
32191 64
32192 56
32193 46
32194 40
32195 48
32196 54
32197 50
32198 46
32199 48
32200 46
32201 34
32202 22
32203 28
32204 20
32205 10
32206 8
32207 14
32208 40
32209 58
32210 60
32211 50
32212 48
32213 52
32214 48
32215 26
32216 14
32217 20
32218 28
32219 30
32220 38
32221 48
32222 36
32223 26
32224 36
32225 34
32226 12
32227 18
32228 30
32229 20
32230 8
32231 18
32232 24
32233 34
32234 18
32235 22
32236 22
32237 34
32238 32
32239 24
32240 30
32241 40
32242 50
32243 52
32244 38
32245 12
32246 8
32247 22
32248 22
32249 10
32250 24
32251 20
32252 24
32253 28
32254 26
32255 20
32256 30
32257 48
32258 100
32259 255
32260 255
32261 255
32262 198
32263 194
32264 248
32265 224
32266 122
32267 16
32268 118
32269 184
32270 255
32271 255
32272 255
32273 220
32274 246
32275 196
32276 116
32277 226
32278 255
32279 255
32280 46
32281 255
32282 255
32283 214
32284 64
32285 32
32286 50
32287 38
32288 42
32289 52
32290 32
32291 8
32292 12
32293 20
32294 16
32295 16
32296 32
32297 40
32298 44
32299 54
32300 58
32301 48
32302 46
32303 54
32304 46
32305 36
32306 34
32307 52
32308 94
32309 74
32310 32
32311 20
32312 28
32313 20
32314 26
32315 36
32316 38
32317 34
32318 36
32319 48
32320 52
32321 24
32322 32
32323 38
32324 36
32325 16
32326 6
32327 8
32328 14
32329 24
32330 28
32331 18
32332 4
32333 24
32334 20
32335 8
32336 20
32337 26
32338 20
32339 10
32340 10
32341 10
32342 16
32343 18
32344 10
32345 6
32346 14
32347 24
32348 36
32349 38
32350 22
32351 12
32352 60
32353 102
32354 126
32355 148
32356 182
32357 206
32358 156
32359 188
32360 182
32361 170
32362 128
32363 68
32364 8
32365 30
32366 42
32367 46
32368 52
32369 54
32370 74
32371 56
32372 24
32373 30
32374 18
32375 32
32376 80
32377 86
32378 34
32379 146
32380 156
32381 104
32382 96
32383 40
32384 22
32385 14
32386 14
32387 8
32388 44
32389 76
32390 88
32391 90
32392 106
32393 156
32394 86
32395 80
32396 172
32397 198
32398 174
32401 10
32402 18
32403 22
32404 36
32405 48
32406 40
32407 52
32408 56
32409 52
32410 46
32411 28
32412 40
32413 64
32414 74
32415 80
32416 72
32417 54
32418 48
32419 48
32420 50
32421 48
32422 44
32423 42
32424 40
32425 34
32426 22
32427 14
32428 20
32429 18
32430 12
32431 10
32432 22
32433 44
32434 58
32435 50
32436 36
32437 42
32438 50
32439 44
32440 20
32441 8
32442 10
32443 20
32444 28
32445 34
32446 40
32447 28
32448 14
32449 20
32450 16
32451 16
32452 26
32453 26
32454 10
32455 8
32456 4
32457 24
32458 40
32459 12
32460 16
32461 20
32462 22
32463 28
32464 12
32465 26
32466 36
32467 38
32468 36
32469 28
32470 10
32471 8
32472 16
32473 10
32474 34
32475 50
32476 36
32477 32
32478 32
32479 14
32480 12
32481 42
32482 54
32483 116
32484 255
32485 255
32486 254
32487 88
32488 86
32489 228
32490 255
32491 114
32492 122
32493 254
32494 255
32495 255
32496 255
32497 144
32498 182
32499 242
32500 184
32501 108
32502 255
32503 255
32504 255
32505 162
32506 255
32507 255
32508 180
32509 66
32510 42
32511 38
32512 34
32513 50
32514 56
32515 38
32516 28
32517 20
32518 20
32519 12
32520 22
32521 30
32522 24
32523 22
32524 38
32525 56
32526 58
32527 48
32528 34
32529 28
32530 26
32531 16
32532 40
32533 100
32534 82
32535 46
32536 42
32537 28
32538 6
32539 30
32540 46
32541 50
32542 54
32543 48
32544 50
32545 44
32546 22
32547 40
32548 52
32549 44
32550 16
32551 20
32552 22
32553 24
32554 28
32555 40
32556 34
32557 14
32558 28
32559 26
32560 24
32561 30
32562 26
32563 10
32564 8
32565 20
32566 20
32567 22
32568 12
32569 6
32570 12
32571 18
32572 26
32573 42
32574 48
32575 36
32576 12
32577 30
32578 56
32579 72
32580 80
32581 100
32582 122
32583 100
32584 124
32585 124
32586 124
32587 90
32588 28
32589 30
32590 52
32591 52
32592 50
32593 38
32594 20
32595 54
32596 72
32597 36
32598 30
32599 4
32600 48
32601 82
32602 54
32603 64
32604 166
32605 128
32606 76
32607 102
32608 56
32609 24
32610 22
32611 38
32612 36
32613 56
32614 86
32615 108
32616 108
32617 134
32618 192
32619 146
32620 76
32621 96
32622 154
32623 166
32626 22
32627 26
32628 26
32629 32
32630 40
32631 34
32632 38
32633 40
32634 38
32635 44
32636 36
32637 42
32638 66
32639 80
32640 88
32641 74
32642 56
32643 56
32644 52
32645 44
32646 36
32647 40
32648 44
32649 38
32650 28
32651 18
32652 10
32653 12
32654 14
32655 16
32656 22
32657 32
32658 46
32659 50
32660 36
32661 28
32662 38
32663 44
32664 46
32665 26
32666 2
32667 4
32668 10
32669 20
32670 28
32671 32
32672 28
32673 16
32674 24
32675 30
32676 46
32677 52
32678 32
32679 22
32680 28
32681 26
32682 44
32683 44
32684 20
32685 24
32686 20
32687 30
32688 24
32689 12
32690 20
32691 20
32692 36
32693 52
32694 42
32695 12
32696 10
32697 26
32698 26
32699 78
32700 82
32701 50
32702 50
32703 40
32704 22
32705 26
32706 26
32707 40
32708 146
32709 255
32710 255
32711 255
32712 224
32713 240
32714 255
32715 214
32716 48
32717 244
32718 255
32719 255
32720 255
32721 196
32722 104
32723 136
32724 255
32725 178
32726 50
32727 255
32728 255
32729 182
32730 255
32731 255
32732 255
32733 124
32734 48
32735 48
32736 28
32737 38
32738 54
32739 58
32740 46
32741 50
32742 40
32743 20
32744 6
32745 12
32746 30
32747 32
32748 12
32749 10
32750 16
32751 26
32752 28
32753 40
32754 44
32755 38
32756 28
32757 38
32758 84
32759 96
32760 78
32761 84
32762 72
32763 26
32764 56
32765 70
32766 74
32767 70
32768 54
32769 52
32770 44
32771 32
32772 54
32773 70
32774 74
32775 52
32776 56
32777 56
32778 50
32779 48
32780 60
32781 58
32782 38
32783 44
32784 44
32785 40
32786 30
32787 12
32788 14
32789 34
32790 40
32791 32
32792 16
32793 6
32794 18
32795 14
32796 16
32797 20
32798 36
32799 48
32800 40
32801 16
32802 38
32803 64
32804 76
32805 72
32806 54
32807 18
32808 20
32809 46
32810 80
32811 100
32812 66
32813 18
32814 36
32815 32
32816 16
32817 18
32818 2
32819 12
32820 20
32821 56
32822 60
32823 48
32824 36
32825 40
32826 64
32827 50
32828 72
32829 156
32830 132
32831 28
32832 60
32833 52
32834 20
32835 16
32836 44
32837 54
32838 54
32839 82
32840 106
32841 102
32842 134
32843 210
32844 196
32845 112
32846 68
32847 38
32848 74
32851 30
32852 32
32853 38
32854 44
32855 48
32856 46
32857 46
32858 44
32859 38
32860 42
32861 40
32862 38
32863 62
32864 74
32865 72
32866 54
32867 40
32868 42
32869 42
32870 42
32871 40
32872 40
32873 48
32874 46
32875 34
32876 24
32877 14
32878 14
32879 16
32880 18
32881 32
32882 40
32883 42
32884 44
32885 36
32886 34
32887 42
32888 42
32889 36
32890 24
32891 8
32892 10
32893 14
32894 24
32895 30
32896 32
32897 40
32898 34
32899 30
32900 32
32901 68
32902 66
32903 36
32904 56
32905 14
32906 44
32907 48
32908 14
32909 38
32910 56
32911 30
32912 38
32913 26
32914 34
32915 6
32916 32
32917 52
32918 76
32919 64
32920 32
32921 10
32922 12
32923 48
32924 96
32925 72
32926 40
32927 48
32928 42
32929 42
32930 6
32931 50
32932 102
32933 184
32934 255
32935 255
32936 255
32937 208
32938 190
32939 104
32940 46
32941 126
32942 255
32943 255
32944 255
32945 242
32946 162
32947 182
32948 44
32949 234
32950 190
32951 56
32952 255
32953 255
32954 106
32955 255
32956 255
32957 244
32958 92
32959 60
32960 78
32961 56
32962 42
32963 44
32964 30
32965 12
32966 12
32967 28
32968 32
32969 36
32970 46
32971 34
32972 18
32973 6
32974 24
32975 30
32976 58
32977 86
32978 78
32979 48
32980 36
32981 22
32982 16
32983 74
32984 112
32985 128
32986 142
32987 128
32988 64
32989 62
32990 78
32991 78
32992 70
32993 66
32994 70
32995 52
32996 38
32997 48
32998 58
32999 66
33000 54
33001 78
33002 82
33003 70
33004 76
33005 84
33006 76
33007 52
33008 32
33009 34
33010 30
33011 16
33012 12
33013 24
33014 36
33015 34
33016 24
33017 30
33018 18
33019 10
33020 2
33021 2
33022 8
33023 22
33024 32
33025 28
33026 4
33027 46
33028 78
33029 100
33030 100
33031 68
33032 36
33033 22
33034 38
33035 78
33036 74
33037 36
33038 42
33039 42
33040 12
33041 26
33042 50
33043 38
33044 24
33045 24
33046 40
33047 54
33048 82
33049 84
33050 84
33051 100
33052 82
33053 44
33054 120
33055 140
33056 68
33057 28
33058 56
33059 26
33060 22
33061 64
33062 60
33063 16
33064 22
33065 54
33066 48
33067 64
33068 134
33069 140
33070 100
33071 70
33072 44
33073 16
33076 30
33077 34
33078 42
33079 52
33080 60
33081 60
33082 60
33083 54
33084 44
33085 42
33086 40
33087 30
33088 50
33089 58
33090 54
33091 38
33092 36
33093 44
33094 44
33095 48
33096 48
33097 42
33098 48
33099 48
33100 36
33101 24
33102 16
33103 8
33104 14
33105 20
33106 34
33107 36
33108 34
33109 40
33110 36
33111 38
33112 46
33113 42
33114 36
33115 24
33116 14
33117 12
33118 12
33119 24
33120 26
33121 26
33122 46
33123 54
33124 22
33125 34
33126 72
33127 72
33128 38
33129 54
33130 44
33131 98
33132 52
33133 14
33134 58
33135 66
33136 40
33137 48
33138 14
33139 18
33140 24
33141 26
33142 12
33143 62
33144 88
33145 86
33146 92
33147 86
33148 122
33149 118
33150 84
33151 60
33152 58
33153 72
33154 66
33155 48
33156 44
33157 90
33158 238
33159 255
33160 255
33161 226
33162 96
33163 76
33164 148
33165 176
33166 174
33167 182
33168 232
33169 255
33170 255
33171 232
33172 166
33173 112
33174 255
33175 148
33176 186
33177 255
33178 255
33179 202
33180 255
33181 255
33182 210
33183 80
33184 48
33185 70
33186 62
33187 8
33188 32
33189 54
33190 60
33191 40
33192 10
33193 24
33194 46
33195 30
33196 26
33197 16
33198 32
33199 44
33200 56
33201 70
33202 82
33203 54
33204 34
33205 42
33206 52
33207 54
33208 72
33209 92
33210 128
33211 160
33212 162
33213 104
33214 66
33215 86
33216 80
33217 64
33218 66
33219 66
33220 32
33221 36
33222 26
33223 20
33224 20
33225 26
33226 66
33227 70
33228 58
33229 68
33230 78
33231 70
33232 44
33233 16
33234 14
33235 18
33236 4
33237 14
33238 30
33239 30
33240 20
33241 8
33242 32
33243 32
33244 12
33245 20
33246 20
33247 18
33248 22
33249 28
33250 30
33251 34
33252 80
33253 98
33254 98
33255 72
33256 10
33257 50
33258 26
33259 2
33260 82
33261 106
33262 84
33263 84
33264 62
33265 46
33266 28
33267 22
33268 40
33269 18
33270 38
33271 62
33272 66
33273 90
33274 104
33275 104
33276 120
33277 104
33278 32
33279 64
33280 108
33281 76
33282 8
33283 58
33284 46
33285 38
33286 68
33287 94
33288 74
33289 74
33290 80
33291 48
33292 52
33293 106
33294 94
33295 46
33296 26
33297 38
33298 40
33301 26
33302 36
33303 44
33304 54
33305 64
33306 64
33307 66
33308 62
33309 52
33310 48
33311 46
33312 34
33313 44
33314 50
33315 50
33316 38
33317 30
33318 42
33319 42
33320 46
33321 50
33322 44
33323 48
33324 48
33325 38
33326 30
33327 22
33328 14
33329 14
33330 22
33331 32
33332 36
33333 38
33334 42
33335 38
33336 42
33337 44
33338 30
33339 26
33340 28
33341 18
33342 12
33343 0
33344 14
33345 16
33346 14
33347 38
33348 70
33349 26
33350 40
33351 68
33352 84
33353 30
33354 30
33355 108
33356 124
33357 60
33358 66
33359 90
33360 134
33361 160
33362 210
33363 188
33364 156
33365 104
33366 10
33367 26
33368 22
33369 78
33370 122
33371 150
33372 146
33373 198
33374 210
33375 190
33376 162
33377 106
33378 102
33379 88
33380 82
33381 130
33382 104
33383 196
33384 255
33385 255
33386 255
33387 66
33388 88
33389 188
33390 154
33391 52
33392 40
33393 216
33394 255
33395 255
33396 250
33397 124
33398 164
33399 204
33400 82
33401 255
33402 255
33403 250
33404 255
33405 255
33406 255
33407 206
33408 56
33409 22
33410 34
33411 48
33412 32
33413 24
33414 32
33415 48
33416 40
33417 36
33418 38
33419 32
33420 22
33421 42
33422 74
33423 94
33424 86
33425 68
33426 56
33427 42
33428 12
33429 72
33430 82
33431 64
33432 52
33433 50
33434 38
33435 62
33436 116
33437 150
33438 120
33439 70
33440 94
33441 80
33442 50
33443 52
33444 52
33445 30
33446 48
33447 36
33448 40
33449 36
33450 42
33451 62
33452 40
33453 6
33454 22
33455 46
33456 58
33457 52
33458 38
33459 28
33460 34
33461 12
33462 10
33463 30
33464 36
33465 20
33466 4
33467 22
33468 32
33469 30
33470 34
33471 26
33472 20
33473 6
33474 38
33475 44
33476 70
33477 94
33478 86
33479 50
33480 52
33481 76
33482 112
33483 72
33484 58
33485 36
33486 80
33487 84
33488 84
33489 72
33490 90
33491 90
33492 50
33493 36
33494 22
33495 66
33496 84
33497 72
33498 66
33499 82
33500 80
33501 96
33502 92
33503 36
33504 50
33505 106
33506 104
33507 42
33508 74
33509 62
33510 30
33511 20
33512 46
33513 40
33514 60
33515 56
33516 32
33517 46
33518 88
33519 62
33520 26
33521 34
33522 50
33523 64
33526 32
33527 42
33528 48
33529 56
33530 64
33531 64
33532 64
33533 62
33534 56
33535 50
33536 48
33537 44
33538 44
33539 48
33540 48
33541 34
33542 28
33543 40
33544 42
33545 44
33546 50
33547 48
33548 54
33549 56
33550 48
33551 44
33552 36
33553 28
33554 20
33555 30
33556 40
33557 46
33558 46
33559 44
33560 38
33561 38
33562 30
33563 16
33564 30
33565 40
33566 36
33567 32
33568 20
33569 6
33570 8
33571 6
33572 18
33573 58
33574 34
33575 42
33576 56
33577 66
33578 36
33579 108
33580 162
33581 128
33582 108
33583 116
33584 220
33585 238
33586 255
33587 255
33588 255
33589 255
33590 255
33591 156
33592 104
33593 132
33594 136
33595 130
33596 116
33597 110
33598 144
33599 156
33600 158
33601 196
33602 218
33603 160
33604 104
33605 76
33606 114
33607 92
33608 136
33609 255
33610 255
33611 255
33612 110
33613 106
33614 228
33615 174
33616 112
33617 196
33618 200
33619 255
33620 255
33621 255
33622 246
33623 226
33624 132
33625 144
33626 255
33627 255
33628 68
33629 255
33630 255
33631 255
33632 158
33633 16
33634 32
33635 32
33636 42
33637 50
33638 40
33639 30
33640 56
33641 66
33642 54
33643 34
33644 4
33645 16
33646 24
33647 28
33648 30
33649 22
33650 6
33651 12
33652 32
33653 76
33654 100
33655 72
33656 42
33657 20
33658 20
33659 30
33660 8
33661 60
33662 114
33663 108
33664 60
33665 70
33666 54
33667 28
33668 36
33669 42
33670 22
33671 64
33672 62
33673 48
33674 52
33675 60
33676 102
33677 100
33678 74
33679 78
33680 96
33681 94
33682 66
33683 28
33684 22
33685 30
33686 18
33687 18
33688 30
33689 28
33690 18
33691 6
33692 10
33693 16
33694 28
33695 28
33696 28
33697 32
33698 32
33699 36
33700 54
33701 78
33702 82
33703 56
33704 6
33705 62
33706 90
33707 74
33708 66
33709 70
33710 32
33711 34
33712 38
33713 36
33714 40
33715 70
33716 82
33717 70
33718 64
33719 62
33720 90
33721 76
33722 36
33723 18
33724 34
33725 48
33726 66
33727 90
33728 54
33729 28
33730 92
33731 108
33732 74
33733 80
33734 46
33735 14
33736 32
33737 34
33738 18
33739 28
33740 20
33741 6
33742 18
33743 68
33744 66
33745 48
33746 56
33747 62
33748 70
33751 36
33752 42
33753 48
33754 56
33755 62
33756 62
33757 60
33758 56
33759 52
33760 44
33761 38
33762 38
33763 34
33764 36
33765 34
33766 28
33767 28
33768 36
33769 40
33770 44
33771 52
33772 50
33773 56
33774 60
33775 54
33776 54
33777 48
33778 40
33779 26
33780 40
33781 48
33782 50
33783 48
33784 42
33785 30
33786 24
33787 20
33788 14
33789 30
33790 42
33791 40
33792 42
33793 34
33794 18
33795 0
33796 4
33797 8
33798 20
33799 14
33800 10
33801 38
33802 54
33803 118
33804 192
33805 176
33806 100
33807 108
33808 196
33809 255
33810 255
33811 240
33812 240
33813 190
33814 255
33815 255
33816 255
33817 220
33818 196
33819 122
33820 70
33821 42
33822 42
33823 54
33824 42
33825 86
33826 204
33827 244
33828 255
33829 206
33830 94
33831 58
33832 66
33833 88
33834 255
33835 255
33836 255
33837 208
33838 44
33839 208
33840 204
33841 158
33842 218
33843 162
33844 154
33845 222
33846 240
33847 248
33848 252
33849 118
33850 240
33851 255
33852 255
33853 152
33854 255
33855 255
33856 236
33857 98
33858 16
33859 38
33860 58
33861 66
33862 76
33863 70
33864 42
33865 52
33866 52
33867 28
33868 16
33869 44
33870 60
33871 80
33872 114
33873 142
33874 134
33875 82
33876 68
33877 72
33878 88
33879 86
33880 36
33881 18
33882 8
33883 10
33884 22
33885 20
33886 36
33887 84
33888 82
33889 42
33890 24
33891 22
33892 14
33893 20
33894 40
33895 8
33896 52
33897 76
33898 68
33899 76
33900 58
33901 98
33902 108
33903 96
33904 86
33905 100
33906 84
33907 38
33908 20
33909 28
33910 16
33911 10
33912 20
33913 30
33914 28
33915 18
33916 10
33917 8
33918 8
33919 20
33920 20
33921 26
33922 46
33923 44
33924 38
33925 56
33926 80
33927 74
33928 38
33929 40
33930 72
33931 52
33932 16
33933 86
33934 88
33935 22
33936 12
33937 20
33938 18
33939 2
33940 36
33941 44
33942 34
33943 66
33944 100
33945 94
33946 34
33947 28
33948 62
33949 72
33950 50
33951 52
33952 106
33953 100
33954 50
33955 68
33956 30
33957 16
33958 16
33959 10
33960 32
33961 34
33962 22
33963 20
33964 28
33965 38
33966 24
33967 32
33968 76
33969 64
33970 50
33971 46
33972 44
33973 42
33976 28
33977 32
33978 40
33979 46
33980 48
33981 46
33982 48
33983 50
33984 50
33985 44
33986 36
33987 38
33988 36
33989 32
33990 28
33991 22
33992 16
33993 28
33994 36
33995 38
33996 46
33997 46
33998 52
33999 60
34000 58
34001 60
34002 58
34003 54
34004 42
34005 50
34006 50
34007 54
34008 56
34009 50
34010 34
34011 16
34012 12
34013 22
34014 24
34015 34
34016 32
34017 36
34018 34
34019 26
34020 10
34021 10
34022 22
34023 28
34024 22
34025 44
34026 86
34027 132
34028 220
34029 255
34030 172
34031 102
34032 78
34033 216
34034 255
34035 208
34036 176
34037 100
34038 76
34039 124
34040 202
34041 236
34042 230
34043 204
34044 146
34045 74
34046 46
34047 70
34048 100
34049 52
34050 84
34051 164
34052 142
34053 236
34054 255
34055 216
34056 120
34057 56
34058 76
34059 178
34060 255
34061 255
34062 255
34063 92
34064 114
34065 158
34066 138
34067 150
34068 76
34069 74
34070 160
34071 226
34072 250
34073 240
34074 76
34075 255
34076 255
34077 142
34078 255
34079 255
34080 255
34081 164
34082 100
34083 46
34084 16
34085 36
34086 44
34087 54
34088 48
34089 26
34090 20
34091 32
34092 26
34093 16
34094 40
34095 32
34096 30
34097 66
34098 94
34099 144
34100 108
34101 124
34102 108
34103 110
34104 88
34105 58
34106 50
34107 46
34108 30
34109 38
34110 66
34111 48
34112 78
34113 64
34114 40
34115 22
34116 34
34117 24
34118 20
34119 36
34120 12
34121 66
34122 92
34123 102
34124 88
34125 46
34126 48
34127 64
34128 62
34129 34
34130 34
34131 16
34132 24
34133 48
34134 32
34135 6
34136 6
34137 20
34138 30
34139 30
34140 22
34141 12
34142 8
34143 4
34144 20
34145 18
34146 20
34147 50
34148 60
34149 36
34150 54
34151 74
34152 60
34153 48
34154 92
34155 108
34156 62
34157 72
34158 104
34159 70
34160 2
34161 44
34162 50
34163 52
34164 38
34165 14
34166 22
34167 30
34168 72
34169 102
34170 92
34171 48
34172 86
34173 88
34174 60
34175 20
34176 30
34177 112
34178 142
34179 100
34180 96
34181 78
34182 70
34183 70
34184 50
34185 24
34186 10
34187 34
34188 38
34189 22
34190 8
34191 38
34192 48
34193 92
34194 84
34195 42
34196 30
34197 28
34198 20
34201 18
34202 20
34203 26
34204 34
34205 38
34206 36
34207 38
34208 42
34209 44
34210 40
34211 30
34212 36
34213 38
34214 36
34215 24
34216 22
34217 14
34218 12
34219 22
34220 26
34221 34
34222 38
34223 44
34224 56
34225 64
34226 68
34227 66
34228 62
34229 54
34230 48
34231 50
34232 58
34233 58
34234 48
34235 28
34236 22
34237 12
34238 10
34239 10
34240 20
34241 24
34242 26
34243 24
34244 20
34245 10
34246 16
34247 32
34248 32
34249 30
34250 62
34251 118
34252 202
34253 255
34254 255
34255 166
34256 160
34257 94
34258 238
34259 255
34260 182
34261 194
34262 152
34263 110
34264 56
34265 60
34266 96
34267 140
34268 182
34269 170
34270 112
34271 122
34272 126
34273 190
34274 176
34275 86
34276 162
34277 188
34278 46
34279 158
34280 250
34281 212
34282 70
34283 66
34284 112
34285 255
34286 255
34287 255
34288 194
34289 12
34290 82
34291 80
34292 66
34293 34
34294 50
34295 154
34296 255
34297 255
34298 252
34299 48
34300 255
34301 255
34302 14
34303 255
34304 255
34305 255
34306 130
34307 70
34308 58
34309 20
34310 20
34311 34
34312 52
34313 44
34314 32
34315 26
34316 56
34317 64
34318 64
34319 84
34320 68
34321 70
34322 108
34323 94
34324 166
34325 154
34326 234
34327 196
34328 186
34329 156
34330 164
34331 112
34332 78
34333 102
34334 110
34335 74
34336 34
34337 80
34338 90
34339 64
34340 32
34341 48
34342 36
34343 38
34344 40
34345 72
34346 134
34347 126
34348 112
34349 68
34350 16
34351 20
34352 32
34353 36
34354 32
34355 32
34356 42
34357 46
34358 46
34359 16
34360 10
34361 16
34362 28
34363 36
34364 32
34365 20
34366 10
34367 16
34368 8
34369 32
34370 28
34371 38
34372 48
34373 46
34374 44
34375 56
34376 58
34377 40
34378 32
34379 84
34380 130
34381 110
34382 70
34383 78
34384 46
34385 16
34386 44
34387 30
34388 32
34389 30
34390 6
34391 30
34392 42
34393 66
34394 60
34395 72
34396 56
34397 94
34398 82
34399 46
34400 48
34401 62
34402 60
34403 112
34404 90
34405 66
34406 76
34407 78
34408 80
34409 74
34410 44
34411 32
34412 38
34413 20
34414 30
34415 32
34416 50
34417 50
34418 72
34419 92
34420 70
34421 52
34422 42
34423 28
34426 12
34427 14
34428 18
34429 28
34430 34
34431 34
34432 36
34433 36
34434 36
34435 34
34436 30
34437 32
34438 32
34439 36
34440 32
34441 18
34442 18
34443 22
34444 22
34445 10
34446 16
34447 26
34448 36
34449 46
34450 60
34451 72
34452 72
34453 64
34454 58
34455 54
34456 56
34457 62
34458 56
34459 42
34460 22
34461 34
34462 40
34463 32
34464 16
34465 12
34466 24
34467 30
34468 22
34469 14
34470 18
34471 34
34472 40
34473 26
34474 22
34475 62
34476 144
34477 234
34478 255
34479 255
34480 150
34481 212
34482 152
34483 254
34484 255
34485 158
34486 174
34487 226
34488 255
34489 216
34490 126
34491 82
34492 86
34493 154
34494 188
34495 136
34496 116
34497 98
34498 138
34499 178
34500 188
34501 46
34502 148
34503 255
34504 162
34505 124
34506 196
34507 112
34508 108
34509 146
34510 236
34511 255
34512 255
34513 168
34514 52
34515 40
34516 14
34517 26
34518 56
34519 16
34520 84
34521 255
34522 255
34523 255
34524 60
34525 255
34526 255
34527 138
34528 255
34529 255
34530 246
34531 116
34532 80
34533 32
34534 36
34535 52
34536 72
34537 72
34538 58
34539 72
34540 100
34541 142
34542 186
34543 214
34544 226
34545 212
34546 248
34547 255
34548 244
34549 248
34550 202
34551 234
34552 178
34553 168
34554 200
34555 254
34556 138
34557 64
34558 94
34559 164
34560 162
34561 78
34562 104
34563 88
34564 44
34565 8
34566 32
34567 30
34568 46
34569 58
34570 144
34571 170
34572 118
34573 84
34574 30
34575 24
34576 56
34577 74
34578 68
34579 52
34580 30
34581 24
34582 16
34583 18
34584 4
34585 22
34586 26
34587 28
34588 22
34589 16
34590 10
34591 28
34592 32
34593 18
34594 32
34595 64
34596 80
34597 72
34598 56
34599 32
34600 54
34601 86
34602 70
34603 24
34604 18
34605 60
34606 78
34607 34
34608 44
34609 46
34610 18
34611 42
34612 30
34613 66
34614 74
34615 40
34616 60
34617 68
34618 72
34619 66
34620 50
34621 44
34622 74
34623 54
34624 50
34625 68
34626 58
34627 16
34628 44
34629 36
34630 4
34631 26
34632 24
34633 18
34634 44
34635 62
34636 64
34637 56
34638 48
34639 66
34640 60
34641 48
34642 28
34643 24
34644 62
34645 88
34646 98
34647 92
34648 68
34651 6
34652 12
34653 16
34654 20
34655 16
34656 18
34657 26
34658 30
34659 30
34660 30
34661 32
34662 32
34663 32
34664 36
34665 36
34666 28
34667 24
34668 24
34669 18
34670 6
34671 14
34672 30
34673 32
34674 34
34675 42
34676 56
34677 64
34678 62
34679 58
34680 58
34681 58
34682 60
34683 52
34684 40
34685 26
34686 36
34687 46
34688 46
34689 34
34690 16
34691 24
34692 24
34693 26
34694 28
34695 52
34696 62
34697 52
34698 42
34699 62
34700 114
34701 188
34702 234
34703 234
34704 212
34705 124
34706 196
34707 192
34708 208
34709 244
34710 104
34711 50
34712 130
34713 248
34714 255
34715 255
34716 214
34717 160
34718 168
34719 178
34720 124
34721 54
34722 64
34723 28
34724 132
34725 208
34726 255
34727 140
34728 146
34729 255
34730 250
34731 255
34732 154
34733 160
34734 230
34735 255
34736 255
34737 255
34738 202
34739 56
34740 52
34741 102
34742 92
34743 112
34744 100
34745 32
34746 184
34747 255
34748 255
34749 148
34750 255
34751 204
34752 255
34753 255
34754 255
34755 152
34756 52
34757 56
34758 50
34759 74
34760 96
34761 126
34762 130
34763 150
34764 198
34765 252
34766 255
34767 255
34768 255
34769 255
34770 255
34771 255
34772 255
34773 255
34774 255
34775 72
34776 80
34777 114
34778 118
34779 176
34780 255
34781 220
34782 86
34783 54
34784 106
34785 132
34786 54
34787 72
34788 70
34789 32
34790 18
34791 34
34792 12
34793 10
34794 40
34795 120
34796 126
34797 56
34798 34
34799 24
34800 56
34801 78
34802 82
34803 54
34804 36
34805 24
34806 34
34807 26
34808 32
34809 18
34810 30
34811 28
34812 14
34813 12
34814 24
34815 32
34816 50
34817 36
34818 24
34819 50
34820 74
34821 74
34822 56
34823 46
34824 16
34825 22
34826 72
34827 86
34828 54
34829 32
34830 48
34831 68
34832 62
34833 54
34834 52
34835 24
34836 50
34837 24
34838 68
34839 74
34840 46
34841 82
34842 82
34843 74
34844 74
34845 54
34846 34
34847 54
34848 34
34849 54
34850 96
34851 88
34852 38
34853 56
34854 54
34855 34
34856 48
34857 68
34858 48
34859 10
34860 46
34861 72
34862 72
34863 78
34864 72
34865 46
34866 10
34867 20
34868 30
34869 24
34870 46
34871 80
34872 88
34873 76
34876 26
34877 30
34878 34
34879 34
34880 28
34881 20
34882 16
34883 16
34884 16
34885 16
34886 24
34887 22
34888 22
34889 24
34890 24
34891 20
34892 16
34893 14
34894 8
34895 10
34896 26
34897 34
34898 26
34899 26
34900 28
34901 38
34902 46
34903 50
34904 48
34905 46
34906 44
34907 38
34908 32
34909 24
34910 18
34911 22
34912 34
34913 42
34914 34
34915 22
34916 8
34917 20
34918 26
34919 48
34920 70
34921 74
34922 80
34923 120
34924 162
34925 184
34926 206
34927 192
34928 160
34929 162
34930 108
34931 102
34932 180
34933 126
34934 150
34935 166
34936 126
34937 92
34938 54
34939 128
34940 232
34941 255
34942 250
34943 186
34944 110
34945 54
34946 36
34947 114
34948 26
34949 126
34950 76
34951 255
34952 255
34953 250
34954 14
34955 128
34956 158
34957 56
34958 146
34959 255
34960 255
34961 230
34962 214
34963 164
34964 80
34965 164
34966 196
34967 134
34968 152
34969 138
34970 82
34971 124
34972 255
34973 255
34974 174
34975 255
34976 58
34977 255
34978 255
34979 255
34980 50
34981 64
34982 136
34983 162
34984 156
34985 198
34986 255
34987 255
34988 255
34989 255
34990 255
34991 255
34992 255
34993 255
34994 255
34995 224
34996 228
34997 194
34998 218
34999 248
35000 242
35001 152
35002 172
35003 116
35004 118
35005 236
35006 148
35007 36
35008 100
35009 156
35010 170
35011 68
35012 86
35013 76
35014 48
35015 60
35016 38
35017 40
35018 48
35019 78
35020 150
35021 152
35022 78
35023 68
35024 76
35025 78
35026 76
35027 58
35028 28
35029 40
35030 88
35031 92
35032 70
35033 74
35034 42
35035 28
35036 22
35037 0
35038 16
35039 22
35040 28
35041 30
35042 18
35043 22
35044 36
35045 32
35046 24
35047 2
35048 24
35049 26
35050 24
35051 44
35052 56
35053 48
35054 48
35055 80
35056 92
35057 42
35058 70
35059 92
35060 36
35061 62
35062 22
35063 58
35064 72
35065 20
35066 40
35067 60
35068 60
35069 60
35070 40
35071 14
35072 46
35073 50
35074 60
35075 116
35076 118
35077 60
35078 30
35079 40
35080 42
35081 38
35082 16
35083 36
35084 40
35085 38
35086 56
35087 56
35088 54
35089 48
35090 38
35091 34
35092 46
35093 62
35094 72
35095 32
35096 28
35097 12
35098 16
35101 18
35102 22
35103 22
35104 18
35105 14
35106 8
35107 6
35108 14
35109 16
35110 24
35111 28
35112 20
35113 24
35114 20
35115 14
35116 10
35117 8
35118 6
35119 6
35120 12
35121 32
35122 36
35123 30
35124 32
35125 30
35126 32
35127 32
35128 30
35129 30
35130 30
35131 34
35132 28
35133 26
35134 24
35135 22
35136 20
35137 32
35138 46
35139 36
35140 22
35141 16
35142 12
35143 16
35144 44
35145 74
35146 82
35147 118
35148 184
35149 192
35150 154
35151 136
35152 116
35153 126
35154 176
35155 134
35156 72
35157 120
35158 68
35159 76
35160 150
35161 176
35162 200
35163 192
35164 106
35165 32
35166 158
35167 230
35168 210
35169 168
35170 8
35171 144
35172 242
35173 250
35174 100
35175 94
35176 56
35177 255
35178 255
35179 255
35180 255
35181 238
35182 156
35183 124
35184 255
35185 255
35186 255
35187 255
35188 255
35189 214
35190 202
35191 200
35192 102
35193 154
35194 126
35195 74
35196 116
35197 255
35198 234
35199 142
35200 190
35201 76
35202 255
35203 255
35204 194
35205 72
35206 196
35207 255
35208 254
35209 255
35210 255
35211 255
35212 255
35213 255
35214 255
35215 255
35216 255
35217 255
35218 182
35219 138
35220 128
35221 132
35222 106
35223 216
35224 255
35225 228
35226 26
35227 56
35228 144
35229 146
35230 255
35231 255
35232 212
35233 255
35234 255
35235 236
35236 188
35237 208
35238 168
35239 64
35240 36
35241 62
35242 58
35243 74
35244 82
35245 174
35246 202
35247 152
35248 110
35249 74
35250 66
35251 48
35252 22
35253 28
35254 82
35255 116
35256 92
35257 64
35258 76
35259 50
35260 24
35261 14
35262 10
35263 26
35264 38
35265 44
35266 36
35267 34
35268 26
35269 6
35270 42
35271 72
35272 66
35273 36
35274 8
35275 34
35276 36
35277 20
35278 28
35279 46
35280 72
35281 50
35282 34
35283 106
35284 84
35285 24
35286 70
35287 46
35288 50
35289 94
35290 70
35291 92
35292 90
35293 74
35294 54
35295 40
35296 8
35297 48
35298 50
35299 6
35300 70
35301 94
35302 60
35303 22
35304 60
35305 84
35306 116
35307 84
35308 90
35309 66
35310 30
35311 24
35312 6
35313 12
35314 28
35315 48
35316 68
35317 56
35318 54
35319 84
35320 66
35321 48
35322 34
35323 30
35326 18
35327 22
35328 24
35329 24
35330 24
35331 22
35332 22
35333 30
35334 36
35335 42
35336 38
35337 36
35338 40
35339 32
35340 18
35341 10
35342 8
35343 8
35344 12
35345 24
35346 42
35347 46
35348 44
35349 38
35350 26
35351 26
35352 18
35353 10
35354 8
35355 8
35356 6
35357 10
35358 26
35359 24
35360 24
35361 20
35362 30
35363 46
35364 44
35365 34
35366 30
35367 10
35368 0
35369 42
35370 94
35371 118
35372 156
35373 186
35374 116
35375 56
35376 28
35377 112
35378 164
35379 216
35380 204
35381 100
35382 74
35383 94
35384 54
35385 122
35386 142
35387 156
35388 176
35389 150
35390 80
35391 82
35392 186
35393 254
35394 224
35395 255
35396 255
35397 255
35398 255
35399 255
35400 160
35401 204
35402 238
35403 255
35404 255
35405 255
35406 255
35407 250
35408 166
35409 80
35410 228
35411 255
35412 255
35413 255
35414 255
35415 152
35416 128
35417 50
35418 134
35419 170
35420 94
35421 104
35422 230
35423 222
35424 126
35425 122
35426 156
35427 255
35428 255
35429 196
35430 222
35431 255
35432 255
35433 255
35434 255
35435 255
35436 255
35437 255
35438 248
35439 156
35440 126
35441 88
35442 74
35443 255
35444 255
35445 216
35446 170
35447 118
35448 232
35449 255
35450 240
35451 108
35452 104
35453 102
35454 30
35455 154
35456 200
35457 152
35458 192
35459 158
35460 104
35461 158
35462 255
35463 255
35464 255
35465 186
35466 100
35467 48
35468 46
35469 28
35470 70
35471 110
35472 102
35473 100
35474 54
35475 20
35476 22
35477 24
35478 26
35479 68
35480 88
35481 56
35482 44
35483 62
35484 20
35485 6
35486 16
35487 26
35488 42
35489 74
35490 86
35491 74
35492 60
35493 36
35494 32
35495 40
35496 42
35497 70
35498 74
35499 56
35500 26
35501 8
35502 24
35503 34
35504 38
35505 40
35506 6
35507 58
35508 76
35509 66
35510 20
35511 78
35512 104
35513 56
35514 60
35515 24
35516 76
35517 116
35518 76
35519 30
35520 36
35521 50
35522 16
35523 76
35524 72
35525 82
35526 64
35527 56
35528 62
35529 50
35530 48
35531 70
35532 50
35533 34
35534 6
35535 30
35536 46
35537 50
35538 56
35539 56
35540 64
35541 64
35542 34
35543 16
35544 38
35545 26
35546 14
35547 16
35548 18
35551 30
35552 32
35553 34
35554 36
35555 34
35556 32
35557 34
35558 40
35559 40
35560 42
35561 32
35562 42
35563 48
35564 40
35565 24
35566 12
35567 14
35568 18
35569 20
35570 32
35571 48
35572 52
35573 48
35574 28
35575 22
35576 24
35577 40
35578 42
35579 36
35580 40
35581 28
35582 24
35583 20
35584 2
35585 8
35586 2
35587 8
35588 24
35589 48
35590 54
35591 24
35592 16
35593 10
35594 52
35595 132
35596 166
35597 178
35598 162
35599 52
35600 118
35601 126
35602 160
35603 218
35604 255
35605 255
35606 198
35607 134
35608 122
35609 48
35610 82
35611 92
35612 104
35613 162
35614 140
35615 40
35616 68
35617 142
35618 222
35619 255
35620 255
35621 255
35622 180
35623 255
35624 255
35625 255
35626 244
35627 194
35628 152
35629 255
35630 255
35631 255
35632 255
35633 255
35634 166
35635 66
35636 124
35637 232
35638 255
35639 255
35640 255
35641 46
35642 52
35643 178
35644 180
35645 38
35646 60
35647 150
35648 206
35649 116
35650 68
35651 208
35652 255
35653 255
35654 164
35655 255
35656 255
35657 255
35658 255
35659 255
35660 255
35661 255
35662 106
35663 120
35664 208
35665 232
35666 234
35667 255
35668 255
35669 255
35670 132
35671 162
35672 96
35673 210
35674 255
35675 212
35676 114
35677 160
35678 174
35679 156
35680 160
35681 78
35682 30
35683 68
35684 72
35685 72
35686 76
35687 212
35688 255
35689 255
35690 255
35691 255
35692 78
35693 50
35694 96
35695 82
35696 72
35697 44
35698 56
35699 42
35700 24
35701 34
35702 28
35703 24
35704 82
35705 110
35706 92
35707 92
35708 88
35709 46
35710 32
35711 52
35712 36
35713 48
35714 88
35715 86
35716 56
35717 68
35718 40
35719 32
35720 40
35721 22
35722 18
35723 64
35724 82
35725 54
35726 30
35727 40
35728 36
35729 22
35730 10
35731 18
35732 40
35733 90
35734 128
35735 110
35736 2
35737 78
35738 96
35739 96
35740 106
35741 136
35742 84
35743 32
35744 54
35745 42
35746 56
35747 40
35748 56
35749 72
35750 54
35751 16
35752 42
35753 104
35754 130
35755 76
35756 64
35757 64
35758 54
35759 76
35760 74
35761 62
35762 56
35763 52
35764 38
35765 28
35766 34
35767 46
35768 54
35769 62
35770 36
35771 18
35772 4
35773 16
35776 24
35777 26
35778 28
35779 32
35780 30
35781 26
35782 24
35783 26
35784 24
35785 22
35786 16
35787 30
35788 42
35789 40
35790 32
35791 26
35792 24
35793 18
35794 14
35795 26
35796 38
35797 36
35798 30
35799 16
35800 30
35801 50
35802 64
35803 62
35804 48
35805 54
35806 48
35807 46
35808 44
35809 22
35810 28
35811 22
35812 26
35813 54
35814 84
35815 70
35816 16
35817 28
35818 6
35819 102
35820 188
35821 198
35822 178
35823 128
35824 106
35825 150
35826 112
35827 98
35828 200
35829 255
35830 255
35831 254
35832 200
35833 124
35834 84
35835 70
35836 90
35837 164
35838 202
35839 148
35840 60
35841 104
35842 132
35843 122
35844 180
35845 150
35846 50
35847 46
35848 50
35849 106
35850 206
35851 208
35852 128
35853 130
35854 242
35855 255
35856 255
35857 255
35858 255
35859 255
35860 72
35861 64
35862 164
35863 228
35864 255
35865 255
35866 144
35867 98
35868 160
35869 144
35870 20
35871 56
35872 48
35873 132
35874 114
35875 126
35876 255
35877 255
35878 182
35879 120
35880 255
35881 255
35882 255
35883 234
35884 192
35885 142
35886 8
35887 212
35888 255
35889 255
35890 255
35891 255
35892 255
35893 255
35894 255
35895 168
35896 244
35897 184
35898 255
35899 255
35900 255
35901 102
35902 126
35903 70
35904 30
35905 6
35906 10
35907 12
35908 66
35909 62
35910 90
35911 164
35912 242
35913 255
35914 255
35915 255
35916 255
35917 226
35918 56
35919 66
35920 76
35921 86
35922 68
35923 68
35924 42
35925 16
35926 26
35927 48
35928 22
35929 66
35930 78
35931 58
35932 66
35933 62
35934 58
35935 44
35936 60
35937 34
35938 28
35939 66
35940 66
35941 46
35942 100
35943 84
35944 38
35945 10
35946 40
35947 34
35948 34
35949 50
35950 66
35951 54
35952 8
35953 20
35954 32
35955 54
35956 22
35957 16
35958 44
35959 110
35960 176
35961 112
35962 44
35963 30
35964 14
35965 62
35966 138
35967 126
35968 62
35969 64
35970 32
35971 58
35972 54
35973 30
35974 8
35975 26
35976 44
35977 50
35978 74
35979 130
35980 102
35981 110
35982 112
35983 92
35984 94
35985 78
35986 64
35987 50
35988 22
35989 12
35990 32
35991 50
35992 68
35993 60
35994 30
35995 8
35996 18
35997 26
35998 32
36001 12
36002 14
36003 16
36004 20
36005 20
36006 18
36007 12
36008 14
36009 12
36010 6
36011 4
36012 18
36013 30
36014 32
36015 32
36016 28
36017 26
36018 24
36019 20
36020 26
36021 30
36022 30
36023 30
36024 20
36025 36
36026 56
36027 68
36028 58
36029 34
36030 42
36031 46
36032 48
36033 48
36034 22
36035 14
36036 4
36037 14
36038 56
36039 78
36040 52
36041 26
36042 46
36043 70
36044 192
36045 255
36046 248
36047 200
36048 110
36049 160
36050 218
36051 164
36052 36
36053 102
36054 184
36055 224
36056 244
36057 248
36058 226
36059 184
36060 140
36061 138
36062 184
36063 182
36064 114
36065 40
36066 78
36067 82
36068 64
36069 30
36070 42
36071 86
36072 122
36073 50
36074 82
36075 82
36076 134
36077 130
36078 146
36079 162
36080 158
36081 255
36082 255
36083 255
36084 255
36085 216
36086 160
36087 156
36088 16
36089 255
36090 255
36091 218
36092 214
36093 255
36094 244
36095 66
36096 18
36097 10
36098 22
36099 32
36100 124
36101 255
36102 255
36103 90
36104 172
36105 255
36106 255
36107 214
36108 156
36109 88
36110 42
36111 152
36112 255
36113 255
36114 192
36115 74
36116 110
36117 96
36118 166
36119 126
36120 102
36121 255
36122 154
36123 208
36124 255
36125 255
36126 255
36127 255
36128 255
36129 255
36130 224
36131 202
36132 174
36133 56
36134 14
36135 40
36136 188
36137 255
36138 208
36139 48
36140 255
36141 255
36142 255
36143 106
36144 12
36145 46
36146 64
36147 46
36148 14
36149 22
36150 38
36151 40
36152 32
36153 24
36154 54
36155 24
36156 30
36157 40
36158 22
36159 26
36160 30
36161 42
36162 40
36163 4
36164 60
36165 80
36166 84
36167 130
36168 98
36169 56
36170 48
36171 8
36172 18
36173 36
36174 24
36175 46
36176 86
36177 54
36178 66
36179 84
36180 108
36181 82
36182 66
36183 112
36184 36
36185 80
36186 98
36187 80
36188 102
36189 114
36190 148
36191 164
36192 48
36193 50
36194 24
36195 66
36196 64
36197 32
36198 28
36199 28
36200 46
36201 52
36202 42
36203 44
36204 110
36205 110
36206 104
36207 72
36208 40
36209 36
36210 28
36211 28
36212 28
36213 24
36214 22
36215 24
36216 26
36217 18
36218 20
36219 28
36220 14
36221 8
36222 22
36223 22
36226 8
36227 8
36228 10
36229 10
36230 6
36231 8
36232 6
36233 8
36234 4
36235 4
36236 10
36237 24
36238 28
36239 22
36240 28
36241 30
36242 24
36243 26
36244 28
36245 28
36246 26
36247 22
36248 18
36249 6
36250 24
36251 42
36252 44
36253 38
36254 16
36255 16
36256 18
36257 30
36258 40
36259 22
36260 10
36261 10
36262 28
36263 68
36264 84
36265 72
36266 56
36267 86
36268 180
36269 255
36270 255
36271 255
36272 216
36273 124
36274 206
36275 254
36276 236
36277 178
36278 84
36279 32
36280 58
36281 138
36282 212
36283 248
36284 254
36285 240
36286 174
36287 150
36288 128
36289 92
36290 40
36291 38
36292 26
36293 14
36294 46
36295 66
36296 76
36297 64
36298 42
36299 106
36300 68
36301 30
36302 48
36303 130
36304 124
36305 74
36306 88
36307 112
36308 255
36309 255
36310 255
36311 255
36312 255
36313 178
36314 214
36315 228
36316 188
36317 242
36318 255
36319 255
36320 182
36321 42
36322 62
36323 20
36324 50
36325 202
36326 255
36327 242
36328 114
36329 232
36330 214
36331 184
36332 162
36333 104
36334 62
36335 128
36336 126
36337 152
36338 234
36339 250
36340 212
36341 242
36342 228
36343 255
36344 255
36345 224
36346 255
36347 168
36348 94
36349 255
36350 255
36351 255
36352 255
36353 255
36354 255
36355 255
36356 255
36357 255
36358 148
36359 92
36360 64
36361 128
36362 255
36363 255
36364 226
36365 255
36366 255
36367 252
36368 108
36369 40
36370 58
36371 36
36372 50
36373 56
36374 40
36375 42
36376 30
36377 8
36378 50
36379 58
36380 14
36381 62
36382 40
36383 40
36384 22
36385 26
36386 32
36387 46
36388 28
36389 26
36390 52
36391 64
36392 100
36393 52
36394 34
36395 44
36396 46
36397 40
36398 18
36399 56
36400 20
36401 96
36402 76
36403 92
36404 114
36405 118
36406 136
36407 74
36408 134
36409 108
36410 54
36411 46
36412 54
36413 104
36414 134
36415 166
36416 136
36417 80
36418 48
36419 70
36420 82
36421 44
36422 24
36423 16
36424 16
36425 28
36426 38
36427 32
36428 36
36429 72
36430 104
36431 70
36432 26
36433 34
36434 44
36435 40
36436 42
36437 42
36438 24
36439 22
36440 50
36441 68
36442 78
36443 62
36444 26
36445 16
36446 16
36447 20
36448 26
36451 34
36452 36
36453 36
36454 28
36455 20
36456 14
36457 10
36458 10
36459 12
36460 20
36461 32
36462 46
36463 48
36464 40
36465 40
36466 32
36467 22
36468 26
36469 24
36470 20
36471 24
36472 26
36473 28
36474 16
36475 22
36476 34
36477 56
36478 64
36479 50
36480 30
36481 22
36482 20
36483 32
36484 36
36485 22
36486 60
36487 100
36488 136
36489 170
36490 176
36491 158
36492 180
36493 255
36494 255
36495 255
36496 255
36497 170
36498 134
36499 212
36500 255
36501 255
36502 255
36503 255
36504 214
36505 168
36506 54
36507 94
36508 190
36509 252
36510 255
36511 255
36512 206
36513 180
36514 148
36515 108
36516 88
36517 58
36518 34
36519 48
36520 50
36521 34
36522 22
36523 44
36524 112
36525 104
36526 84
36527 56
36528 42
36529 78
36530 50
36531 102
36532 66
36533 204
36534 255
36535 255
36536 255
36537 255
36538 255
36539 116
36540 160
36541 168
36542 190
36543 255
36544 255
36545 232
36546 94
36547 106
36548 82
36549 74
36550 162
36551 255
36552 255
36553 255
36554 228
36555 84
36556 150
36557 255
36558 232
36559 42
36560 182
36561 212
36562 210
36563 255
36564 255
36565 255
36566 255
36567 255
36568 255
36569 255
36570 255
36571 255
36572 255
36573 168
36574 242
36575 110
36576 58
36577 88
36578 180
36579 228
36580 255
36581 255
36582 255
36583 122
36584 76
36585 140
36586 120
36587 78
36588 255
36589 255
36590 255
36591 255
36592 204
36593 78
36594 54
36595 94
36596 78
36597 90
36598 48
36599 22
36600 8
36601 26
36602 38
36603 50
36604 48
36605 62
36606 78
36607 34
36608 64
36609 28
36610 56
36611 56
36612 66
36613 70
36614 30
36615 26
36616 38
36617 84
36618 58
36619 46
36620 18
36621 30
36622 66
36623 24
36624 76
36625 34
36626 116
36627 66
36628 100
36629 114
36630 98
36631 186
36632 84
36633 46
36634 62
36635 34
36636 46
36637 58
36638 62
36639 40
36640 20
36641 32
36642 128
36643 90
36644 136
36645 106
36646 58
36647 26
36648 14
36649 6
36650 26
36651 54
36652 52
36653 44
36654 54
36655 62
36656 98
36657 58
36658 34
36659 40
36660 44
36661 48
36662 40
36663 36
36664 26
36665 8
36666 30
36667 34
36668 54
36669 38
36670 6
36671 20
36672 12
36673 6
36676 62
36677 64
36678 60
36679 62
36680 56
36681 48
36682 40
36683 34
36684 36
36685 46
36686 58
36687 66
36688 60
36689 44
36690 34
36691 24
36692 20
36693 22
36694 14
36695 22
36696 28
36697 32
36698 42
36699 44
36700 32
36701 12
36702 26
36703 50
36704 52
36705 36
36706 6
36707 16
36708 38
36709 46
36710 54
36711 112
36712 160
36713 198
36714 230
36715 208
36716 150
36717 130
36718 158
36719 194
36720 186
36721 146
36722 82
36723 78
36724 168
36725 250
36726 255
36727 255
36728 255
36729 255
36730 255
36731 232
36732 62
36733 82
36734 188
36735 255
36736 255
36737 255
36738 254
36739 224
36740 198
36741 172
36742 122
36743 60
36744 24
36745 40
36746 36
36747 46
36748 48
36749 98
36750 90
36751 84
36752 84
36753 48
36754 104
36755 80
36756 66
36757 48
36758 84
36759 154
36760 192
36761 255
36762 255
36763 255
36764 184
36765 86
36766 164
36767 176
36768 238
36769 255
36770 255
36771 104
36772 62
36773 76
36774 110
36775 172
36776 220
36777 164
36778 255
36779 202
36780 208
36781 42
36782 224
36783 255
36784 102
36785 130
36786 180
36787 130
36788 190
36789 212
36790 200
36791 178
36792 180
36793 255
36794 255
36795 255
36796 255
36797 240
36798 255
36799 255
36800 150
36801 56
36802 184
36803 255
36804 250
36805 255
36806 255
36807 255
36808 180
36809 94
36810 142
36811 120
36812 112
36813 210
36814 255
36815 234
36816 178
36817 106
36818 32
36819 28
36820 74
36821 80
36822 56
36823 38
36824 54
36825 36
36826 32
36827 78
36828 112
36829 120
36830 78
36831 50
36832 20
36833 54
36834 42
36835 90
36836 92
36837 84
36838 108
36839 86
36840 88
36841 98
36842 130
36843 112
36844 110
36845 104
36846 36
36847 74
36848 36
36849 62
36850 52
36851 94
36852 50
36853 82
36854 128
36855 64
36856 154
36857 152
36858 92
36859 112
36860 68
36861 40
36862 26
36863 36
36864 84
36865 118
36866 132
36867 130
36868 60
36869 106
36870 148
36871 112
36872 102
36873 76
36874 46
36875 30
36876 36
36877 32
36878 60
36879 64
36880 28
36881 84
36882 90
36883 52
36884 28
36885 14
36886 10
36887 14
36888 32
36889 50
36890 62
36891 70
36892 60
36893 76
36894 52
36895 20
36896 32
36897 26
36898 22
36901 62
36902 66
36903 62
36904 72
36905 76
36906 70
36907 60
36908 52
36909 50
36910 56
36911 62
36912 60
36913 44
36914 26
36915 20
36916 6
36917 12
36918 20
36919 22
36920 30
36921 38
36922 48
36923 56
36924 66
36925 66
36926 54
36927 32
36928 16
36929 34
36930 46
36931 48
36932 48
36933 64
36934 68
36935 82
36936 128
36937 162
36938 190
36939 208
36940 164
36941 90
36942 50
36943 68
36944 190
36945 226
36946 180
36947 80
36948 92
36949 126
36950 186
36951 212
36952 242
36953 255
36954 255
36955 255
36956 255
36957 174
36958 104
36959 128
36960 176
36961 226
36962 234
36963 236
36964 226
36965 232
36966 226
36967 154
36968 60
36969 24
36970 70
36971 104
36972 116
36973 82
36974 102
36975 66
36976 80
36977 46
36978 20
36979 62
36980 74
36981 58
36982 96
36983 62
36984 84
36985 38
36986 68
36987 255
36988 255
36989 255
36990 156
36991 124
36992 212
36993 255
36994 255
36995 246
36996 32
36997 80
36998 68
36999 92
37000 138
37001 120
37002 28
37003 90
37004 58
37005 236
37006 248
37007 226
37008 255
37009 142
37010 58
37011 82
37012 46
37013 64
37014 22
37015 58
37016 46
37017 48
37018 22
37019 88
37020 146
37021 160
37022 150
37023 255
37024 255
37025 255
37026 210
37027 6
37028 255
37029 255
37030 166
37031 255
37032 242
37033 170
37034 34
37035 118
37036 78
37037 182
37038 208
37039 154
37040 86
37041 94
37042 30
37043 16
37044 26
37045 38
37046 54
37047 56
37048 74
37049 34
37050 42
37051 112
37052 132
37053 102
37054 126
37055 84
37056 30
37057 24
37058 38
37059 42
37060 104
37061 106
37062 72
37063 102
37064 90
37065 116
37066 116
37067 130
37068 114
37069 140
37070 162
37071 130
37072 110
37073 66
37074 56
37075 58
37076 24
37077 32
37078 48
37079 82
37080 50
37081 48
37082 122
37083 72
37084 78
37085 36
37086 18
37087 40
37088 72
37089 84
37090 90
37091 68
37092 38
37093 32
37094 32
37095 74
37096 118
37097 114
37098 104
37099 88
37100 64
37101 56
37102 44
37103 38
37104 50
37105 32
37106 36
37107 80
37108 96
37109 96
37110 80
37111 60
37112 40
37113 14
37114 46
37115 58
37116 82
37117 102
37118 88
37119 66
37120 44
37121 44
37122 52
37123 50
37126 46
37127 54
37128 54
37129 60
37130 72
37131 72
37132 64
37133 56
37134 48
37135 52
37136 54
37137 44
37138 24
37139 22
37140 16
37141 14
37142 14
37143 26
37144 32
37145 44
37146 62
37147 74
37148 66
37149 68
37150 74
37151 82
37152 74
37153 48
37154 66
37155 68
37156 72
37157 72
37158 74
37159 90
37160 108
37161 120
37162 120
37163 124
37164 120
37165 60
37166 42
37167 94
37168 68
37169 178
37170 246
37171 220
37172 138
37173 136
37174 130
37175 118
37176 128
37177 128
37178 188
37179 255
37180 255
37181 255
37182 232
37183 150
37184 164
37185 150
37186 122
37187 80
37188 78
37189 94
37190 164
37191 216
37192 176
37193 106
37194 56
37195 112
37196 146
37197 116
37198 88
37199 122
37200 116
37201 94
37202 44
37203 52
37204 72
37205 72
37206 52
37207 74
37208 20
37209 94
37210 70
37211 42
37212 142
37213 255
37214 255
37215 208
37216 228
37217 255
37218 255
37219 255
37220 114
37221 62
37222 98
37223 48
37224 94
37225 218
37226 255
37227 210
37228 255
37229 216
37230 82
37231 255
37232 255
37233 255
37234 120
37235 72
37236 88
37237 52
37238 66
37239 86
37240 138
37241 102
37242 126
37243 112
37244 72
37245 62
37246 42
37247 64
37248 182
37249 255
37250 255
37251 255
37252 255
37253 238
37254 255
37255 255
37256 255
37257 255
37258 255
37259 166
37260 238
37261 168
37262 236
37263 206
37264 108
37265 16
37266 72
37267 56
37268 24
37269 38
37270 40
37271 32
37272 66
37273 120
37274 104
37275 130
37276 148
37277 94
37278 32
37279 64
37280 52
37281 24
37282 34
37283 32
37284 36
37285 78
37286 76
37287 26
37288 50
37289 64
37290 94
37291 82
37292 92
37293 70
37294 90
37295 130
37296 162
37297 148
37298 106
37299 74
37300 62
37301 56
37302 36
37303 22
37304 48
37305 92
37306 70
37307 30
37308 50
37309 22
37310 56
37311 32
37312 34
37313 82
37314 110
37315 130
37316 88
37317 70
37318 22
37319 78
37320 28
37321 42
37322 48
37323 56
37324 66
37325 64
37326 66
37327 54
37328 30
37329 2
37330 18
37331 12
37332 18
37333 44
37334 70
37335 72
37336 68
37337 66
37338 60
37339 46
37340 38
37341 62
37342 76
37343 74
37344 76
37345 42
37346 38
37347 40
37348 38
37351 38
37352 50
37353 48
37354 42
37355 58
37356 64
37357 60
37358 54
37359 48
37360 46
37361 44
37362 30
37363 28
37364 26
37365 22
37366 22
37367 18
37368 26
37369 36
37370 50
37371 66
37372 70
37373 56
37374 58
37375 54
37376 76
37377 86
37378 70
37379 76
37380 72
37381 72
37382 68
37383 70
37384 98
37385 112
37386 88
37387 62
37388 116
37389 156
37390 114
37391 66
37392 72
37393 46
37394 114
37395 202
37396 218
37397 196
37398 150
37399 78
37400 36
37401 14
37402 70
37403 144
37404 172
37405 184
37406 220
37407 196
37408 160
37409 170
37410 196
37411 212
37412 158
37413 96
37414 66
37415 104
37416 222
37417 222
37418 100
37419 76
37420 132
37421 124
37422 50
37423 50
37424 118
37425 142
37426 94
37427 18
37428 34
37429 64
37430 64
37431 32
37432 42
37433 46
37434 80
37435 134
37436 72
37437 250
37438 255
37439 218
37440 186
37441 255
37442 255
37443 255
37444 220
37445 30
37446 112
37447 40
37448 36
37449 92
37450 230
37451 255
37452 210
37453 255
37454 255
37455 206
37456 142
37457 150
37458 136
37459 56
37460 88
37461 82
37462 60
37463 36
37464 56
37465 86
37466 36
37467 48
37468 86
37469 108
37470 94
37471 78
37472 136
37473 130
37474 112
37475 146
37476 238
37477 255
37478 118
37479 255
37480 255
37481 255
37482 255
37483 230
37484 130
37485 170
37486 166
37487 206
37488 144
37489 80
37490 44
37491 30
37492 66
37493 54
37494 50
37495 36
37496 20
37497 46
37498 110
37499 120
37500 128
37501 84
37502 8
37503 108
37504 142
37505 74
37506 26
37507 24
37508 34
37509 4
37510 64
37511 74
37512 24
37513 12
37514 34
37515 56
37516 36
37517 58
37518 22
37519 38
37520 100
37521 102
37522 134
37523 108
37524 80
37525 70
37526 78
37527 46
37528 98
37529 102
37530 104
37531 142
37532 64
37533 44
37534 40
37535 34
37536 28
37537 16
37538 74
37539 128
37540 168
37541 162
37542 46
37543 38
37544 44
37545 56
37546 86
37547 60
37548 22
37549 22
37550 44
37551 54
37552 62
37553 58
37554 40
37555 12
37556 18
37557 38
37558 44
37559 42
37560 24
37561 28
37562 46
37563 66
37564 74
37565 70
37566 68
37567 52
37568 56
37569 70
37570 42
37571 38
37572 50
37573 44
37576 36
37577 46
37578 38
37579 30
37580 42
37581 52
37582 48
37583 42
37584 42
37585 48
37586 42
37587 38
37588 36
37589 34
37590 32
37591 20
37592 12
37593 20
37594 28
37595 40
37596 52
37597 52
37598 42
37599 44
37600 16
37601 44
37602 76
37603 86
37604 58
37605 48
37606 52
37607 64
37608 76
37609 98
37610 92
37611 84
37612 26
37613 96
37614 184
37615 178
37616 70
37617 66
37618 124
37619 224
37620 255
37621 255
37622 174
37623 88
37624 72
37625 64
37626 98
37627 182
37628 222
37629 198
37630 122
37631 114
37632 132
37633 148
37634 150
37635 148
37636 146
37637 112
37638 118
37639 108
37640 68
37641 214
37642 244
37643 134
37644 110
37645 158
37646 114
37647 38
37648 34
37649 114
37650 166
37651 144
37652 82
37653 38
37654 18
37655 34
37656 54
37657 46
37658 56
37659 42
37660 116
37661 196
37662 255
37663 172
37664 140
37665 248
37666 255
37667 255
37668 210
37669 106
37670 88
37671 86
37672 44
37673 42
37674 164
37675 250
37676 230
37677 186
37678 166
37679 255
37680 255
37681 82
37682 78
37683 30
37684 28
37685 90
37686 98
37687 104
37688 82
37689 118
37690 152
37691 132
37692 64
37693 28
37694 98
37695 136
37696 186
37697 254
37698 255
37699 255
37700 255
37701 255
37702 255
37703 164
37704 162
37705 250
37706 186
37707 50
37708 66
37709 114
37710 66
37711 56
37712 54
37713 40
37714 88
37715 88
37716 32
37717 28
37718 56
37719 66
37720 60
37721 50
37722 50
37723 36
37724 36
37725 18
37726 22
37727 76
37728 126
37729 100
37730 38
37731 64
37732 22
37733 42
37734 36
37735 68
37736 86
37737 46
37738 42
37739 50
37740 60
37741 30
37742 66
37743 44
37744 62
37745 70
37746 16
37747 72
37748 80
37749 76
37750 60
37751 56
37752 106
37753 150
37754 102
37755 76
37756 170
37757 164
37758 18
37759 66
37760 70
37761 42
37762 8
37763 50
37764 44
37765 46
37766 118
37767 88
37768 36
37769 8
37770 64
37771 78
37772 46
37773 50
37774 38
37775 36
37776 22
37777 40
37778 48
37779 44
37780 38
37781 24
37782 36
37783 48
37784 42
37785 42
37786 48
37787 48
37788 38
37789 42
37790 64
37791 86
37792 88
37793 94
37794 96
37795 72
37796 64
37797 74
37798 66
37801 66
37802 60
37803 40
37804 24
37805 20
37806 40
37807 42
37808 34
37809 38
37810 36
37811 40
37812 52
37813 54
37814 42
37815 36
37816 24
37817 18
37818 26
37819 28
37820 32
37821 36
37822 32
37823 26
37824 52
37825 24
37826 44
37827 48
37828 62
37829 70
37830 44
37831 12
37832 54
37833 60
37834 88
37835 70
37836 90
37837 84
37838 108
37839 172
37840 255
37841 212
37842 94
37843 154
37844 204
37845 192
37846 116
37847 140
37848 150
37849 126
37850 84
37851 126
37852 194
37853 212
37854 164
37855 74
37856 36
37857 120
37858 142
37859 114
37860 64
37861 102
37862 152
37863 90
37864 130
37865 90
37866 255
37867 255
37868 255
37869 216
37870 204
37871 126
37872 66
37873 60
37874 136
37875 184
37876 182
37877 158
37878 132
37879 86
37880 24
37881 58
37882 82
37883 40
37884 58
37885 92
37886 244
37887 216
37888 176
37889 206
37890 255
37891 198
37892 124
37893 180
37894 160
37895 28
37896 38
37897 80
37898 244
37899 255
37900 255
37901 80
37902 180
37903 255
37904 255
37905 252
37906 52
37907 48
37908 12
37909 24
37910 52
37911 58
37912 58
37913 18
37914 48
37915 70
37916 74
37917 56
37918 122
37919 166
37920 170
37921 162
37922 196
37923 222
37924 212
37925 220
37926 196
37927 134
37928 164
37929 72
37930 46
37931 168
37932 190
37933 226
37934 238
37935 255
37936 214
37937 132
37938 100
37939 128
37940 126
37941 88
37942 44
37943 38
37944 44
37945 84
37946 90
37947 30
37948 56
37949 110
37950 112
37951 84
37952 68
37953 72
37954 76
37955 68
37956 86
37957 14
37958 64
37959 48
37960 56
37961 78
37962 44
37963 52
37964 76
37965 58
37966 30
37967 78
37968 60
37969 82
37970 120
37971 70
37972 54
37973 42
37974 88
37975 56
37976 64
37977 164
37978 116
37979 68
37980 96
37981 148
37982 255
37983 124
37984 20
37985 46
37986 22
37987 80
37988 122
37989 166
37990 108
37991 126
37992 80
37993 46
37994 50
37995 42
37996 24
37997 30
37998 52
37999 46
38000 28
38001 10
38002 32
38003 26
38004 32
38005 54
38006 72
38007 60
38008 30
38009 10
38010 36
38011 54
38012 52
38013 40
38014 24
38015 6
38016 22
38017 30
38018 32
38019 28
38020 16
38021 10
38022 12
38023 8
38026 98
38027 100
38028 86
38029 54
38030 14
38031 22
38032 28
38033 12
38034 10
38035 18
38036 20
38037 32
38038 56
38039 74
38040 84
38041 84
38042 84
38043 86
38044 68
38045 48
38046 30
38047 24
38048 44
38049 88
38050 66
38051 118
38052 116
38053 28
38054 54
38055 76
38056 44
38057 84
38058 126
38059 110
38060 90
38061 120
38062 174
38063 122
38064 68
38065 210
38066 255
38067 222
38068 146
38069 104
38070 42
38071 142
38072 244
38073 255
38074 255
38075 178
38076 100
38077 130
38078 126
38079 76
38080 42
38081 124
38082 172
38083 104
38084 124
38085 255
38086 214
38087 255
38088 220
38089 255
38090 198
38091 255
38092 255
38093 238
38094 210
38095 190
38096 130
38097 132
38098 130
38099 174
38100 202
38101 218
38102 255
38103 254
38104 210
38105 148
38106 30
38107 64
38108 44
38109 20
38110 118
38111 204
38112 136
38113 118
38114 124
38115 134
38116 100
38117 62
38118 74
38119 96
38120 56
38121 62
38122 152
38123 255
38124 255
38125 194
38126 186
38127 88
38128 64
38129 244
38130 254
38131 118
38132 92
38133 60
38134 26
38135 48
38136 52
38137 52
38138 64
38139 92
38140 118
38141 140
38142 156
38143 200
38144 156
38145 116
38146 42
38147 92
38148 154
38149 100
38150 80
38151 12
38152 106
38153 228
38154 194
38155 54
38156 102
38157 172
38158 255
38159 216
38160 255
38161 170
38162 84
38163 78
38164 122
38165 106
38166 96
38167 130
38168 130
38169 140
38170 198
38171 156
38172 102
38173 104
38174 138
38175 86
38176 88
38177 46
38178 44
38179 98
38180 70
38181 30
38182 42
38183 86
38184 66
38185 52
38186 70
38187 46
38188 78
38189 134
38190 100
38191 46
38192 82
38193 56
38194 36
38195 86
38196 88
38197 104
38198 46
38199 92
38200 80
38201 84
38202 98
38203 28
38204 68
38205 96
38206 94
38207 255
38208 232
38209 154
38210 124
38211 68
38212 122
38213 116
38214 160
38215 158
38216 84
38217 14
38218 56
38219 52
38220 22
38221 62
38222 64
38223 36
38224 32
38225 46
38226 22
38227 22
38228 16
38229 30
38230 36
38231 84
38232 100
38233 82
38234 62
38235 40
38236 30
38237 16
38238 12
38239 18
38240 22
38241 22
38242 18
38243 24
38244 30
38245 44
38246 50
38247 50
38248 46
38251 82
38252 96
38253 98
38254 78
38255 36
38256 10
38257 30
38258 38
38259 38
38260 34
38261 34
38262 58
38263 98
38264 118
38265 124
38266 132
38267 142
38268 138
38269 118
38270 98
38271 52
38272 8
38273 44
38274 96
38275 98
38276 112
38277 182
38278 130
38279 10
38280 74
38281 102
38282 74
38283 172
38284 164
38285 88
38286 84
38287 202
38288 228
38289 136
38290 66
38291 248
38292 255
38293 180
38294 42
38295 132
38296 202
38297 174
38298 255
38299 255
38300 208
38301 86
38302 76
38303 96
38304 68
38305 52
38306 166
38307 134
38308 52
38309 255
38310 255
38311 255
38312 255
38313 222
38314 246
38315 162
38316 208
38317 184
38318 112
38319 160
38320 166
38321 174
38322 124
38323 118
38324 148
38325 172
38326 240
38327 255
38328 255
38329 255
38330 255
38331 196
38332 68
38333 60
38334 80
38335 108
38336 118
38337 88
38338 22
38339 48
38340 104
38341 168
38342 198
38343 194
38344 140
38345 56
38346 46
38347 186
38348 255
38349 186
38350 60
38351 204
38352 212
38353 255
38354 255
38355 255
38356 250
38357 228
38358 188
38359 82
38360 94
38361 118
38362 138
38363 150
38364 146
38365 160
38366 130
38367 112
38368 124
38369 22
38370 152
38371 100
38372 108
38373 196
38374 210
38375 106
38376 46
38377 74
38378 192
38379 255
38380 116
38381 86
38382 102
38383 88
38384 136
38385 255
38386 212
38387 72
38388 22
38389 102
38390 30
38391 108
38392 124
38393 152
38394 178
38395 206
38396 124
38397 138
38398 154
38399 110
38400 44
38401 64
38402 92
38403 116
38404 98
38405 104
38406 56
38407 76
38408 88
38409 56
38410 40
38411 44
38412 16
38413 48
38414 128
38415 120
38416 60
38417 94
38418 74
38419 20
38420 26
38421 86
38422 104
38423 138
38424 46
38425 60
38426 30
38427 100
38428 108
38429 88
38430 174
38431 104
38432 148
38433 206
38434 204
38435 192
38436 66
38437 72
38438 82
38439 22
38440 84
38441 96
38442 70
38443 34
38444 44
38445 84
38446 82
38447 72
38448 50
38449 36
38450 64
38451 58
38452 30
38453 26
38454 40
38455 30
38456 24
38457 76
38458 88
38459 84
38460 72
38461 42
38462 26
38463 28
38464 30
38465 12
38466 12
38467 24
38468 28
38469 32
38470 30
38471 40
38472 42
38473 40
38476 38
38477 64
38478 84
38479 84
38480 56
38481 44
38482 68
38483 58
38484 32
38485 16
38486 20
38487 54
38488 96
38489 104
38490 98
38491 102
38492 114
38493 112
38494 110
38495 130
38496 102
38497 60
38498 68
38499 110
38500 88
38501 28
38502 154
38503 172
38504 64
38505 114
38506 122
38507 42
38508 172
38509 216
38510 160
38511 54
38512 88
38513 176
38514 164
38515 80
38516 184
38517 255
38518 232
38519 82
38520 190
38521 176
38522 70
38523 52
38524 150
38525 140
38526 54
38527 130
38528 186
38529 154
38530 138
38531 222
38532 180
38533 246
38534 255
38535 255
38536 194
38537 152
38538 112
38539 68
38540 120
38541 172
38542 96
38543 122
38544 134
38545 118
38546 124
38547 52
38548 20
38549 58
38550 162
38551 184
38552 192
38553 255
38554 255
38555 255
38556 255
38557 200
38558 132
38559 116
38560 80
38561 60
38562 116
38563 86
38564 132
38565 184
38566 186
38567 132
38568 78
38569 50
38570 10
38571 8
38572 160
38573 255
38574 255
38575 166
38576 66
38577 98
38578 216
38579 255
38580 255
38581 255
38582 255
38583 255
38584 192
38585 192
38586 228
38587 254
38588 226
38589 206
38590 160
38591 88
38592 30
38593 146
38594 136
38595 156
38596 38
38597 84
38598 68
38599 230
38600 224
38601 40
38602 70
38603 78
38604 255
38605 255
38606 74
38607 122
38608 178
38609 255
38610 255
38611 150
38612 112
38613 36
38614 104
38615 20
38616 108
38617 54
38618 38
38619 48
38620 74
38621 24
38622 166
38623 128
38624 90
38625 118
38626 142
38627 198
38628 206
38629 144
38630 156
38631 98
38632 48
38633 34
38634 26
38635 64
38636 68
38637 40
38638 46
38639 90
38640 56
38641 46
38642 102
38643 100
38644 68
38645 34
38646 110
38647 96
38648 194
38649 122
38650 74
38651 42
38652 50
38653 20
38654 22
38655 140
38656 140
38657 42
38658 76
38659 114
38660 148
38661 96
38662 40
38663 132
38664 106
38665 34
38666 46
38667 76
38668 54
38669 52
38670 98
38671 68
38672 54
38673 80
38674 68
38675 54
38676 94
38677 86
38678 80
38679 80
38680 68
38681 38
38682 30
38683 46
38684 72
38685 82
38686 60
38687 38
38688 32
38689 32
38690 32
38691 26
38692 18
38693 18
38694 20
38695 16
38696 20
38697 16
38698 6
38701 28
38702 50
38703 78
38704 90
38705 74
38706 98
38707 116
38708 92
38709 78
38710 60
38711 42
38712 72
38713 104
38714 106
38715 90
38716 88
38717 96
38718 80
38719 60
38720 108
38721 108
38722 80
38723 92
38724 136
38725 136
38726 56
38727 92
38728 132
38729 66
38730 100
38731 80
38732 16
38733 106
38734 176
38735 180
38736 134
38737 80
38738 106
38739 120
38740 124
38741 188
38742 220
38743 255
38744 112
38745 114
38746 166
38747 82
38748 52
38749 204
38750 192
38751 84
38752 255
38753 255
38754 204
38755 226
38756 246
38757 176
38758 255
38759 255
38760 255
38761 118
38762 82
38763 78
38764 126
38765 250
38766 174
38767 20
38768 118
38769 56
38770 82
38771 88
38772 98
38773 66
38774 122
38775 132
38776 60
38777 60
38778 150
38779 198
38780 202
38781 202
38782 210
38783 192
38784 110
38785 48
38786 18
38787 36
38788 62
38789 148
38790 186
38791 142
38792 32
38793 66
38794 102
38795 76
38796 70
38797 48
38798 255
38799 255
38800 255
38801 164
38802 238
38803 248
38804 76
38805 255
38806 244
38807 255
38808 255
38809 255
38810 255
38811 255
38812 240
38813 192
38814 188
38815 212
38816 218
38817 104
38818 64
38819 170
38820 98
38821 142
38822 44
38823 74
38824 160
38825 254
38826 144
38827 96
38828 102
38829 112
38830 230
38831 196
38832 202
38833 208
38834 246
38835 204
38836 72
38837 88
38838 80
38839 134
38840 90
38841 82
38842 84
38843 52
38844 94
38845 100
38846 86
38847 192
38848 80
38849 86
38850 126
38851 142
38852 180
38853 158
38854 148
38855 200
38856 122
38857 86
38858 82
38859 34
38860 54
38861 40
38862 16
38863 40
38864 78
38865 52
38866 42
38867 92
38868 94
38869 50
38870 16
38871 132
38872 110
38873 134
38874 126
38875 78
38876 58
38877 92
38878 62
38879 66
38880 122
38881 188
38882 112
38883 108
38884 96
38885 96
38886 94
38887 50
38888 88
38889 108
38890 68
38891 56
38892 44
38893 46
38894 44
38895 74
38896 78
38897 66
38898 122
38899 112
38900 68
38901 62
38902 58
38903 64
38904 72
38905 60
38906 32
38907 14
38908 30
38909 62
38910 84
38911 76
38912 52
38913 32
38914 20
38915 10
38916 22
38917 30
38918 38
38919 44
38920 40
38921 36
38922 28
38923 24
38926 46
38927 58
38928 76
38929 88
38930 94
38931 140
38932 142
38933 110
38934 128
38935 122
38936 78
38937 72
38938 102
38939 114
38940 110
38941 114
38942 106
38943 56
38944 20
38945 66
38946 64
38947 30
38948 50
38949 104
38950 114
38951 70
38952 96
38953 106
38954 44
38955 78
38956 114
38957 68
38958 76
38959 92
38960 154
38961 170
38962 56
38963 40
38964 82
38965 136
38966 124
38967 100
38968 255
38969 255
38970 224
38971 248
38972 214
38973 142
38974 255
38975 255
38976 146
38977 255
38978 255
38979 188
38980 255
38981 244
38982 144
38983 224
38984 255
38985 188
38986 80
38987 40
38988 92
38989 202
38990 242
38991 86
38992 86
38993 84
38994 42
38995 154
38996 170
38997 140
38998 74
38999 160
39000 106
39001 22
39002 56
39003 58
39004 140
39005 158
39006 134
39007 164
39008 190
39009 116
39010 58
39011 66
39012 60
39013 62
39014 84
39015 112
39016 74
39017 22
39018 86
39019 106
39020 66
39021 112
39022 62
39023 148
39024 255
39025 255
39026 176
39027 255
39028 255
39029 134
39030 86
39031 98
39032 150
39033 232
39034 226
39035 224
39036 218
39037 174
39038 158
39039 158
39040 220
39041 255
39042 255
39043 158
39044 82
39045 56
39046 186
39047 62
39048 132
39049 54
39050 162
39051 190
39052 134
39053 52
39054 166
39055 255
39056 255
39057 170
39058 142
39059 128
39060 58
39061 68
39062 134
39063 132
39064 136
39065 136
39066 60
39067 122
39068 168
39069 196
39070 126
39071 154
39072 194
39073 28
39074 154
39075 132
39076 94
39077 62
39078 62
39079 122
39080 154
39081 106
39082 68
39083 72
39084 34
39085 30
39086 30
39087 66
39088 74
39089 70
39090 50
39091 18
39092 78
39093 146
39094 92
39095 30
39096 142
39097 68
39098 70
39099 66
39100 64
39101 106
39102 122
39103 38
39104 132
39105 102
39106 198
39107 156
39108 98
39109 46
39110 72
39111 98
39112 50
39113 38
39114 68
39115 36
39116 16
39117 10
39118 26
39119 34
39120 42
39121 54
39122 104
39123 154
39124 114
39125 24
39126 50
39127 78
39128 86
39129 78
39130 58
39131 46
39132 34
39133 48
39134 62
39135 84
39136 88
39137 72
39138 48
39139 38
39140 22
39141 22
39142 14
39143 14
39144 18
39145 22
39146 22
39147 22
39148 18
39151 48
39152 50
39153 52
39154 50
39155 92
39156 124
39157 120
39158 102
39159 132
39160 154
39161 124
39162 46
39163 94
39164 128
39165 124
39166 98
39167 56
39168 20
39169 94
39170 134
39171 124
39172 86
39173 78
39174 82
39175 76
39176 44
39177 82
39178 110
39179 102
39180 92
39181 154
39182 144
39183 88
39184 26
39185 92
39186 176
39187 98
39188 64
39189 108
39190 104
39191 58
39192 50
39193 170
39194 255
39195 255
39196 255
39197 150
39198 44
39199 168
39200 220
39201 142
39202 255
39203 184
39204 62
39205 218
39206 255
39207 192
39208 246
39209 234
39210 122
39211 56
39212 94
39213 176
39214 230
39215 220
39216 56
39217 146
39218 110
39219 126
39220 208
39221 184
39222 64
39223 122
39224 206
39225 76
39226 62
39227 76
39228 62
39229 50
39230 98
39231 90
39232 142
39233 206
39234 128
39235 48
39236 56
39237 66
39238 84
39239 110
39240 108
39241 62
39242 34
39243 78
39244 84
39245 34
39246 90
39247 80
39248 58
39249 180
39250 190
39251 128
39252 255
39253 255
39254 255
39255 138
39256 96
39257 22
39258 112
39259 134
39260 168
39261 214
39262 180
39263 216
39264 208
39265 222
39266 255
39267 255
39268 255
39269 244
39270 255
39271 255
39272 255
39273 255
39274 220
39275 18
39276 130
39277 144
39278 120
39279 146
39280 188
39281 196
39282 186
39283 140
39284 84
39285 114
39286 82
39287 130
39288 106
39289 134
39290 152
39291 150
39292 190
39293 154
39294 84
39295 32
39296 176
39297 168
39298 92
39299 240
39300 174
39301 106
39302 78
39303 100
39304 158
39305 124
39306 102
39307 96
39308 14
39309 70
39310 74
39311 54
39312 20
39313 54
39314 50
39315 68
39316 86
39317 56
39318 40
39319 66
39320 72
39321 100
39322 68
39323 156
39324 132
39325 112
39326 92
39327 70
39328 84
39329 184
39330 106
39331 136
39332 152
39333 130
39334 46
39335 52
39336 112
39337 92
39338 46
39339 66
39340 40
39341 20
39342 16
39343 10
39344 44
39345 52
39346 26
39347 84
39348 98
39349 36
39350 58
39351 128
39352 136
39353 110
39354 84
39355 66
39356 56
39357 34
39358 36
39359 46
39360 66
39361 80
39362 80
39363 64
39364 52
39365 40
39366 46
39367 54
39368 42
39369 14
39370 6
39371 12
39372 16
39373 14
39376 28
39377 36
39378 34
39379 22
39380 56
39381 60
39382 66
39383 64
39384 70
39385 124
39386 138
39387 84
39388 128
39389 160
39390 112
39391 38
39392 16
39393 74
39394 132
39395 154
39396 132
39397 92
39398 66
39399 58
39400 44
39401 26
39402 72
39403 104
39404 116
39405 120
39406 122
39407 172
39408 162
39409 126
39410 18
39411 126
39412 138
39413 138
39414 156
39415 64
39416 56
39417 112
39418 160
39419 206
39420 210
39421 236
39422 116
39423 128
39424 184
39425 94
39426 132
39427 148
39428 170
39429 112
39430 28
39431 158
39432 202
39433 204
39434 140
39435 6
39436 116
39437 198
39438 200
39439 202
39440 216
39441 108
39442 198
39443 206
39444 142
39445 134
39446 98
39447 140
39448 255
39449 218
39450 62
39451 66
39452 74
39453 78
39454 56
39455 24
39456 14
39457 98
39458 156
39459 86
39460 24
39461 46
39462 64
39463 92
39464 136
39465 124
39466 52
39467 32
39468 70
39469 70
39470 46
39471 120
39472 82
39473 42
39474 96
39475 102
39476 84
39477 170
39478 255
39479 254
39480 148
39481 124
39482 136
39483 58
39484 74
39485 120
39486 204
39487 142
39488 180
39489 138
39490 198
39491 218
39492 224
39493 255
39494 255
39495 255
39496 255
39497 255
39498 255
39499 255
39500 255
39501 116
39502 124
39503 178
39504 148
39505 162
39506 222
39507 255
39508 255
39509 112
39510 178
39511 140
39512 86
39513 8
39514 72
39515 56
39516 226
39517 194
39518 72
39519 24
39520 78
39521 106
39522 148
39523 178
39524 255
39525 146
39526 102
39527 136
39528 162
39529 74
39530 24
39531 126
39532 88
39533 54
39534 72
39535 72
39536 104
39537 68
39538 98
39539 32
39540 32
39541 92
39542 112
39543 82
39544 84
39545 54
39546 118
39547 126
39548 170
39549 92
39550 32
39551 26
39552 66
39553 108
39554 142
39555 50
39556 24
39557 80
39558 118
39559 70
39560 22
39561 90
39562 96
39563 52
39564 78
39565 54
39566 34
39567 34
39568 10
39569 64
39570 70
39571 84
39572 132
39573 148
39574 116
39575 100
39576 108
39577 74
39578 30
39579 32
39580 20
39581 18
39582 20
39583 18
39584 36
39585 56
39586 64
39587 62
39588 72
39589 64
39590 40
39591 2
39592 34
39593 44
39594 28
39595 8
39596 16
39597 18
39598 12
39601 56
39602 76
39603 82
39604 62
39605 114
39606 130
39607 104
39608 64
39609 12
39610 52
39611 98
39612 106
39613 158
39614 136
39615 34
39616 50
39617 74
39618 96
39619 116
39620 120
39621 100
39622 70
39623 72
39624 38
39625 20
39626 22
39627 44
39628 76
39629 100
39630 92
39631 74
39632 112
39633 166
39634 152
39635 84
39636 54
39637 124
39638 150
39639 154
39640 112
39641 102
39642 106
39643 106
39644 108
39645 26
39646 160
39647 226
39648 206
39649 116
39650 28
39651 84
39652 66
39653 148
39654 200
39655 138
39656 152
39657 126
39658 88
39659 42
39660 156
39661 224
39662 230
39663 128
39664 122
39665 206
39666 174
39667 150
39668 240
39669 190
39670 44
39671 150
39672 255
39673 255
39674 200
39675 140
39676 152
39677 160
39678 72
39679 50
39680 86
39681 116
39682 190
39683 154
39684 82
39685 46
39686 58
39687 82
39688 116
39689 134
39690 82
39691 42
39692 82
39693 96
39694 30
39695 76
39696 108
39697 10
39698 136
39699 136
39700 56
39701 46
39702 182
39703 248
39704 90
39705 54
39706 106
39707 188
39708 166
39709 114
39710 204
39711 204
39712 74
39713 70
39714 36
39715 144
39716 186
39717 214
39718 224
39719 255
39720 255
39721 255
39722 188
39723 242
39724 255
39725 255
39726 236
39727 224
39728 255
39729 164
39730 58
39731 128
39732 255
39733 255
39734 244
39735 255
39736 206
39737 102
39738 66
39739 82
39740 98
39741 255
39742 140
39743 186
39744 88
39745 46
39746 104
39747 130
39748 124
39749 122
39750 42
39751 138
39752 202
39753 136
39754 64
39755 78
39756 214
39757 156
39758 76
39759 50
39760 18
39761 86
39762 90
39763 110
39764 88
39765 90
39766 16
39767 58
39768 18
39769 32
39770 42
39771 74
39772 90
39773 84
39774 30
39775 58
39776 46
39777 48
39778 66
39779 58
39780 60
39781 66
39782 74
39783 82
39784 62
39785 12
39786 50
39787 48
39788 32
39789 64
39790 44
39791 34
39792 52
39793 38
39794 92
39795 74
39796 66
39797 132
39798 188
39799 182
39800 92
39801 28
39802 82
39803 74
39804 60
39805 54
39806 52
39807 58
39808 78
39809 94
39810 90
39811 72
39812 48
39813 64
39814 84
39815 94
39816 80
39817 46
39818 40
39819 26
39820 2
39821 14
39822 2
39823 12
39826 66
39827 84
39828 80
39829 54
39830 102
39831 142
39832 134
39833 98
39834 50
39835 8
39836 72
39837 154
39838 136
39839 62
39840 64
39841 104
39842 84
39843 66
39844 56
39845 90
39846 72
39847 52
39848 62
39849 66
39850 20
39851 20
39852 26
39853 104
39854 162
39855 176
39856 116
39857 58
39858 100
39859 134
39860 134
39861 116
39862 116
39863 146
39864 88
39865 78
39866 116
39867 72
39868 72
39869 174
39870 122
39871 180
39872 206
39873 168
39874 68
39875 68
39876 44
39877 142
39878 128
39879 210
39880 216
39881 148
39882 80
39883 180
39884 188
39885 222
39886 214
39887 148
39888 96
39889 30
39890 204
39891 230
39892 184
39893 206
39894 255
39895 238
39896 255
39897 255
39898 255
39899 150
39900 162
39901 182
39902 246
39903 208
39904 80
39905 4
39906 76
39907 82
39908 48
39909 108
39910 168
39911 174
39912 158
39913 142
39914 146
39915 130
39916 88
39917 150
39918 130
39919 88
39920 96
39921 24
39922 172
39923 250
39924 202
39925 160
39926 214
39927 255
39928 255
39929 222
39930 216
39931 130
39932 20
39933 60
39934 108
39935 240
39936 212
39937 58
39938 22
39939 38
39940 88
39941 102
39942 154
39943 202
39944 204
39945 130
39946 50
39947 152
39948 138
39949 255
39950 255
39951 204
39952 192
39953 160
39954 36
39955 54
39956 28
39957 136
39958 164
39959 176
39960 238
39961 228
39962 242
39963 255
39964 152
39965 182
39966 255
39967 72
39968 196
39969 132
39970 72
39971 102
39972 100
39973 76
39974 164
39975 196
39976 252
39977 174
39978 26
39979 176
39980 132
39981 248
39982 255
39983 144
39984 96
39985 74
39986 76
39987 92
39988 86
39989 94
39990 126
39991 64
39992 108
39993 68
39994 94
39995 78
39996 46
39997 22
39998 16
39999 58
40000 52
40001 14
40002 20
40003 34
40004 48
40005 42
40006 34
40007 42
40008 64
40009 50
40010 36
40011 66
40012 42
40013 26
40014 38
40015 14
40016 20
40017 18
40018 42
40019 66
40020 42
40021 46
40022 62
40023 94
40024 144
40025 112
40026 38
40027 52
40028 66
40029 72
40030 88
40031 86
40032 94
40033 106
40034 98
40035 72
40036 40
40037 10
40038 36
40039 66
40040 92
40041 110
40042 92
40043 52
40044 46
40045 32
40046 42
40047 44
40048 40
40051 60
40052 62
40053 60
40054 30
40055 42
40056 102
40057 116
40058 92
40059 50
40060 38
40061 96
40062 132
40063 60
40064 100
40065 116
40066 90
40067 40
40068 26
40069 38
40070 116
40071 124
40072 66
40073 32
40074 76
40075 40
40076 38
40077 70
40078 86
40079 182
40080 222
40081 178
40082 94
40083 110
40084 64
40085 92
40086 132
40087 146
40088 138
40089 16
40090 114
40091 116
40092 112
40093 36
40094 118
40095 144
40096 100
40097 186
40098 188
40099 152
40100 70
40101 148
40102 154
40103 110
40104 246
40105 255
40106 66
40107 204
40108 255
40109 194
40110 130
40111 78
40112 76
40113 152
40114 78
40115 255
40116 236
40117 110
40118 98
40119 255
40120 255
40121 255
40122 200
40123 72
40124 58
40125 86
40126 150
40127 255
40128 255
40129 255
40130 202
40131 240
40132 255
40133 255
40134 255
40135 255
40136 255
40137 255
40138 255
40139 255
40140 230
40141 148
40142 188
40143 134
40144 164
40145 200
40146 80
40147 222
40148 186
40149 92
40150 52
40151 102
40152 226
40153 246
40154 102
40155 192
40156 174
40157 114
40158 84
40159 222
40160 255
40161 255
40162 160
40163 120
40164 140
40165 98
40166 56
40167 112
40168 142
40169 126
40170 124
40171 64
40172 132
40173 255
40174 255
40175 255
40176 92
40177 212
40178 210
40179 28
40180 50
40181 52
40182 148
40183 80
40184 92
40185 72
40186 168
40187 188
40188 255
40189 255
40190 246
40191 255
40192 40
40193 142
40194 78
40195 30
40196 138
40197 248
40198 160
40199 184
40200 208
40201 180
40202 106
40203 202
40204 196
40205 122
40206 154
40207 242
40208 242
40209 156
40210 114
40211 102
40212 70
40213 28
40214 54
40215 78
40216 60
40217 102
40218 84
40219 84
40220 80
40221 54
40222 52
40223 70
40224 72
40225 18
40226 26
40227 46
40228 50
40229 50
40230 32
40231 28
40232 54
40233 58
40234 44
40235 54
40236 62
40237 28
40238 36
40239 48
40240 40
40241 62
40242 38
40243 48
40244 48
40245 66
40246 84
40247 72
40248 44
40249 80
40250 102
40251 64
40252 14
40253 18
40254 52
40255 78
40256 58
40257 58
40258 68
40259 50
40260 50
40261 46
40262 32
40263 48
40264 54
40265 60
40266 84
40267 88
40268 64
40269 52
40270 48
40271 54
40272 50
40273 44
40276 84
40277 94
40278 106
40279 96
40280 60
40281 86
40282 86
40283 68
40284 38
40285 34
40286 104
40287 136
40288 70
40289 142
40290 118
40291 52
40292 22
40293 56
40294 28
40295 100
40296 128
40297 88
40298 68
40299 118
40300 52
40301 68
40302 118
40303 100
40304 164
40305 230
40306 204
40307 132
40308 98
40309 48
40310 46
40311 108
40312 94
40313 28
40314 100
40315 156
40316 88
40317 138
40318 128
40319 6
40320 106
40321 52
40322 76
40323 82
40324 124
40325 146
40326 136
40327 16
40328 212
40329 255
40330 206
40331 38
40332 214
40333 240
40334 118
40335 50
40336 44
40337 94
40338 170
40339 96
40340 255
40341 255
40342 218
40343 255
40344 255
40345 255
40346 176
40347 32
40348 64
40349 24
40350 52
40351 86
40352 194
40353 255
40354 255
40355 255
40356 255
40357 255
40358 255
40359 255
40360 255
40361 255
40362 255
40363 255
40364 255
40365 255
40366 152
40367 120
40368 76
40369 150
40370 226
40371 142
40372 184
40373 86
40374 90
40375 118
40376 170
40377 255
40378 255
40379 208
40380 200
40381 198
40382 62
40383 150
40384 255
40385 255
40386 255
40387 212
40388 194
40389 206
40390 124
40391 20
40392 110
40393 100
40394 24
40395 116
40396 146
40397 212
40398 255
40399 255
40400 118
40401 255
40402 255
40403 255
40404 144
40405 78
40406 92
40407 216
40408 220
40409 255
40410 255
40411 255
40412 144
40413 246
40414 255
40415 214
40416 174
40417 66
40418 174
40419 146
40420 136
40421 238
40422 255
40423 168
40424 164
40425 80
40426 8
40427 166
40428 238
40429 68
40430 82
40431 60
40432 40
40433 156
40434 200
40435 158
40436 118
40437 76
40438 40
40439 42
40440 18
40441 26
40442 36
40443 42
40444 28
40445 78
40446 80
40447 90
40448 96
40449 52
40450 58
40451 20
40452 14
40453 36
40454 82
40455 114
40456 80
40457 112
40458 104
40459 62
40460 64
40461 46
40462 20
40463 30
40464 36
40465 86
40466 78
40467 84
40468 70
40469 56
40470 94
40471 132
40472 112
40473 58
40474 68
40475 108
40476 80
40477 24
40478 24
40479 58
40480 58
40481 10
40482 14
40483 34
40484 18
40485 32
40486 56
40487 68
40488 56
40489 36
40490 24
40491 36
40492 36
40493 24
40494 18
40495 20
40496 22
40497 22
40498 18
40501 66
40502 76
40503 88
40504 94
40505 60
40506 92
40507 92
40508 70
40509 30
40510 30
40511 94
40512 150
40513 104
40514 124
40515 66
40516 60
40517 72
40518 70
40519 12
40520 78
40521 94
40522 66
40523 72
40524 108
40525 26
40526 96
40527 118
40528 88
40529 88
40530 172
40531 172
40532 130
40533 94
40534 82
40535 104
40536 120
40537 92
40538 164
40539 192
40540 140
40541 54
40542 114
40543 138
40544 76
40545 30
40546 68
40547 98
40548 56
40549 108
40550 162
40551 176
40552 255
40553 255
40554 180
40555 170
40556 104
40557 192
40558 188
40559 72
40560 72
40561 60
40562 56
40563 114
40564 96
40565 248
40566 196
40567 255
40568 255
40569 255
40570 255
40571 84
40572 70
40573 40
40574 52
40575 88
40576 82
40577 96
40578 160
40579 228
40580 228
40581 206
40582 202
40583 170
40584 112
40585 104
40586 148
40587 218
40588 255
40589 255
40590 255
40591 144
40592 12
40593 34
40594 58
40595 180
40596 182
40597 252
40598 156
40599 104
40600 62
40601 108
40602 255
40603 255
40604 255
40605 250
40606 254
40607 174
40608 238
40609 255
40610 255
40611 214
40612 20
40613 146
40614 212
40615 190
40616 122
40617 162
40618 194
40619 106
40620 208
40621 222
40622 255
40623 255
40624 240
40625 166
40626 255
40627 248
40628 32
40629 142
40630 40
40631 184
40632 255
40633 255
40634 158
40635 255
40636 255
40637 255
40638 114
40639 218
40640 226
40641 100
40642 140
40643 218
40644 182
40645 118
40646 148
40647 162
40648 66
40649 84
40650 76
40651 110
40652 148
40653 154
40654 116
40655 178
40656 104
40657 144
40658 52
40659 92
40660 78
40661 56
40662 66
40663 50
40664 32
40665 38
40666 30
40667 4
40668 56
40669 32
40670 70
40671 122
40672 116
40673 84
40674 42
40675 100
40676 68
40677 90
40678 104
40679 120
40680 108
40681 50
40682 90
40683 106
40684 68
40685 40
40686 26
40687 22
40688 8
40689 60
40690 100
40691 72
40692 122
40693 102
40694 98
40695 94
40696 150
40697 112
40698 42
40699 52
40700 114
40701 104
40702 52
40703 64
40704 38
40705 94
40706 74
40707 72
40708 82
40709 74
40710 76
40711 84
40712 68
40713 26
40714 14
40715 48
40716 68
40717 52
40718 32
40719 26
40720 32
40721 26
40722 22
40723 18
40726 28
40727 46
40728 56
40729 36
40730 20
40731 64
40732 52
40733 48
40734 64
40735 60
40736 80
40737 104
40738 90
40739 76
40740 14
40741 42
40742 52
40743 18
40744 50
40745 96
40746 76
40747 54
40748 74
40749 96
40750 48
40751 142
40752 230
40753 212
40754 100
40755 132
40756 106
40757 54
40758 24
40759 76
40760 174
40761 154
40762 112
40763 184
40764 90
40765 14
40766 60
40767 114
40768 94
40769 68
40770 60
40771 88
40772 108
40773 114
40774 142
40775 18
40776 200
40777 248
40778 142
40779 22
40780 110
40781 166
40782 184
40783 164
40784 86
40785 94
40786 126
40787 102
40788 90
40789 128
40790 220
40791 114
40792 255
40793 255
40794 236
40795 158
40796 36
40797 22
40798 78
40799 112
40800 96
40801 98
40802 132
40803 148
40804 114
40805 134
40806 84
40807 74
40808 114
40809 86
40810 18
40811 30
40812 64
40813 170
40814 255
40815 255
40816 255
40817 132
40818 76
40819 82
40820 78
40821 200
40822 255
40823 255
40824 255
40825 206
40826 166
40827 54
40828 180
40829 252
40830 114
40831 144
40832 184
40833 255
40834 255
40835 206
40836 84
40837 226
40838 255
40839 255
40840 234
40841 154
40842 178
40843 244
40844 186
40845 250
40846 255
40847 255
40848 255
40849 36
40850 255
40851 255
40852 144
40853 118
40854 70
40855 106
40856 204
40857 216
40858 160
40859 50
40860 188
40861 255
40862 255
40863 255
40864 28
40865 166
40866 126
40867 128
40868 186
40869 210
40870 176
40871 88
40872 124
40873 140
40874 80
40875 148
40876 132
40877 56
40878 90
40879 74
40880 84
40881 28
40882 128
40883 90
40884 114
40885 88
40886 54
40887 94
40888 56
40889 26
40890 40
40891 42
40892 40
40893 70
40894 100
40895 60
40896 84
40897 118
40898 104
40899 62
40900 114
40901 94
40902 64
40903 36
40904 44
40905 74
40906 62
40907 70
40908 58
40909 28
40910 26
40911 54
40912 52
40913 32
40914 60
40915 72
40916 40
40917 84
40918 88
40919 28
40920 34
40921 152
40922 182
40923 90
40924 98
40925 134
40926 108
40927 42
40928 90
40929 66
40930 82
40931 80
40932 60
40933 60
40934 68
40935 76
40936 64
40937 28
40938 18
40939 44
40940 54
40941 40
40942 12
40943 18
40944 14
40945 4
40946 16
40947 24
40948 30
40951 84
40952 124
40953 130
40954 82
40955 94
40956 74
40957 36
40958 66
40959 90
40960 94
40961 90
40962 58
40963 44
40964 58
40965 82
40966 64
40967 50
40968 80
40969 106
40970 88
40971 30
40972 48
40973 60
40974 72
40975 96
40976 120
40977 254
40978 255
40979 230
40980 182
40981 186
40982 140
40983 110
40984 30
40985 148
40986 226
40987 78
40988 148
40989 164
40990 130
40991 146
40992 180
40993 164
40994 150
40995 112
40996 70
40997 68
40998 96
40999 110
41000 126
41001 190
41002 90
41003 48
41004 78
41005 110
41006 128
41007 110
41008 86
41009 68
41010 156
41011 194
41012 144
41013 92
41014 158
41015 184
41016 122
41017 198
41018 120
41019 86
41020 64
41021 58
41022 108
41023 108
41024 58
41025 50
41026 108
41027 132
41028 70
41029 40
41030 114
41031 92
41032 74
41033 114
41034 100
41035 60
41036 26
41037 4
41038 40
41039 196
41040 255
41041 255
41042 255
41043 154
41044 138
41045 110
41046 198
41047 184
41048 182
41049 232
41050 204
41051 255
41052 240
41053 224
41054 255
41055 148
41056 178
41057 16
41058 255
41059 255
41060 255
41061 255
41062 255
41063 255
41064 194
41065 188
41066 138
41067 148
41068 208
41069 156
41070 166
41071 254
41072 255
41073 142
41074 166
41075 255
41076 255
41077 134
41078 108
41079 120
41080 188
41081 186
41082 130
41083 126
41084 104
41085 42
41086 255
41087 255
41088 255
41089 255
41090 74
41091 148
41092 162
41093 230
41094 255
41095 214
41096 60
41097 36
41098 106
41099 152
41100 206
41101 140
41102 54
41103 42
41104 34
41105 46
41106 122
41107 158
41108 84
41109 108
41110 136
41111 116
41112 128
41113 70
41114 74
41115 44
41116 100
41117 122
41118 88
41119 136
41120 102
41121 80
41122 86
41123 136
41124 74
41125 40
41126 70
41127 58
41128 98
41129 120
41130 132
41131 112
41132 120
41133 102
41134 70
41135 74
41136 86
41137 56
41138 64
41139 82
41140 70
41141 38
41142 16
41143 64
41144 108
41145 204
41146 252
41147 186
41148 46
41149 100
41150 142
41151 156
41152 150
41153 164
41154 90
41155 60
41156 40
41157 36
41158 24
41159 28
41160 40
41161 38
41162 32
41163 28
41164 18
41165 20
41166 44
41167 74
41168 80
41169 94
41170 82
41171 58
41172 32
41173 12
41176 62
41177 98
41178 96
41179 62
41180 114
41181 104
41182 36
41183 74
41184 60
41185 64
41186 88
41187 42
41188 52
41189 76
41190 126
41191 166
41192 228
41193 232
41194 170
41195 108
41196 38
41197 48
41198 36
41199 54
41200 150
41201 86
41202 62
41203 168
41204 152
41205 82
41206 106
41207 66
41208 112
41209 136
41210 24
41211 134
41212 96
41213 52
41214 44
41215 76
41216 180
41217 234
41218 200
41219 148
41220 82
41221 54
41222 76
41223 66
41224 52
41225 48
41226 192
41227 176
41228 134
41229 134
41230 132
41231 52
41232 44
41233 56
41234 94
41235 182
41236 158
41237 56
41238 62
41239 126
41240 94
41241 102
41242 160
41243 90
41244 44
41245 34
41246 60
41247 64
41248 42
41249 36
41250 38
41251 154
41252 182
41253 170
41254 238
41255 208
41256 78
41257 24
41258 130
41259 164
41260 140
41261 104
41262 72
41263 50
41264 32
41265 172
41266 228
41267 174
41268 188
41269 228
41270 230
41271 222
41272 56
41273 156
41274 160
41275 60
41276 124
41277 182
41278 198
41279 184
41280 62
41281 148
41282 116
41283 184
41284 255
41285 255
41286 255
41287 255
41288 198
41289 154
41290 204
41291 104
41292 78
41293 78
41294 146
41295 112
41296 230
41297 130
41298 162
41299 255
41300 255
41301 255
41302 170
41303 128
41304 206
41305 255
41306 240
41307 128
41308 26
41309 112
41310 70
41311 150
41312 255
41313 255
41314 255
41315 255
41316 255
41317 252
41318 216
41319 230
41320 140
41321 60
41322 82
41323 108
41324 116
41325 94
41326 48
41327 22
41328 42
41329 56
41330 66
41331 114
41332 196
41333 252
41334 246
41335 255
41336 228
41337 244
41338 104
41339 102
41340 178
41341 164
41342 70
41343 20
41344 24
41345 32
41346 22
41347 72
41348 168
41349 182
41350 104
41351 116
41352 120
41353 80
41354 50
41355 56
41356 32
41357 26
41358 16
41359 10
41360 28
41361 40
41362 18
41363 60
41364 96
41365 86
41366 54
41367 36
41368 108
41369 208
41370 196
41371 98
41372 28
41373 90
41374 86
41375 54
41376 114
41377 174
41378 128
41379 110
41380 68
41381 110
41382 80
41383 76
41384 74
41385 42
41386 8
41387 44
41388 54
41389 54
41390 84
41391 110
41392 114
41393 100
41394 116
41395 126
41396 126
41397 116
41398 102
41401 68
41402 96
41403 70
41404 18
41405 94
41406 98
41407 18
41408 42
41409 30
41410 28
41411 100
41412 86
41413 98
41414 98
41415 114
41416 172
41417 194
41418 142
41419 158
41420 122
41421 68
41422 18
41423 82
41424 80
41425 194
41426 206
41427 86
41428 76
41429 78
41430 36
41431 36
41432 28
41433 50
41434 124
41435 122
41436 96
41437 46
41438 6
41439 18
41440 92
41441 194
41442 194
41443 94
41444 32
41445 32
41446 22
41447 52
41448 18
41449 78
41450 76
41451 76
41452 52
41453 46
41454 36
41455 56
41456 74
41457 132
41458 130
41459 142
41460 174
41461 124
41462 48
41463 86
41464 108
41465 72
41466 164
41467 202
41468 118
41469 56
41470 56
41471 108
41472 204
41473 202
41474 148
41475 116
41476 166
41477 184
41478 212
41479 178
41480 106
41481 98
41482 150
41483 114
41484 150
41485 146
41486 110
41487 116
41488 108
41489 152
41490 255
41491 196
41492 80
41493 255
41494 255
41495 255
41496 248
41497 190
41498 156
41499 110
41500 28
41501 114
41502 174
41503 164
41504 96
41505 60
41506 110
41507 98
41508 60
41509 192
41510 255
41511 255
41512 255
41513 255
41514 230
41515 206
41516 154
41517 134
41518 134
41519 126
41520 102
41521 255
41522 184
41523 255
41524 255
41525 255
41526 244
41527 154
41528 178
41529 255
41530 255
41531 160
41532 152
41533 102
41534 50
41535 122
41536 82
41537 222
41538 255
41539 255
41540 255
41541 255
41542 255
41543 118
41544 132
41545 118
41546 44
41547 44
41548 22
41549 24
41550 56
41551 74
41552 54
41553 64
41554 90
41555 58
41556 52
41557 198
41558 255
41559 188
41560 255
41561 255
41562 255
41563 255
41564 196
41565 100
41566 74
41567 108
41568 144
41569 110
41570 86
41571 86
41572 80
41573 162
41574 208
41575 188
41576 142
41577 98
41578 6
41579 58
41580 58
41581 38
41582 44
41583 54
41584 32
41585 48
41586 58
41587 28
41588 38
41589 96
41590 102
41591 62
41592 72
41593 168
41594 210
41595 84
41596 70
41597 132
41598 146
41599 86
41600 84
41601 66
41602 70
41603 62
41604 112
41605 120
41606 94
41607 26
41608 34
41609 48
41610 40
41611 26
41612 40
41613 62
41614 80
41615 98
41616 98
41617 82
41618 70
41619 86
41620 112
41621 132
41622 144
41623 142
41626 68
41627 94
41628 96
41629 32
41630 92
41631 100
41632 46
41633 56
41634 60
41635 58
41636 98
41637 108
41638 58
41639 14
41640 82
41641 132
41642 116
41643 110
41644 200
41645 198
41646 76
41647 68
41648 134
41649 80
41650 142
41651 174
41652 90
41653 36
41654 92
41655 82
41656 42
41657 28
41658 20
41659 60
41660 104
41661 144
41662 142
41663 136
41664 124
41665 186
41666 210
41667 120
41668 42
41669 134
41670 134
41671 144
41672 104
41673 100
41674 92
41675 102
41676 134
41677 116
41678 110
41679 100
41680 106
41681 102
41682 88
41683 90
41684 128
41685 174
41686 144
41687 146
41688 176
41689 190
41690 166
41691 250
41692 218
41693 108
41694 114
41695 130
41696 170
41697 228
41698 255
41699 255
41700 255
41701 136
41702 30
41703 38
41704 98
41705 206
41706 234
41707 160
41708 46
41709 74
41710 74
41711 32
41712 56
41713 152
41714 212
41715 190
41716 114
41717 255
41718 255
41719 255
41720 212
41721 255
41722 255
41723 255
41724 224
41725 194
41726 255
41727 255
41728 255
41729 255
41730 188
41731 108
41732 74
41733 94
41734 96
41735 22
41736 148
41737 198
41738 255
41739 255
41740 146
41741 255
41742 255
41743 252
41744 255
41745 255
41746 255
41747 255
41748 255
41749 255
41750 226
41751 164
41752 152
41753 188
41754 194
41755 94
41756 46
41757 88
41758 100
41759 80
41760 154
41761 74
41762 64
41763 104
41764 224
41765 192
41766 176
41767 244
41768 196
41769 160
41770 166
41771 126
41772 126
41773 114
41774 90
41775 70
41776 78
41777 88
41778 144
41779 132
41780 108
41781 48
41782 210
41783 255
41784 40
41785 162
41786 228
41787 255
41788 255
41789 255
41790 255
41791 140
41792 188
41793 154
41794 94
41795 138
41796 110
41797 100
41798 108
41799 134
41800 142
41801 120
41802 94
41803 74
41804 60
41805 38
41806 8
41807 20
41808 34
41809 44
41810 30
41811 34
41812 44
41813 2
41814 58
41815 74
41816 30
41817 66
41818 152
41819 122
41820 18
41821 112
41822 124
41823 116
41824 100
41825 162
41826 182
41827 166
41828 88
41829 70
41830 126
41831 164
41832 110
41833 88
41834 88
41835 80
41836 70
41837 64
41838 62
41839 66
41840 64
41841 44
41842 32
41843 44
41844 58
41845 76
41846 96
41847 104
41848 110
41851 66
41852 94
41853 106
41854 42
41855 80
41856 100
41857 60
41858 40
41859 92
41860 60
41861 20
41862 48
41863 56
41864 88
41865 92
41866 162
41867 154
41868 134
41869 194
41870 168
41871 66
41872 116
41873 74
41874 34
41875 104
41876 120
41877 104
41878 36
41879 44
41880 62
41881 38
41882 18
41883 32
41884 68
41885 92
41886 94
41887 80
41888 104
41889 102
41890 160
41891 164
41892 66
41893 110
41894 140
41895 96
41896 122
41897 98
41898 38
41899 58
41900 78
41901 92
41902 84
41903 92
41904 96
41905 94
41906 50
41907 14
41908 54
41909 108
41910 154
41911 120
41912 138
41913 154
41914 158
41915 190
41916 228
41917 144
41918 132
41919 150
41920 188
41921 184
41922 166
41923 88
41924 148
41925 220
41926 230
41927 192
41928 198
41929 244
41930 255
41931 190
41932 42
41933 96
41934 140
41935 98
41936 56
41937 34
41938 90
41939 232
41940 232
41941 246
41942 255
41943 255
41944 188
41945 94
41946 238
41947 255
41948 255
41949 255
41950 255
41951 255
41952 255
41953 255
41954 255
41955 255
41956 216
41957 156
41958 144
41959 138
41960 74
41961 22
41962 102
41963 150
41964 246
41965 255
41966 255
41967 255
41968 255
41969 218
41970 184
41971 255
41972 255
41973 255
41974 206
41975 142
41976 138
41977 136
41978 138
41979 100
41980 18
41981 118
41982 144
41983 92
41984 72
41985 122
41986 84
41987 64
41988 64
41989 124
41990 36
41991 54
41992 146
41993 170
41994 170
41995 192
41996 136
41997 116
41998 108
41999 84
42000 68
42001 88
42002 112
42003 122
42004 66
42005 64
42006 68
42007 118
42008 255
42009 146
42010 108
42011 172
42012 132
42013 255
42014 255
42015 255
42016 144
42017 108
42018 124
42019 82
42020 120
42021 54
42022 22
42023 48
42024 54
42025 30
42026 30
42027 64
42028 84
42029 92
42030 44
42031 42
42032 64
42033 90
42034 76
42035 62
42036 8
42037 62
42038 48
42039 78
42040 120
42041 68
42042 104
42043 126
42044 62
42045 86
42046 114
42047 96
42048 78
42049 56
42050 124
42051 182
42052 218
42053 198
42054 106
42055 30
42056 128
42057 114
42058 68
42059 66
42060 58
42061 54
42062 52
42063 46
42064 42
42065 22
42066 8
42067 22
42068 46
42069 38
42070 32
42071 40
42072 44
42073 50
42076 46
42077 76
42078 128
42079 104
42080 90
42081 84
42082 70
42083 14
42084 84
42085 112
42086 58
42087 76
42088 60
42089 52
42090 12
42091 50
42092 52
42093 26
42094 86
42095 84
42096 30
42097 144
42098 126
42099 114
42100 104
42101 74
42102 124
42103 116
42104 92
42105 136
42106 128
42107 84
42108 102
42109 74
42110 78
42111 74
42112 58
42113 80
42114 64
42115 74
42116 82
42117 68
42118 170
42119 160
42120 48
42121 98
42122 126
42123 54
42124 100
42125 64
42126 22
42127 38
42128 32
42129 16
42130 42
42131 40
42132 80
42133 82
42134 210
42135 244
42136 124
42137 42
42138 58
42139 40
42140 84
42141 90
42142 26
42143 142
42144 204
42145 182
42146 110
42147 90
42148 186
42149 255
42150 255
42151 255
42152 240
42153 198
42154 162
42155 112
42156 14
42157 122
42158 184
42159 156
42160 98
42161 92
42162 96
42163 54
42164 150
42165 166
42166 242
42167 154
42168 94
42169 96
42170 26
42171 116
42172 226
42173 220
42174 248
42175 255
42176 255
42177 212
42178 255
42179 255
42180 255
42181 255
42182 255
42183 252
42184 172
42185 112
42186 150
42187 152
42188 255
42189 255
42190 255
42191 255
42192 255
42193 136
42194 130
42195 112
42196 178
42197 255
42198 212
42199 110
42200 86
42201 90
42202 72
42203 56
42204 50
42205 76
42206 160
42207 192
42208 142
42209 178
42210 186
42211 144
42212 110
42213 56
42214 94
42215 28
42216 70
42217 60
42218 88
42219 152
42220 146
42221 80
42222 74
42223 78
42224 78
42225 84
42226 126
42227 160
42228 168
42229 118
42230 62
42231 34
42232 92
42233 222
42234 255
42235 64
42236 228
42237 230
42238 242
42239 255
42240 238
42241 114
42242 78
42243 156
42244 72
42245 68
42246 46
42247 72
42248 134
42249 120
42250 86
42251 56
42252 74
42253 94
42254 82
42255 22
42256 80
42257 106
42258 86
42259 74
42260 84
42261 50
42262 56
42263 60
42264 90
42265 142
42266 70
42267 160
42268 158
42269 54
42270 94
42271 86
42272 70
42273 52
42274 28
42275 26
42276 46
42277 108
42278 178
42279 188
42280 100
42281 60
42282 42
42283 16
42284 24
42285 50
42286 64
42287 54
42288 24
42289 10
42290 16
42291 40
42292 28
42293 70
42294 82
42295 52
42296 26
42297 24
42298 20
42301 10
42302 28
42303 82
42304 92
42305 28
42306 52
42307 88
42308 62
42309 24
42310 102
42311 88
42312 12
42313 74
42314 132
42315 112
42316 112
42317 92
42318 66
42319 140
42320 170
42321 88
42322 68
42323 38
42324 62
42325 36
42326 46
42327 134
42328 164
42329 172
42330 204
42331 156
42332 146
42333 168
42334 142
42335 92
42336 88
42337 68
42338 76
42339 44
42340 78
42341 158
42342 244
42343 255
42344 188
42345 60
42346 152
42347 150
42348 80
42349 136
42350 90
42351 122
42352 134
42353 168
42354 94
42355 44
42356 52
42357 112
42358 66
42359 166
42360 255
42361 204
42362 130
42363 136
42364 118
42365 144
42366 134
42367 128
42368 184
42369 168
42370 154
42371 134
42372 150
42373 255
42374 255
42375 255
42376 220
42377 126
42378 60
42379 24
42380 74
42381 158
42382 232
42383 208
42384 142
42385 92
42386 90
42387 110
42388 60
42389 48
42390 124
42391 138
42392 92
42393 4
42394 84
42395 66
42396 22
42397 104
42398 154
42399 176
42400 146
42401 124
42402 52
42403 132
42404 255
42405 255
42406 255
42407 255
42408 255
42409 255
42410 228
42411 255
42412 255
42413 255
42414 255
42415 255
42416 182
42417 124
42418 42
42419 68
42420 124
42421 166
42422 178
42423 224
42424 128
42425 30
42426 116
42427 144
42428 106
42429 38
42430 88
42431 168
42432 212
42433 152
42434 206
42435 208
42436 152
42437 78
42438 72
42439 110
42440 72
42441 90
42442 54
42443 36
42444 104
42445 92
42446 70
42447 90
42448 120
42449 130
42450 128
42451 152
42452 180
42453 188
42454 148
42455 58
42456 66
42457 106
42458 174
42459 255
42460 204
42461 255
42462 255
42463 255
42464 255
42465 255
42466 128
42467 56
42468 148
42469 112
42470 86
42471 102
42472 130
42473 138
42474 80
42475 66
42476 52
42477 48
42478 58
42479 90
42480 78
42481 130
42482 104
42483 46
42484 48
42485 94
42486 60
42487 22
42488 38
42489 74
42490 128
42491 66
42492 178
42493 198
42494 58
42495 58
42496 64
42497 64
42498 38
42499 14
42500 50
42501 78
42502 48
42503 50
42504 158
42505 178
42506 124
42507 114
42508 98
42509 90
42510 102
42511 120
42512 110
42513 68
42514 28
42515 20
42516 36
42517 22
42518 50
42519 84
42520 76
42521 60
42522 60
42523 52
42526 24
42527 18
42528 50
42529 74
42530 66
42531 52
42532 86
42533 88
42534 48
42535 40
42536 80
42537 92
42538 94
42539 108
42540 112
42541 56
42542 34
42543 32
42544 92
42545 168
42546 158
42547 88
42548 76
42549 64
42550 132
42551 148
42552 120
42553 136
42554 142
42555 152
42556 100
42557 132
42558 164
42559 180
42560 200
42561 210
42562 166
42563 184
42564 248
42565 255
42566 255
42567 255
42568 226
42569 168
42570 120
42571 255
42572 255
42573 224
42574 255
42575 255
42576 255
42577 236
42578 255
42579 182
42580 100
42581 8
42582 134
42583 126
42584 184
42585 192
42586 72
42587 122
42588 152
42589 136
42590 180
42591 178
42592 142
42593 128
42594 80
42595 156
42596 150
42597 180
42598 250
42599 204
42600 106
42601 126
42602 98
42603 70
42604 108
42605 154
42606 212
42607 220
42608 158
42609 114
42610 88
42611 90
42612 114
42613 84
42614 88
42615 118
42616 68
42617 104
42618 58
42619 26
42620 56
42621 46
42622 74
42623 148
42624 132
42625 122
42626 78
42627 52
42628 66
42629 84
42630 164
42631 255
42632 255
42633 255
42634 255
42635 255
42636 255
42637 255
42638 255
42639 255
42640 198
42641 148
42642 136
42643 114
42644 66
42645 82
42646 40
42647 46
42648 106
42649 134
42650 70
42651 56
42652 144
42653 194
42654 126
42655 100
42656 160
42657 182
42658 58
42659 68
42660 116
42661 186
42662 190
42663 122
42664 112
42665 72
42666 52
42667 48
42668 22
42669 58
42670 80
42671 88
42672 74
42673 110
42674 122
42675 102
42676 90
42677 100
42678 112
42679 116
42680 98
42681 106
42682 10
42683 160
42684 255
42685 255
42686 255
42687 255
42688 244
42689 206
42690 128
42691 12
42692 96
42693 76
42694 114
42695 170
42696 160
42697 154
42698 112
42699 40
42700 52
42701 48
42702 44
42703 40
42704 28
42705 96
42706 120
42707 80
42708 44
42709 64
42710 132
42711 122
42712 62
42713 48
42714 84
42715 128
42716 58
42717 118
42718 208
42719 102
42720 44
42721 84
42722 52
42723 14
42724 32
42725 38
42726 48
42727 66
42728 32
42729 56
42730 128
42731 132
42732 90
42733 90
42734 84
42735 96
42736 128
42737 132
42738 96
42739 50
42740 18
42741 34
42742 28
42743 22
42744 68
42745 80
42746 72
42747 70
42748 64
42751 100
42752 64
42753 92
42754 104
42755 74
42756 36
42757 62
42758 76
42759 60
42760 40
42761 84
42762 88
42763 72
42764 18
42765 38
42766 34
42767 12
42768 28
42769 28
42770 86
42771 114
42772 76
42773 64
42774 98
42775 188
42776 162
42777 100
42778 90
42779 64
42780 64
42781 56
42782 98
42783 124
42784 136
42785 202
42786 255
42787 255
42788 255
42789 255
42790 255
42791 252
42792 172
42793 170
42794 202
42795 226
42796 255
42797 182
42798 146
42799 190
42800 240
42801 142
42802 108
42803 154
42804 142
42805 134
42806 116
42807 132
42808 168
42809 224
42810 200
42811 76
42812 116
42813 84
42814 50
42815 96
42816 120
42817 106
42818 60
42819 28
42820 116
42821 134
42822 140
42823 176
42824 112
42825 72
42826 110
42827 130
42828 106
42829 120
42830 150
42831 166
42832 110
42833 38
42834 36
42835 36
42836 62
42837 108
42838 134
42839 130
42840 104
42841 48
42842 84
42843 76
42844 38
42845 26
42846 70
42847 126
42848 140
42849 106
42850 118
42851 132
42852 80
42853 42
42854 42
42855 108
42856 116
42857 255
42858 255
42859 255
42860 255
42861 255
42862 255
42863 255
42864 140
42865 64
42866 138
42867 114
42868 86
42869 142
42870 124
42871 54
42872 74
42873 44
42874 90
42875 112
42876 88
42877 44
42878 130
42879 156
42880 78
42881 100
42882 220
42883 186
42884 248
42885 252
42886 255
42887 200
42888 76
42889 82
42890 38
42891 4
42892 20
42893 22
42894 44
42895 86
42896 78
42897 40
42898 94
42899 150
42900 172
42901 170
42902 170
42903 138
42904 120
42905 114
42906 76
42907 144
42908 228
42909 255
42910 255
42911 255
42912 180
42913 84
42914 48
42915 74
42916 106
42917 90
42918 44
42919 182
42920 192
42921 140
42922 128
42923 84
42924 44
42925 70
42926 80
42927 74
42928 60
42929 64
42930 74
42931 74
42932 62
42933 66
42934 88
42935 150
42936 164
42937 134
42938 118
42939 160
42940 198
42941 154
42942 72
42943 146
42944 142
42945 4
42946 104
42947 80
42948 16
42949 46
42950 62
42951 54
42952 62
42953 60
42954 40
42955 18
42956 44
42957 16
42958 32
42959 32
42960 44
42961 92
42962 118
42963 102
42964 64
42965 22
42966 44
42967 50
42968 54
42969 52
42970 74
42971 76
42972 68
42973 64
42976 152
42977 98
42978 46
42979 40
42980 38
42981 30
42982 58
42983 80
42984 54
42985 54
42986 22
42987 100
42988 152
42989 110
42990 56
42991 26
42992 14
42993 40
42994 22
42995 38
42996 80
42997 76
42998 36
42999 106
43000 148
43001 84
43002 60
43003 46
43004 20
43005 30
43006 44
43007 88
43008 86
43009 126
43010 240
43011 220
43012 255
43013 196
43014 124
43015 104
43016 66
43017 14
43018 74
43019 180
43020 255
43021 255
43022 255
43023 255
43024 242
43025 250
43026 255
43027 255
43028 255
43029 255
43030 226
43031 148
43032 120
43033 132
43034 120
43035 92
43036 86
43037 166
43038 152
43039 100
43040 52
43041 14
43042 58
43043 96
43044 68
43045 50
43046 98
43047 136
43048 180
43049 130
43050 54
43051 12
43052 40
43053 64
43054 44
43055 76
43056 106
43057 102
43058 96
43059 124
43060 100
43061 70
43062 118
43063 144
43064 142
43065 64
43066 54
43067 46
43068 46
43069 48
43070 36
43071 84
43072 130
43073 94
43074 50
43075 64
43076 156
43077 156
43078 58
43079 56
43080 92
43081 50
43082 126
43083 170
43084 166
43085 196
43086 192
43087 136
43088 170
43089 136
43090 6
43091 124
43092 126
43093 70
43094 140
43095 174
43096 48
43097 42
43098 24
43099 46
43100 96
43101 142
43102 120
43103 24
43104 120
43105 114
43106 8
43107 132
43108 246
43109 252
43110 190
43111 190
43112 124
43113 22
43114 88
43115 54
43116 20
43117 4
43118 10
43119 14
43120 84
43121 122
43122 144
43123 202
43124 212
43125 204
43126 186
43127 166
43128 116
43129 80
43130 76
43131 96
43132 210
43133 208
43134 146
43135 172
43136 120
43137 60
43138 60
43139 56
43140 114
43141 120
43142 24
43143 118
43144 170
43145 104
43146 90
43147 60
43148 50
43149 52
43150 60
43151 78
43152 60
43153 52
43154 88
43155 128
43156 116
43157 72
43158 74
43159 74
43160 114
43161 146
43162 142
43163 136
43164 178
43165 224
43166 214
43167 128
43168 110
43169 116
43170 42
43171 82
43172 98
43173 44
43174 32
43175 54
43176 74
43177 68
43178 42
43179 18
43180 58
43181 88
43182 48
43183 64
43184 44
43185 16
43186 58
43187 92
43188 94
43189 72
43190 36
43191 62
43192 68
43193 70
43194 58
43195 54
43196 70
43197 70
43198 72
43201 146
43202 150
43203 144
43204 160
43205 154
43206 94
43207 18
43208 102
43209 62
43210 4
43211 68
43212 80
43213 124
43214 100
43215 48
43216 22
43217 18
43218 26
43219 18
43220 88
43221 122
43222 100
43223 94
43224 134
43225 92
43226 32
43227 66
43228 26
43229 50
43230 74
43231 86
43232 122
43233 74
43234 168
43235 218
43236 124
43237 176
43238 158
43239 94
43240 62
43241 58
43242 12
43243 44
43244 110
43245 198
43246 255
43247 255
43248 255
43249 255
43250 230
43251 255
43252 255
43253 226
43254 180
43255 114
43256 86
43257 100
43258 76
43259 40
43260 14
43261 24
43262 112
43263 142
43264 160
43265 168
43266 128
43267 16
43268 106
43269 124
43270 40
43271 28
43272 66
43273 84
43274 48
43275 6
43276 44
43277 30
43278 52
43279 78
43280 132
43281 172
43282 138
43283 120
43284 156
43285 164
43286 86
43287 68
43288 172
43289 156
43290 32
43291 104
43292 82
43293 38
43294 10
43295 26
43296 72
43297 96
43298 118
43299 116
43300 46
43301 98
43302 188
43303 130
43304 32
43305 80
43306 90
43307 80
43308 24
43309 44
43310 40
43311 10
43312 64
43313 106
43314 124
43315 92
43316 100
43317 86
43318 68
43319 86
43320 134
43321 82
43322 34
43323 34
43324 14
43325 34
43326 86
43327 126
43328 122
43329 100
43330 156
43331 124
43332 114
43333 148
43334 72
43335 66
43336 48
43337 68
43338 48
43339 74
43340 40
43341 34
43342 22
43343 12
43344 46
43345 60
43346 74
43347 94
43348 102
43349 62
43350 82
43351 108
43352 96
43353 64
43354 28
43355 78
43356 172
43357 202
43358 140
43359 70
43360 40
43361 72
43362 102
43363 78
43364 140
43365 136
43366 90
43367 8
43368 86
43369 150
43370 128
43371 84
43372 54
43373 44
43374 26
43375 2
43376 38
43377 48
43378 54
43379 74
43380 92
43381 100
43382 104
43383 64
43384 38
43385 52
43386 82
43387 90
43388 94
43389 142
43390 204
43391 236
43392 214
43393 108
43394 94
43395 46
43396 72
43397 74
43398 56
43399 38
43400 18
43401 10
43402 8
43403 24
43404 32
43405 52
43406 64
43407 30
43408 62
43409 54
43410 10
43411 48
43412 78
43413 84
43414 72
43415 42
43416 64
43417 62
43418 64
43419 54
43420 46
43421 52
43422 66
43423 70
43426 70
43427 98
43428 160
43429 178
43430 198
43431 156
43432 70
43433 88
43434 116
43435 88
43436 102
43437 58
43438 100
43439 94
43440 56
43441 64
43442 74
43443 70
43444 82
43445 100
43446 78
43447 34
43448 76
43449 122
43450 90
43451 38
43452 72
43453 54
43454 84
43455 80
43456 82
43457 136
43458 82
43459 156
43460 126
43461 24
43462 64
43463 90
43464 84
43465 74
43466 78
43467 44
43468 38
43469 44
43470 90
43471 128
43472 148
43473 204
43474 210
43475 86
43476 132
43477 174
43478 146
43479 114
43480 50
43481 20
43482 34
43483 10
43484 74
43485 66
43486 58
43487 30
43488 38
43489 82
43490 140
43491 148
43492 64
43493 76
43494 152
43495 122
43496 74
43497 112
43498 180
43499 186
43500 134
43501 70
43502 28
43503 52
43504 92
43505 68
43506 130
43507 100
43508 68
43509 78
43510 98
43511 76
43512 20
43513 178
43514 234
43515 124
43516 178
43517 112
43518 90
43519 62
43520 60
43521 58
43522 28
43523 96
43524 138
43525 112
43526 12
43527 138
43528 152
43529 56
43530 6
43531 42
43532 2
43533 28
43534 8
43535 20
43536 56
43537 88
43538 40
43539 80
43540 142
43541 134
43542 64
43543 82
43544 84
43545 58
43546 70
43547 30
43548 24
43549 12
43550 56
43551 130
43552 170
43553 140
43554 48
43555 132
43556 158
43557 162
43558 136
43559 52
43560 78
43561 60
43562 82
43563 22
43564 56
43565 62
43566 62
43567 50
43568 46
43569 46
43570 14
43571 44
43572 64
43573 92
43574 90
43575 146
43576 200
43577 198
43578 166
43579 98
43580 148
43581 172
43582 130
43583 70
43584 36
43585 6
43586 12
43587 56
43588 98
43589 138
43590 78
43591 48
43592 26
43593 72
43594 132
43595 172
43596 184
43597 180
43598 154
43599 112
43600 76
43601 128
43602 150
43603 150
43604 148
43605 138
43606 124
43607 108
43608 46
43609 14
43610 26
43611 32
43612 52
43613 58
43614 86
43615 126
43616 168
43617 198
43618 166
43619 92
43620 52
43621 58
43622 60
43623 60
43624 74
43625 58
43626 38
43627 56
43628 56
43629 32
43630 28
43631 46
43632 18
43633 52
43634 54
43635 20
43636 42
43637 84
43638 104
43639 106
43640 76
43641 84
43642 76
43643 76
43644 64
43645 52
43646 46
43647 42
43648 38
43651 16
43652 64
43653 52
43654 56
43655 112
43656 132
43657 116
43658 188
43659 162
43660 70
43661 64
43662 54
43663 116
43664 126
43665 72
43666 60
43667 80
43668 82
43669 48
43670 14
43671 68
43672 78
43673 130
43674 182
43675 170
43676 120
43677 122
43678 96
43679 40
43680 30
43681 32
43682 72
43683 88
43684 122
43685 52
43686 46
43687 64
43688 30
43689 44
43690 42
43691 32
43692 18
43693 46
43694 114
43695 162
43696 134
43697 80
43698 166
43699 255
43700 188
43701 52
43702 144
43703 162
43704 166
43705 160
43706 142
43707 138
43708 84
43709 134
43710 122
43711 108
43712 102
43713 68
43714 58
43715 132
43716 156
43717 108
43718 66
43719 160
43720 190
43721 188
43722 184
43723 218
43724 246
43725 236
43726 180
43727 154
43728 190
43729 208
43730 134
43731 102
43732 84
43733 104
43734 134
43735 134
43736 96
43737 48
43738 116
43739 206
43740 166
43741 158
43742 84
43743 80
43744 68
43745 74
43746 36
43747 50
43748 14
43749 74
43750 90
43751 24
43752 72
43753 108
43754 94
43755 72
43756 52
43757 76
43758 78
43759 84
43760 68
43761 70
43762 84
43763 56
43764 122
43765 136
43766 160
43767 184
43768 156
43769 96
43770 40
43771 26
43772 20
43773 14
43774 12
43775 56
43776 102
43777 126
43778 124
43779 60
43780 118
43781 110
43782 114
43783 116
43784 48
43785 44
43786 26
43787 50
43788 20
43789 12
43790 38
43791 38
43792 64
43793 86
43794 80
43795 88
43796 86
43797 66
43798 64
43799 36
43800 58
43801 114
43802 150
43803 166
43804 134
43805 132
43806 96
43807 34
43808 10
43809 40
43810 60
43811 64
43812 36
43813 64
43814 58
43815 40
43816 62
43817 30
43818 22
43819 92
43820 134
43821 140
43822 174
43823 168
43824 136
43825 112
43826 176
43827 208
43828 198
43829 172
43830 150
43831 128
43832 128
43833 78
43834 46
43835 70
43836 76
43837 88
43838 88
43839 76
43840 66
43841 72
43842 108
43843 136
43844 148
43845 174
43846 184
43847 152
43848 114
43849 106
43850 86
43851 34
43852 26
43853 28
43854 26
43855 30
43856 62
43857 34
43858 62
43859 74
43860 46
43861 16
43862 64
43863 104
43864 128
43865 120
43866 102
43867 90
43868 72
43869 48
43870 30
43871 16
43872 4
43873 10
43876 96
43877 12
43878 88
43879 166
43880 144
43881 42
43882 58
43883 88
43884 18
43885 52
43886 60
43887 64
43888 52
43889 68
43890 30
43891 20
43892 44
43893 82
43894 114
43895 112
43896 96
43897 74
43898 62
43899 112
43900 96
43901 56
43902 52
43903 74
43904 44
43905 30
43906 28
43907 64
43908 64
43909 56
43910 18
43911 20
43912 10
43913 26
43914 32
43915 14
43916 10
43917 34
43918 86
43919 140
43920 132
43921 54
43922 50
43923 76
43924 178
43925 208
43926 60
43927 60
43928 74
43929 108
43930 162
43931 208
43932 210
43933 142
43934 124
43935 120
43936 92
43937 150
43938 140
43939 138
43940 196
43941 212
43942 182
43943 146
43944 164
43945 182
43946 172
43947 158
43948 148
43949 152
43950 160
43951 146
43952 148
43953 202
43954 255
43955 255
43956 208
43957 240
43958 255
43959 224
43960 154
43961 96
43962 48
43963 56
43964 74
43965 62
43966 66
43967 88
43968 92
43969 88
43970 94
43971 48
43972 66
43973 56
43974 92
43975 64
43976 20
43977 40
43978 76
43979 82
43980 80
43981 60
43982 84
43983 80
43984 90
43985 108
43986 110
43987 100
43988 68
43989 84
43990 72
43991 62
43992 90
43993 98
43994 86
43995 58
43996 12
43997 14
43998 26
43999 8
44000 66
44001 106
44002 118
44003 122
44004 88
44005 134
44006 126
44007 92
44008 58
44009 28
44010 12
44011 54
44012 56
44013 30
44014 16
44015 22
44016 16
44017 52
44018 82
44019 90
44020 96
44021 62
44022 64
44023 48
44024 8
44025 28
44026 46
44027 66
44028 82
44029 74
44030 52
44031 36
44032 18
44033 18
44034 54
44035 52
44036 68
44037 60
44038 84
44039 80
44040 70
44041 66
44042 32
44043 54
44044 82
44045 58
44046 18
44047 78
44048 110
44049 116
44050 150
44051 224
44052 254
44053 222
44054 180
44055 194
44056 158
44057 152
44058 130
44059 118
44060 140
44061 118
44062 100
44063 104
44064 90
44065 70
44066 58
44067 72
44068 116
44069 144
44070 198
44071 226
44072 206
44073 174
44074 148
44075 128
44076 72
44077 12
44078 38
44079 4
44080 28
44081 68
44082 44
44083 54
44084 74
44085 64
44086 32
44087 32
44088 38
44089 52
44090 62
44091 56
44092 44
44093 32
44094 12
44095 18
44096 24
44097 38
44098 48
44101 146
44102 92
44103 128
44104 114
44105 48
44106 34
44107 46
44108 66
44109 130
44110 168
44111 146
44112 154
44113 84
44114 106
44115 104
44116 120
44117 156
44118 178
44119 148
44120 78
44121 82
44122 76
44123 26
44124 120
44125 146
44126 126
44127 50
44128 36
44129 50
44130 76
44131 80
44132 56
44133 6
44134 8
44135 22
44136 52
44137 78
44138 66
44139 48
44140 46
44141 50
44142 58
44143 78
44144 92
44145 88
44146 42
44147 56
44148 20
44149 90
44150 180
44151 110
44152 94
44153 44
44154 136
44155 166
44156 204
44157 242
44158 182
44159 76
44160 106
44161 92
44162 138
44163 182
44164 224
44165 248
44166 244
44167 224
44168 192
44169 144
44170 138
44171 106
44172 96
44173 82
44174 86
44175 52
44176 22
44177 60
44178 106
44179 168
44180 220
44181 222
44182 255
44183 255
44184 180
44185 154
44186 90
44187 50
44188 62
44189 64
44190 60
44191 72
44192 90
44193 108
44194 128
44195 128
44196 78
44197 68
44198 58
44199 74
44200 56
44201 20
44202 36
44203 62
44204 64
44205 54
44206 52
44207 56
44208 66
44209 62
44210 102
44211 124
44212 90
44213 36
44214 22
44215 54
44216 68
44217 30
44218 22
44219 46
44220 58
44221 38
44222 8
44223 32
44224 10
44225 52
44226 90
44227 90
44228 80
44229 82
44230 128
44231 128
44232 98
44233 68
44234 46
44235 54
44236 68
44237 60
44238 44
44239 26
44240 22
44241 18
44242 20
44243 50
44244 68
44245 62
44246 60
44247 70
44248 58
44249 26
44250 34
44251 38
44252 34
44253 32
44254 18
44255 8
44256 20
44257 28
44258 26
44259 44
44260 36
44261 24
44262 42
44263 52
44264 36
44265 42
44266 50
44267 46
44268 66
44269 120
44270 122
44271 72
44272 28
44273 54
44274 134
44275 202
44276 254
44277 248
44278 180
44279 130
44280 148
44281 130
44282 110
44283 122
44284 120
44285 114
44286 66
44287 70
44288 72
44289 64
44290 38
44291 40
44292 106
44293 148
44294 134
44295 166
44296 194
44297 198
44298 200
44299 188
44300 166
44301 118
44302 26
44303 38
44304 32
44305 32
44306 68
44307 42
44308 48
44309 68
44310 74
44311 66
44312 58
44313 44
44314 34
44315 28
44316 12
44317 20
44318 46
44319 56
44320 48
44321 46
44322 54
44323 54
44326 160
44327 140
44328 62
44329 72
44330 132
44331 134
44332 84
44333 56
44334 148
44335 146
44336 128
44337 136
44338 52
44339 78
44340 106
44341 126
44342 124
44343 78
44344 24
44345 72
44346 66
44347 48
44348 64
44349 66
44350 68
44351 86
44352 54
44353 16
44354 38
44355 56
44356 50
44357 22
44358 12
44359 16
44360 38
44361 72
44362 50
44363 72
44364 82
44365 88
44366 78
44367 64
44368 58
44369 64
44370 80
44371 44
44372 46
44373 28
44374 82
44375 150
44376 114
44377 86
44378 108
44379 166
44380 150
44381 124
44382 198
44383 170
44384 68
44385 130
44386 174
44387 224
44388 255
44389 255
44390 242
44391 198
44392 156
44393 106
44394 58
44395 80
44396 84
44397 138
44398 150
44399 108
44400 60
44401 38
44402 48
44403 74
44404 80
44405 82
44406 100
44407 128
44408 98
44409 106
44410 122
44411 102
44412 122
44413 136
44414 122
44415 110
44416 108
44417 126
44418 150
44419 158
44420 136
44421 80
44422 66
44423 48
44424 62
44425 54
44426 32
44427 34
44428 50
44429 58
44430 48
44431 58
44432 40
44433 66
44434 74
44435 76
44436 130
44437 114
44438 64
44439 18
44440 48
44441 44
44442 18
44443 14
44444 18
44445 44
44446 48
44447 12
44448 22
44449 10
44450 38
44451 76
44452 86
44453 80
44454 112
44455 136
44456 126
44457 92
44458 70
44459 76
44460 92
44461 90
44462 76
44463 56
44464 48
44465 26
44466 8
44467 18
44468 34
44469 42
44470 44
44471 72
44472 82
44473 72
44474 46
44475 34
44476 28
44477 26
44478 32
44479 26
44480 10
44481 6
44482 16
44483 16
44484 28
44485 30
44486 8
44487 48
44488 50
44489 18
44490 32
44491 46
44492 36
44493 30
44494 64
44495 80
44496 66
44497 70
44498 142
44499 186
44500 216
44501 222
44502 170
44503 78
44504 62
44505 60
44506 40
44507 34
44508 56
44509 32
44510 8
44511 44
44512 98
44513 134
44514 110
44515 50
44516 52
44517 94
44518 124
44519 100
44520 136
44521 168
44522 184
44523 200
44524 216
44525 204
44526 154
44527 72
44528 28
44529 40
44530 66
44531 94
44532 50
44533 58
44534 72
44535 78
44536 78
44537 84
44538 78
44539 66
44540 68
44541 52
44542 46
44543 70
44544 78
44545 60
44546 46
44547 44
44548 38
44551 140
44552 88
44553 40
44554 90
44555 92
44556 54
44557 76
44558 114
44559 104
44560 50
44561 96
44562 114
44563 32
44564 58
44565 90
44566 84
44567 50
44568 56
44569 144
44570 146
44571 78
44572 58
44573 46
44574 40
44575 58
44576 68
44577 70
44578 62
44579 38
44580 12
44581 24
44582 38
44583 14
44584 22
44585 52
44586 78
44587 68
44588 132
44589 160
44590 146
44591 114
44592 92
44593 96
44594 114
44595 86
44596 50
44597 26
44598 20
44599 64
44600 82
44601 64
44602 78
44603 118
44604 156
44605 118
44606 88
44607 154
44608 118
44609 20
44610 160
44611 246
44612 255
44613 255
44614 255
44615 255
44616 192
44617 58
44618 54
44619 144
44620 200
44621 216
44622 202
44623 146
44624 82
44625 38
44626 48
44627 84
44628 92
44629 92
44630 74
44631 76
44632 120
44633 110
44634 138
44635 182
44636 164
44637 160
44638 172
44639 162
44640 138
44641 116
44642 120
44643 134
44644 136
44645 112
44646 50
44647 34
44648 18
44649 12
44650 22
44651 2
44652 26
44653 46
44654 50
44655 36
44656 42
44657 38
44658 46
44659 60
44660 28
44661 92
44662 114
44663 116
44664 76
44665 68
44666 38
44667 4
44668 8
44669 14
44670 32
44671 38
44672 16
44673 16
44674 10
44675 26
44676 58
44677 66
44678 92
44679 114
44680 112
44681 94
44682 64
44683 62
44684 102
44685 126
44686 110
44687 82
44688 60
44689 60
44690 38
44691 18
44692 40
44693 56
44694 46
44695 14
44696 62
44697 86
44698 82
44699 64
44700 30
44701 20
44702 30
44703 36
44704 32
44705 24
44706 18
44707 26
44708 40
44709 40
44710 38
44711 14
44712 52
44713 50
44714 18
44715 20
44716 34
44717 34
44718 22
44719 32
44720 48
44721 86
44722 138
44723 170
44724 164
44725 144
44726 102
44727 24
44728 66
44729 132
44730 144
44731 106
44732 100
44733 108
44734 90
44735 132
44736 166
44737 202
44738 206
44739 138
44740 86
44741 100
44742 108
44743 122
44744 86
44745 94
44746 120
44747 142
44748 176
44749 220
44750 230
44751 182
44752 98
44753 66
44754 112
44755 128
44756 116
44757 52
44758 64
44759 70
44760 68
44761 66
44762 78
44763 84
44764 82
44765 100
44766 98
44767 72
44768 92
44769 94
44770 56
44771 42
44772 22
44773 2
44776 82
44777 116
44778 72
44779 32
44780 50
44781 102
44782 142
44783 120
44784 72
44785 122
44786 168
44787 110
44788 56
44789 90
44790 150
44791 142
44792 80
44793 88
44794 154
44795 136
44796 118
44797 170
44798 130
44799 72
44800 62
44801 70
44802 78
44803 48
44804 10
44805 32
44806 58
44807 44
44808 16
44809 26
44810 56
44811 94
44812 132
44813 166
44814 182
44815 154
44816 118
44817 106
44818 114
44819 130
44820 102
44821 114
44822 108
44823 48
44824 58
44825 44
44826 52
44827 108
44828 126
44829 138
44830 134
44831 174
44832 204
44833 148
44834 64
44835 156
44836 232
44837 255
44838 255
44839 176
44840 236
44841 232
44842 128
44843 192
44844 250
44845 255
44846 226
44847 152
44848 72
44849 22
44850 18
44851 36
44852 42
44853 70
44854 104
44855 156
44856 174
44857 198
44858 194
44859 190
44860 208
44861 176
44862 168
44863 168
44864 140
44865 102
44866 86
44867 74
44868 86
44869 80
44870 68
44871 50
44872 40
44873 36
44874 26
44875 38
44876 28
44877 4
44878 26
44879 36
44880 32
44881 34
44882 36
44883 30
44884 46
44885 10
44886 40
44887 66
44888 94
44889 90
44890 58
44891 36
44892 22
44893 14
44894 24
44895 36
44896 28
44897 18
44898 28
44899 28
44900 20
44901 40
44902 58
44903 92
44904 94
44905 86
44906 66
44907 36
44908 40
44909 82
44910 92
44911 66
44912 44
44913 58
44914 66
44915 58
44916 34
44917 38
44918 60
44919 66
44920 34
44921 28
44922 70
44923 78
44924 66
44925 38
44926 26
44927 30
44928 32
44929 26
44930 16
44931 10
44932 30
44933 54
44934 48
44935 38
44936 18
44937 60
44938 60
44939 26
44940 4
44941 18
44942 32
44943 22
44944 26
44945 44
44946 80
44947 112
44948 114
44949 84
44950 64
44951 64
44952 120
44953 182
44954 202
44955 178
44956 126
44957 138
44958 142
44959 156
44960 196
44961 212
44962 214
44963 176
44964 86
44965 96
44966 122
44967 166
44968 160
44969 98
44970 78
44971 86
44972 102
44973 150
44974 212
44975 242
44976 202
44977 110
44978 112
44979 154
44980 140
44981 86
44982 52
44983 54
44984 62
44985 60
44986 52
44987 58
44988 66
44989 70
44990 90
44991 106
44992 90
44993 92
44994 72
44995 22
44996 32
44997 28
44998 32
45001 90
45002 138
45003 140
45004 78
45005 30
45006 54
45007 64
45008 60
45009 78
45010 182
45011 110
45012 76
45013 60
45014 62
45015 158
45016 168
45017 110
45018 82
45019 150
45020 152
45021 116
45022 208
45023 234
45024 208
45025 182
45026 142
45027 78
45028 26
45029 32
45030 56
45031 42
45032 6
45033 12
45034 40
45035 78
45036 100
45037 86
45038 86
45039 102
45040 86
45041 66
45042 54
45043 56
45044 68
45045 44
45046 84
45047 104
45048 66
45049 48
45050 46
45051 68
45052 90
45053 82
45054 104
45055 90
45056 184
45057 176
45058 106
45059 104
45060 202
45061 252
45062 255
45063 232
45064 92
45065 100
45066 186
45067 230
45068 236
45069 224
45070 182
45071 108
45072 54
45073 44
45074 72
45075 84
45076 84
45077 52
45078 48
45079 124
45080 170
45081 162
45082 174
45083 172
45084 124
45085 134
45086 126
45087 130
45088 114
45089 72
45090 32
45091 24
45092 24
45093 34
45094 30
45095 72
45096 78
45097 64
45098 50
45099 38
45100 38
45101 32
45102 18
45103 16
45104 24
45105 36
45106 42
45107 36
45108 16
45109 28
45110 18
45111 12
45112 26
45113 38
45114 50
45115 54
45116 52
45117 42
45118 24
45119 24
45120 18
45121 18
45122 28
45123 46
45124 42
45125 38
45126 44
45127 68
45128 90
45129 88
45130 72
45131 48
45132 42
45133 10
45134 56
45135 78
45136 46
45137 6
45138 36
45139 68
45140 66
45141 28
45142 22
45143 48
45144 60
45145 46
45146 40
45147 78
45148 88
45149 64
45150 24
45151 12
45152 16
45153 16
45154 18
45155 22
45156 16
45157 36
45158 56
45159 48
45160 32
45161 26
45162 60
45163 68
45164 40
45165 18
45166 8
45167 4
45168 10
45169 4
45170 46
45171 98
45172 144
45173 164
45174 152
45175 120
45176 130
45177 180
45178 196
45179 176
45180 136
45181 90
45182 106
45183 102
45184 136
45185 158
45186 146
45187 112
45188 44
45189 70
45190 164
45191 222
45192 236
45193 200
45194 114
45195 104
45196 98
45197 102
45198 140
45199 200
45200 252
45201 224
45202 118
45203 126
45204 134
45205 94
45206 58
45207 60
45208 44
45209 50
45210 48
45211 36
45212 40
45213 38
45214 36
45215 44
45216 62
45217 60
45218 50
45219 26
45220 18
45221 26
45222 40
45223 26
45226 26
45227 30
45228 86
45229 98
45230 96
45231 116
45232 154
45233 134
45234 88
45235 100
45236 18
45237 54
45238 28
45239 10
45240 88
45241 136
45242 126
45243 120
45244 208
45245 212
45246 162
45247 164
45248 226
45249 254
45250 255
45251 240
45252 148
45253 60
45254 48
45255 38
45256 16
45257 54
45258 62
45259 70
45260 72
45261 70
45262 18
45263 20
45264 98
45265 126
45266 116
45267 90
45268 76
45269 74
45270 38
45271 66
45272 72
45273 36
45274 18
45275 46
45276 84
45277 112
45278 122
45279 114
45280 112
45281 148
45282 100
45283 36
45284 88
45285 184
45286 255
45287 255
45288 255
45289 255
45290 208
45291 240
45292 232
45293 188
45294 128
45295 58
45296 22
45297 96
45298 136
45299 128
45300 98
45301 84
45302 96
45303 102
45304 158
45305 158
45306 114
45307 118
45308 128
45309 84
45310 54
45311 68
45312 70
45313 90
45314 86
45315 52
45316 18
45317 16
45318 22
45319 30
45320 50
45321 70
45322 66
45323 64
45324 64
45325 58
45326 44
45327 36
45328 34
45329 28
45330 36
45331 44
45332 32
45333 6
45334 16
45335 14
45336 2
45337 12
45338 14
45339 18
45340 24
45341 30
45342 36
45343 34
45344 22
45345 22
45346 24
45347 42
45348 50
45349 46
45350 46
45351 52
45352 68
45353 84
45354 76
45355 48
45356 48
45357 54
45358 26
45359 34
45360 74
45361 60
45362 22
45363 44
45364 72
45365 68
45366 32
45367 22
45368 56
45369 68
45370 56
45371 56
45372 92
45373 96
45374 68
45375 34
45376 30
45377 34
45378 34
45379 42
45380 42
45381 20
45382 52
45383 66
45384 34
45385 12
45386 14
45387 44
45388 62
45389 48
45390 28
45391 12
45392 8
45393 4
45394 8
45395 30
45396 80
45397 130
45398 162
45399 168
45400 146
45401 158
45402 180
45403 168
45404 134
45405 96
45406 60
45407 72
45408 58
45409 76
45410 74
45411 40
45412 14
45413 92
45414 198
45415 255
45416 255
45417 255
45418 192
45419 96
45420 112
45421 102
45422 104
45423 132
45424 182
45425 248
45426 236
45427 126
45428 100
45429 88
45430 44
45431 40
45432 52
45433 34
45434 38
45435 34
45436 22
45437 14
45438 8
45439 4
45440 2
45441 14
45442 14
45443 6
45444 20
45445 22
45446 24
45447 40
45448 36
45451 128
45452 92
45453 98
45454 36
45455 52
45456 104
45457 172
45458 176
45459 44
45460 104
45461 86
45462 70
45463 44
45464 54
45465 64
45466 44
45467 80
45468 186
45469 255
45470 218
45471 118
45472 66
45473 98
45474 156
45475 226
45476 252
45477 188
45478 98
45479 42
45480 18
45481 76
45482 82
45483 90
45484 116
45485 112
45486 68
45487 40
45488 64
45489 80
45490 128
45491 132
45492 110
45493 104
45494 110
45495 78
45496 90
45497 94
45498 78
45499 76
45500 90
45501 136
45502 164
45503 162
45504 142
45505 98
45506 84
45507 20
45508 28
45509 60
45510 138
45511 234
45512 255
45513 255
45514 255
45515 255
45516 212
45517 184
45518 170
45519 180
45520 136
45521 104
45522 142
45523 138
45524 80
45525 36
45526 38
45527 104
45528 168
45529 164
45530 110
45531 50
45532 54
45533 78
45534 56
45535 10
45536 44
45537 76
45538 92
45539 102
45540 80
45541 46
45542 30
45543 22
45544 34
45545 38
45546 36
45547 42
45548 48
45549 56
45550 58
45551 52
45552 40
45553 28
45554 14
45555 26
45556 40
45557 36
45558 16
45559 20
45560 12
45561 4
45562 14
45563 24
45564 38
45565 42
45566 34
45567 26
45568 40
45569 36
45570 38
45571 42
45572 56
45573 58
45574 46
45575 42
45576 48
45577 64
45578 76
45579 60
45580 28
45581 40
45582 58
45583 50
45584 36
45585 50
45586 42
45587 22
45588 48
45589 78
45590 80
45591 52
45592 32
45593 62
45594 78
45595 68
45596 60
45597 84
45598 84
45599 60
45600 30
45601 30
45602 40
45603 44
45604 52
45605 44
45606 26
45607 58
45608 80
45609 58
45610 28
45611 14
45612 22
45613 52
45614 48
45615 32
45616 16
45617 12
45618 8
45619 16
45620 6
45621 50
45622 94
45623 122
45624 130
45625 118
45626 132
45627 150
45628 132
45629 96
45630 62
45631 54
45632 46
45633 22
45634 18
45635 50
45636 68
45637 126
45638 196
45639 255
45640 255
45641 254
45642 186
45643 104
45644 30
45645 60
45646 50
45647 58
45648 88
45649 138
45650 208
45651 216
45652 130
45653 56
45654 38
45655 12
45656 42
45657 34
45658 14
45659 28
45660 32
45661 24
45662 12
45663 18
45664 30
45665 32
45666 40
45667 34
45668 26
45669 10
45670 28
45671 28
45672 34
45673 38
45676 94
45677 144
45678 170
45679 170
45680 142
45681 58
45682 58
45683 140
45684 144
45685 66
45686 90
45687 28
45688 42
45689 80
45690 82
45691 66
45692 102
45693 198
45694 196
45695 90
45696 42
45697 128
45698 134
45699 116
45700 128
45701 180
45702 170
45703 116
45704 82
45705 54
45706 72
45707 40
45708 56
45709 88
45710 98
45711 62
45712 28
45713 48
45714 20
45715 54
45716 60
45717 32
45718 36
45719 64
45720 56
45721 58
45722 76
45723 86
45724 92
45725 96
45726 112
45727 150
45728 154
45729 140
45730 118
45731 70
45732 44
45733 44
45734 62
45735 104
45736 150
45737 248
45738 255
45739 255
45740 255
45741 234
45742 142
45743 104
45744 114
45745 102
45746 86
45747 102
45748 66
45749 38
45750 88
45751 130
45752 182
45753 196
45754 142
45755 72
45756 16
45757 48
45758 60
45759 38
45760 14
45761 32
45762 64
45763 84
45764 106
45765 102
45766 78
45767 56
45768 30
45769 26
45770 26
45771 16
45772 24
45773 34
45774 48
45775 60
45776 64
45777 58
45778 50
45779 34
45780 34
45781 34
45782 20
45783 10
45784 10
45785 4
45786 14
45787 24
45788 36
45789 42
45790 30
45791 14
45792 18
45793 32
45794 34
45795 36
45796 38
45797 52
45798 52
45799 40
45800 42
45801 50
45802 62
45803 68
45804 48
45805 24
45806 36
45807 54
45808 58
45809 38
45810 40
45811 16
45812 24
45813 54
45814 78
45815 72
45816 40
45817 18
45818 24
45819 48
45820 50
45821 32
45822 54
45823 60
45824 48
45825 30
45826 36
45827 48
45828 46
45829 38
45830 12
45831 22
45832 46
45833 54
45834 50
45835 36
45836 28
45837 8
45838 38
45839 48
45840 40
45841 22
45842 26
45843 16
45844 24
45845 12
45846 20
45847 54
45848 74
45849 76
45850 62
45851 72
45852 86
45853 74
45854 54
45855 48
45856 62
45857 56
45858 36
45859 52
45860 94
45861 146
45862 186
45863 226
45864 248
45865 212
45866 136
45867 58
45868 62
45869 96
45870 144
45871 138
45872 128
45873 110
45874 102
45875 136
45876 170
45877 130
45878 70
45879 28
45880 32
45881 66
45882 40
45883 14
45884 10
45885 26
45886 34
45887 28
45888 42
45889 58
45890 60
45891 66
45892 54
45893 60
45894 18
45895 40
45896 54
45897 50
45898 42
45901 42
45902 110
45903 96
45904 144
45905 144
45906 106
45907 104
45908 154
45909 116
45910 22
45911 98
45912 36
45913 56
45914 98
45915 70
45916 126
45917 154
45918 138
45919 90
45920 102
45921 192
45922 214
45923 172
45924 140
45925 130
45926 88
45927 134
45928 138
45929 140
45930 122
45931 84
45932 40
45933 92
45934 126
45935 126
45936 94
45937 54
45938 78
45939 64
45940 92
45941 84
45942 36
45943 6
45944 40
45945 54
45946 56
45947 68
45948 60
45949 44
45950 32
45951 20
45952 60
45953 80
45954 90
45955 116
45956 128
45957 116
45958 84
45959 116
45960 108
45961 114
45962 112
45963 186
45964 255
45965 255
45966 255
45967 178
45968 100
45969 62
45970 18
45971 44
45972 50
45973 6
45974 60
45975 120
45976 164
45977 196
45978 178
45979 114
45980 46
45981 22
45982 60
45983 54
45984 40
45985 34
45986 28
45987 56
45988 70
45989 94
45990 106
45991 100
45992 88
45993 64
45994 36
45995 34
45996 20
45997 30
45998 36
45999 46
46000 58
46001 62
46002 56
46003 52
46004 48
46005 40
46006 38
46007 26
46008 10
46009 10
46010 20
46011 24
46012 24
46013 24
46014 22
46015 24
46016 26
46017 24
46018 22
46019 20
46020 20
46021 30
46022 46
46023 46
46024 40
46025 46
46026 54
46027 56
46028 56
46029 44
46030 32
46031 42
46032 48
46033 50
46034 16
46035 14
46036 32
46037 50
46038 66
46039 68
46040 44
46041 36
46042 36
46043 28
46044 26
46045 24
46046 6
46047 30
46048 46
46049 42
46050 34
46051 40
46052 48
46053 38
46054 14
46055 22
46056 48
46057 56
46058 48
46059 30
46060 30
46061 36
46062 20
46063 42
46064 58
46065 58
46066 42
46067 22
46068 0
46069 22
46070 26
46071 20
46072 32
46073 50
46074 50
46075 32
46076 20
46077 32
46078 32
46079 30
46080 24
46081 60
46082 72
46083 58
46084 86
46085 130
46086 164
46087 176
46088 190
46089 182
46090 122
46091 44
46092 58
46093 104
46094 190
46095 234
46096 216
46097 172
46098 122
46099 104
46100 94
46101 110
46102 120
46103 102
46104 80
46105 50
46106 68
46107 30
46108 36
46109 10
46110 10
46111 36
46112 46
46113 56
46114 68
46115 62
46116 62
46117 62
46118 88
46119 48
46120 24
46121 54
46122 54
46123 42
46126 150
46127 176
46128 106
46129 178
46130 206
46131 110
46132 116
46133 188
46134 134
46135 74
46136 100
46137 34
46138 100
46139 108
46140 44
46141 124
46142 188
46143 206
46144 164
46145 200
46146 210
46147 164
46148 124
46149 104
46150 90
46151 48
46152 56
46153 110
46154 158
46155 166
46156 136
46157 90
46158 136
46159 144
46160 128
46161 98
46162 52
46163 68
46164 50
46165 56
46166 26
46167 28
46168 60
46169 54
46170 56
46171 60
46172 56
46173 38
46174 32
46175 38
46176 38
46177 42
46178 8
46179 36
46180 60
46181 106
46182 126
46183 94
46184 110
46185 76
46186 74
46187 66
46188 88
46189 148
46190 204
46191 224
46192 208
46193 154
46194 96
46195 78
46196 82
46197 66
46198 64
46199 94
46200 132
46201 156
46202 156
46203 124
46204 64
46205 8
46206 30
46207 38
46208 26
46209 34
46210 34
46211 14
46212 28
46213 30
46214 42
46215 60
46216 68
46217 74
46218 68
46219 52
46220 34
46221 28
46222 34
46223 42
46224 50
46225 52
46226 48
46227 38
46228 28
46229 26
46230 22
46231 24
46232 20
46233 16
46234 16
46235 28
46236 26
46237 18
46238 12
46239 10
46240 24
46241 28
46242 30
46243 26
46244 20
46245 20
46246 32
46247 40
46248 32
46249 20
46250 20
46251 26
46252 18
46253 26
46254 28
46255 4
46256 20
46257 28
46258 38
46259 40
46260 42
46261 54
46262 56
46263 52
46264 32
46265 26
46266 42
46267 52
46268 54
46269 52
46270 42
46271 36
46272 48
46273 58
46274 56
46275 38
46276 28
46277 28
46278 22
46279 26
46280 52
46281 58
46282 56
46283 52
46284 54
46285 62
46286 56
46287 34
46288 46
46289 62
46290 72
46291 66
46292 48
46293 24
46294 38
46295 38
46296 34
46297 28
46298 50
46299 56
46300 46
46301 14
46302 26
46303 46
46304 52
46305 30
46306 58
46307 78
46308 98
46309 120
46310 134
46311 132
46312 114
46313 118
46314 108
46315 54
46316 18
46317 76
46318 158
46319 228
46320 242
46321 200
46322 158
46323 156
46324 94
46325 70
46326 46
46327 70
46328 80
46329 86
46330 78
46331 46
46332 10
46333 28
46334 24
46335 22
46336 42
46337 66
46338 72
46339 54
46340 30
46341 22
46342 28
46343 86
46344 82
46345 20
46346 44
46347 46
46348 44
46351 114
46352 154
46353 108
46354 94
46355 150
46356 174
46357 210
46358 184
46359 56
46360 76
46361 38
46362 100
46363 144
46364 94
46365 8
46366 76
46367 134
46368 154
46369 126
46370 144
46371 112
46372 58
46373 46
46374 40
46375 58
46376 72
46377 54
46378 36
46379 90
46380 146
46381 160
46382 138
46383 148
46384 128
46385 110
46386 90
46387 52
46388 64
46389 18
46390 16
46391 42
46392 82
46393 86
46394 58
46395 48
46396 50
46397 46
46398 42
46399 36
46400 10
46401 18
46402 16
46403 16
46404 42
46405 48
46406 58
46407 98
46408 76
46409 76
46410 64
46411 54
46412 42
46413 58
46414 84
46415 116
46416 142
46417 168
46418 170
46419 160
46420 174
46421 192
46422 182
46423 134
46424 136
46425 152
46426 134
46427 96
46428 62
46429 20
46430 10
46431 30
46432 56
46433 66
46434 84
46435 92
46436 64
46437 66
46438 60
46439 54
46440 52
46441 38
46442 24
46443 26
46444 24
46445 20
46446 22
46447 28
46448 42
46449 58
46450 60
46451 50
46452 36
46453 20
46454 12
46455 6
46456 6
46457 8
46458 6
46459 10
46460 20
46461 20
46462 16
46463 16
46464 18
46465 14
46466 12
46467 18
46468 28
46469 30
46470 30
46471 34
46472 30
46473 10
46474 14
46475 30
46476 48
46477 46
46478 54
46479 56
46480 34
46481 40
46482 44
46483 56
46484 46
46485 32
46486 30
46487 22
46488 6
46489 22
46490 48
46491 56
46492 58
46493 56
46494 50
46495 48
46496 44
46497 52
46498 62
46499 66
46500 58
46501 52
46502 54
46503 50
46504 66
46505 70
46506 58
46507 56
46508 62
46509 68
46510 62
46511 44
46512 22
46513 38
46514 54
46515 70
46516 72
46517 60
46518 34
46519 34
46520 36
46521 36
46522 28
46523 44
46524 58
46525 64
46526 48
46527 22
46528 14
46529 44
46530 56
46531 94
46532 106
46533 114
46534 118
46535 102
46536 66
46537 68
46538 94
46539 90
46540 52
46541 62
46542 116
46543 176
46544 206
46545 180
46546 124
46547 104
46548 136
46549 118
46550 68
46551 56
46552 72
46553 86
46554 96
46555 80
46556 44
46557 42
46558 52
46559 54
46560 46
46561 56
46562 86
46563 100
46564 92
46565 68
46566 56
46567 68
46568 132
46569 104
46570 34
46571 52
46572 48
46573 52
46576 58
46577 80
46578 64
46579 12
46580 84
46581 136
46582 174
46583 136
46584 48
46585 64
46586 50
46587 120
46588 86
46589 42
46590 8
46591 42
46592 72
46593 74
46594 50
46595 44
46596 24
46597 6
46598 32
46599 42
46600 24
46601 36
46602 62
46603 40
46604 20
46605 66
46606 90
46607 88
46608 74
46609 68
46610 68
46611 50
46612 22
46613 42
46614 26
46615 40
46616 58
46617 74
46618 52
46619 30
46620 26
46621 20
46622 20
46623 22
46624 22
46625 26
46626 28
46627 18
46628 40
46629 52
46630 44
46631 36
46632 52
46633 52
46634 38
46635 40
46636 30
46637 32
46638 50
46639 60
46640 74
46641 90
46642 108
46643 112
46644 112
46645 130
46646 160
46647 180
46648 162
46649 116
46650 128
46651 98
46652 68
46653 52
46654 30
46655 26
46656 32
46657 44
46658 52
46659 72
46660 90
46661 76
46662 72
46663 60
46664 52
46665 46
46666 34
46667 26
46668 24
46669 22
46670 16
46671 10
46672 18
46673 34
46674 52
46675 60
46676 54
46677 38
46678 28
46679 20
46680 14
46681 14
46682 14
46683 10
46684 8
46685 14
46686 16
46687 10
46688 10
46689 16
46690 20
46691 16
46692 20
46693 24
46694 28
46695 24
46696 22
46697 12
46698 8
46699 24
46700 20
46701 32
46702 40
46703 52
46704 50
46705 32
46706 30
46707 34
46708 42
46709 28
46710 24
46711 28
46712 26
46713 30
46714 50
46715 54
46716 44
46717 38
46718 40
46719 34
46720 42
46721 48
46722 54
46723 62
46724 68
46725 66
46726 60
46727 60
46728 60
46729 64
46730 54
46731 46
46732 56
46733 64
46734 56
46735 40
46736 24
46737 14
46738 30
46739 46
46740 58
46741 58
46742 50
46743 30
46744 28
46745 38
46746 38
46747 24
46748 28
46749 40
46750 52
46751 52
46752 34
46753 20
46754 20
46755 38
46756 64
46757 78
46758 88
46759 92
46760 78
46761 50
46762 52
46763 82
46764 80
46765 48
46766 82
46767 128
46768 160
46769 160
46770 114
46771 58
46772 38
46773 72
46774 86
46775 72
46776 50
46777 80
46778 94
46779 92
46780 60
46781 16
46782 46
46783 46
46784 56
46785 48
46786 52
46787 94
46788 116
46789 112
46790 94
46791 88
46792 108
46793 144
46794 92
46795 46
46796 64
46797 52
46798 54
46801 80
46802 76
46803 56
46804 42
46805 46
46806 54
46807 52
46808 34
46809 48
46810 68
46811 48
46812 66
46813 90
46814 72
46815 18
46816 34
46817 46
46818 36
46819 14
46820 0
46821 6
46822 12
46823 44
46824 54
46825 32
46826 14
46827 28
46828 36
46829 16
46830 2
46831 10
46832 14
46833 2
46834 14
46835 30
46836 40
46837 38
46838 44
46839 42
46840 38
46841 32
46842 28
46843 14
46844 18
46845 18
46846 14
46847 22
46848 14
46849 12
46850 16
46851 16
46852 18
46853 48
46854 56
46855 42
46856 34
46857 24
46858 36
46859 34
46860 24
46861 20
46862 34
46863 52
46864 58
46865 62
46866 72
46867 74
46868 60
46869 58
46870 58
46871 68
46872 108
46873 124
46874 86
46875 96
46876 82
46877 72
46878 72
46879 58
46880 40
46881 26
46882 22
46883 26
46884 38
46885 46
46886 40
46887 30
46888 24
46889 18
46890 14
46891 10
46892 8
46893 14
46894 18
46895 16
46896 10
46897 6
46898 24
46899 40
46900 48
46901 52
46902 44
46903 36
46904 18
46905 12
46906 2
46907 10
46908 16
46909 16
46910 18
46911 16
46912 4
46913 10
46914 18
46915 24
46916 24
46917 24
46918 20
46919 16
46920 14
46921 10
46922 12
46923 14
46924 16
46925 8
46926 4
46927 20
46928 36
46929 36
46930 24
46931 12
46932 22
46933 28
46934 18
46935 20
46936 24
46937 24
46938 36
46939 46
46940 40
46941 28
46942 22
46943 30
46944 26
46945 34
46946 50
46947 60
46948 64
46949 66
46950 64
46951 54
46952 46
46953 48
46954 42
46955 32
46956 34
46957 46
46958 48
46959 34
46960 20
46961 10
46962 6
46963 20
46964 38
46965 46
46966 44
46967 40
46968 24
46969 34
46970 44
46971 36
46972 16
46973 20
46974 26
46975 34
46976 40
46977 32
46978 26
46979 24
46980 24
46981 38
46982 54
46983 60
46984 72
46985 76
46986 58
46987 60
46988 80
46989 50
46990 16
46991 82
46992 124
46993 140
46994 124
46995 72
46996 28
46997 10
46998 34
46999 48
47000 50
47001 32
47002 64
47003 74
47004 66
47005 32
47006 24
47007 38
47008 34
47009 48
47010 48
47011 38
47012 88
47013 124
47014 132
47015 118
47016 106
47017 124
47018 122
47019 66
47020 46
47021 64
47022 54
47023 56
47026 102
47027 84
47028 52
47029 26
47030 40
47031 58
47032 66
47033 50
47034 58
47035 62
47036 42
47037 74
47038 86
47039 86
47040 42
47041 18
47042 40
47043 34
47044 16
47045 4
47046 22
47047 32
47048 58
47049 62
47050 44
47051 32
47052 44
47053 58
47054 46
47055 32
47056 34
47057 34
47058 22
47059 32
47060 42
47061 38
47062 34
47063 44
47064 40
47065 30
47066 26
47067 30
47068 18
47069 24
47070 22
47071 16
47072 22
47073 20
47074 10
47075 6
47076 10
47077 30
47078 56
47079 60
47080 48
47081 44
47082 32
47083 38
47084 44
47085 30
47086 30
47087 44
47088 56
47089 58
47090 58
47091 64
47092 66
47093 60
47094 66
47095 68
47096 64
47097 92
47098 114
47099 96
47100 96
47101 84
47102 74
47103 76
47104 58
47105 36
47106 26
47107 28
47108 34
47109 44
47110 40
47111 30
47112 22
47113 18
47114 14
47115 0
47116 6
47117 6
47118 12
47119 16
47120 16
47121 8
47122 6
47123 20
47124 38
47125 48
47126 56
47127 58
47128 52
47129 32
47130 20
47131 20
47132 10
47133 24
47134 32
47135 26
47136 18
47137 6
47138 12
47139 16
47140 20
47141 20
47142 18
47143 12
47144 6
47145 6
47146 10
47147 18
47148 24
47149 18
47150 18
47151 14
47152 22
47153 34
47154 38
47155 38
47156 30
47157 36
47158 28
47159 14
47160 6
47161 8
47162 16
47163 28
47164 36
47165 30
47166 18
47167 16
47168 28
47169 30
47170 34
47171 48
47172 60
47173 66
47174 68
47175 66
47176 58
47177 46
47178 44
47179 46
47180 42
47181 28
47182 32
47183 30
47184 20
47185 16
47186 8
47187 2
47188 10
47189 30
47190 40
47191 40
47192 42
47193 28
47194 44
47195 44
47196 30
47197 20
47198 26
47199 28
47200 32
47201 40
47202 38
47203 30
47204 26
47205 20
47206 34
47207 68
47208 90
47209 90
47210 78
47211 66
47212 64
47213 68
47214 26
47215 36
47216 98
47217 136
47218 134
47219 102
47220 52
47221 24
47222 6
47223 36
47224 44
47225 42
47226 24
47227 56
47228 62
47229 44
47230 24
47231 38
47232 44
47233 40
47234 52
47235 60
47236 62
47237 74
47238 120
47239 142
47240 138
47241 116
47242 110
47243 84
47244 52
47245 46
47246 52
47247 52
47248 52
47251 106
47252 76
47253 36
47254 10
47255 24
47256 54
47257 80
47258 86
47259 88
47260 82
47261 62
47262 86
47263 98
47264 104
47265 70
47266 20
47267 32
47268 36
47269 26
47270 24
47271 46
47272 56
47273 72
47274 72
47275 56
47276 46
47277 56
47278 66
47279 56
47280 46
47281 46
47282 46
47283 36
47284 42
47285 46
47286 40
47287 28
47288 34
47289 26
47290 20
47291 16
47292 20
47293 12
47294 14
47295 8
47296 0
47297 10
47298 10
47299 2
47300 8
47301 22
47302 44
47303 62
47304 60
47305 48
47306 42
47307 28
47308 36
47309 38
47310 24
47311 24
47312 36
47313 46
47314 50
47315 56
47316 62
47317 62
47318 62
47319 72
47320 72
47321 68
47322 82
47323 102
47324 96
47325 82
47326 66
47327 60
47328 64
47329 44
47330 30
47331 30
47332 32
47333 38
47334 46
47335 48
47336 40
47337 32
47338 28
47339 20
47340 8
47341 10
47342 14
47343 20
47344 24
47345 24
47346 16
47347 12
47348 24
47349 40
47350 54
47351 66
47352 70
47353 66
47354 50
47355 38
47356 40
47357 30
47358 44
47359 50
47360 38
47361 26
47362 24
47363 28
47364 28
47365 26
47366 22
47367 18
47368 14
47369 2
47370 4
47371 12
47372 14
47373 26
47374 32
47375 32
47376 26
47377 28
47378 42
47379 52
47380 54
47381 50
47382 42
47383 32
47384 20
47385 10
47386 8
47387 10
47388 22
47389 26
47390 16
47391 4
47392 4
47393 12
47394 18
47395 24
47396 36
47397 48
47398 56
47399 60
47400 62
47401 62
47402 54
47403 48
47404 50
47405 48
47406 34
47407 14
47408 14
47409 26
47410 28
47411 20
47412 12
47413 10
47414 24
47415 38
47416 40
47417 44
47418 34
47419 48
47420 44
47421 32
47422 28
47423 32
47424 32
47425 38
47426 48
47427 48
47428 42
47429 40
47430 28
47431 30
47432 66
47433 112
47434 124
47435 108
47436 82
47437 54
47438 46
47439 22
47440 66
47441 124
47442 152
47443 128
47444 86
47445 46
47446 36
47447 24
47448 42
47449 48
47450 40
47451 14
47452 40
47453 46
47454 48
47455 36
47456 52
47457 50
47458 42
47459 54
47460 72
47461 86
47462 86
47463 92
47464 114
47465 120
47466 106
47467 84
47468 76
47469 64
47470 46
47471 36
47472 36
47473 34
47476 76
47477 68
47478 62
47479 48
47480 22
47481 30
47482 40
47483 52
47484 42
47485 32
47486 32
47487 54
47488 72
47489 92
47490 82
47491 36
47492 28
47493 22
47494 28
47495 44
47496 66
47497 70
47498 70
47499 60
47500 42
47501 32
47502 42
47503 56
47504 46
47505 32
47506 30
47507 32
47508 26
47509 34
47510 38
47511 34
47512 16
47513 18
47514 14
47515 12
47516 10
47517 12
47518 6
47519 4
47520 14
47521 24
47522 28
47523 24
47524 22
47525 28
47526 36
47527 48
47528 58
47529 50
47530 36
47531 26
47532 10
47533 24
47534 26
47535 14
47536 12
47537 20
47538 26
47539 32
47540 44
47541 52
47542 52
47543 56
47544 58
47545 54
47546 50
47547 54
47548 66
47549 68
47550 68
47551 62
47552 40
47553 42
47554 30
47555 30
47556 32
47557 30
47558 40
47559 46
47560 48
47561 44
47562 40
47563 38
47564 30
47565 14
47566 8
47567 16
47568 24
47569 30
47570 28
47571 22
47572 20
47573 24
47574 34
47575 48
47576 64
47577 68
47578 66
47579 60
47580 54
47581 54
47582 42
47583 56
47584 58
47585 42
47586 32
47587 32
47588 34
47589 34
47590 26
47591 20
47592 16
47593 12
47594 6
47595 8
47596 12
47597 12
47598 28
47599 42
47600 44
47601 40
47602 48
47603 56
47604 64
47605 66
47606 64
47607 62
47608 56
47609 42
47610 28
47611 22
47612 22
47613 22
47614 20
47615 12
47616 6
47617 10
47618 12
47619 14
47620 16
47621 14
47622 22
47623 32
47624 36
47625 38
47626 42
47627 40
47628 36
47629 38
47630 36
47631 24
47632 16
47633 20
47634 34
47635 40
47636 34
47637 26
47638 12
47639 18
47640 28
47641 34
47642 40
47643 34
47644 44
47645 40
47646 28
47647 28
47648 36
47649 36
47650 38
47651 50
47652 52
47653 48
47654 48
47655 36
47656 30
47657 56
47658 112
47659 148
47660 148
47661 128
47662 100
47663 84
47664 62
47665 108
47666 148
47667 156
47668 122
47669 80
47670 52
47671 58
47672 44
47673 52
47674 54
47675 42
47676 12
47677 32
47678 50
47679 56
47680 52
47681 58
47682 50
47683 44
47684 62
47685 90
47686 106
47687 94
47688 64
47689 80
47690 82
47691 74
47692 68
47693 72
47694 64
47695 48
47696 32
47697 24
47698 16
47701 36
47702 44
47703 52
47704 58
47705 56
47706 40
47707 24
47708 18
47709 34
47710 38
47711 62
47712 70
47713 52
47714 56
47715 72
47716 48
47717 18
47718 12
47719 32
47720 52
47721 66
47722 64
47723 50
47724 32
47725 18
47726 10
47727 16
47728 32
47729 30
47730 16
47731 6
47732 6
47733 4
47734 12
47735 18
47736 18
47737 8
47738 10
47739 10
47740 8
47741 8
47742 10
47743 14
47744 20
47745 32
47746 40
47747 38
47748 36
47749 38
47750 40
47751 42
47752 50
47753 52
47754 38
47755 24
47756 12
47757 4
47758 16
47759 18
47760 14
47761 12
47762 16
47763 16
47764 24
47765 32
47766 36
47767 40
47768 42
47769 38
47770 30
47771 32
47772 30
47773 38
47774 40
47775 48
47776 50
47777 38
47778 32
47779 30
47780 28
47781 30
47782 26
47783 36
47784 46
47785 50
47786 48
47787 50
47788 52
47789 46
47790 28
47791 8
47792 2
47793 12
47794 20
47795 20
47796 16
47797 12
47798 10
47799 12
47800 24
47801 40
47802 44
47803 44
47804 46
47805 50
47806 56
47807 46
47808 56
47809 50
47810 32
47811 32
47812 28
47813 28
47814 38
47815 34
47816 26
47817 22
47818 18
47819 14
47820 10
47821 4
47822 20
47823 44
47824 60
47825 66
47826 64
47827 74
47828 74
47829 66
47830 70
47831 74
47832 78
47833 76
47834 60
47835 44
47836 36
47837 36
47838 36
47839 32
47840 26
47841 20
47842 22
47843 22
47844 24
47845 24
47846 20
47847 14
47848 8
47849 14
47850 16
47851 22
47852 24
47853 22
47854 28
47855 32
47856 36
47857 34
47858 32
47859 32
47860 44
47861 40
47862 34
47863 20
47864 12
47865 10
47866 16
47867 26
47868 32
47869 40
47870 36
47871 26
47872 30
47873 38
47874 40
47875 40
47876 50
47877 52
47878 48
47879 48
47880 34
47881 30
47882 44
47883 88
47884 132
47885 158
47886 152
47887 128
47888 112
47889 100
47890 134
47891 158
47892 158
47893 126
47894 84
47895 62
47896 72
47897 44
47898 60
47899 58
47900 48
47901 26
47902 28
47903 46
47904 56
47905 66
47906 64
47907 58
47908 58
47909 82
47910 112
47911 122
47912 100
47913 62
47914 78
47915 74
47916 58
47917 54
47918 66
47919 60
47920 48
47921 38
47922 30
47923 26
47926 48
47927 52
47928 46
47929 36
47930 34
47931 34
47932 22
47933 24
47934 38
47935 42
47936 62
47937 60
47938 34
47939 22
47940 52
47941 50
47942 34
47943 28
47944 36
47945 44
47946 52
47947 50
47948 32
47949 18
47950 14
47951 8
47952 12
47953 24
47954 26
47955 20
47956 8
47957 4
47958 6
47959 16
47960 20
47961 16
47962 2
47963 10
47964 12
47965 12
47966 14
47967 20
47968 28
47969 36
47970 46
47971 46
47972 42
47973 42
47974 40
47975 40
47976 44
47977 48
47978 42
47979 30
47980 18
47981 4
47982 8
47983 12
47984 16
47985 18
47986 20
47987 24
47988 28
47989 30
47990 24
47991 26
47992 26
47993 24
47994 22
47995 20
47996 22
47997 18
47998 20
47999 20
48000 28
48001 30
48002 28
48003 24
48004 28
48005 24
48006 22
48007 24
48008 30
48009 40
48010 48
48011 48
48012 54
48013 62
48014 60
48015 46
48016 28
48017 18
48018 12
48019 10
48020 10
48021 16
48022 26
48023 24
48024 20
48025 22
48026 22
48027 22
48028 24
48029 24
48030 26
48031 36
48032 34
48033 42
48034 30
48035 20
48036 28
48037 38
48038 42
48039 46
48040 36
48041 24
48042 18
48043 12
48044 8
48045 4
48046 26
48047 48
48048 66
48049 80
48050 88
48051 86
48052 88
48053 76
48054 60
48055 64
48056 72
48057 82
48058 86
48059 72
48060 56
48061 48
48062 48
48063 48
48064 42
48065 38
48066 30
48067 28
48068 26
48069 24
48070 20
48071 16
48072 12
48073 10
48074 4
48075 2
48076 12
48077 18
48078 20
48079 30
48080 40
48081 42
48082 34
48083 28
48084 18
48085 36
48086 36
48087 32
48088 22
48089 10
48090 4
48091 16
48092 24
48093 30
48094 34
48095 32
48096 26
48097 30
48098 34
48099 36
48100 40
48101 50
48102 54
48103 54
48104 56
48105 40
48106 30
48107 42
48108 70
48109 102
48110 136
48111 150
48112 142
48113 130
48114 126
48115 150
48116 166
48117 158
48118 120
48119 82
48120 64
48121 64
48122 48
48123 68
48124 64
48125 58
48126 40
48127 30
48128 46
48129 64
48130 64
48131 66
48132 62
48133 66
48134 90
48135 112
48136 110
48137 78
48138 44
48139 66
48140 70
48141 56
48142 44
48143 54
48144 52
48145 48
48146 50
48147 50
48148 34
48151 74
48152 72
48153 62
48154 54
48155 54
48156 48
48157 36
48158 38
48159 52
48160 48
48161 48
48162 30
48163 8
48164 4
48165 32
48166 44
48167 42
48168 36
48169 30
48170 30
48171 36
48172 36
48173 24
48174 20
48175 22
48176 18
48177 22
48178 34
48179 34
48180 28
48181 20
48182 18
48183 26
48184 26
48185 22
48186 16
48187 4
48188 8
48189 16
48190 20
48191 22
48192 32
48193 40
48194 46
48195 50
48196 46
48197 42
48198 38
48199 32
48200 32
48201 36
48202 36
48203 30
48204 24
48205 12
48206 4
48207 6
48208 10
48209 12
48210 16
48211 20
48212 28
48213 30
48214 26
48215 24
48216 24
48217 20
48218 18
48219 18
48220 16
48221 14
48222 6
48223 10
48224 14
48225 18
48226 12
48227 12
48228 14
48229 20
48230 18
48231 18
48232 22
48233 24
48234 34
48235 44
48236 42
48237 46
48238 60
48239 62
48240 50
48241 36
48242 30
48243 20
48244 10
48245 8
48246 22
48247 34
48248 26
48249 18
48250 18
48251 18
48252 6
48253 12
48254 12
48255 6
48256 10
48257 18
48258 20
48259 14
48260 16
48261 40
48262 46
48263 42
48264 40
48265 24
48266 12
48267 16
48268 20
48269 20
48270 22
48271 50
48272 66
48273 76
48274 86
48275 94
48276 92
48277 86
48278 66
48279 50
48280 50
48281 58
48282 70
48283 78
48284 68
48285 52
48286 46
48287 48
48288 48
48289 42
48290 38
48291 36
48292 32
48293 24
48294 16
48295 12
48296 10
48297 8
48298 6
48299 6
48300 4
48301 6
48302 14
48303 22
48304 36
48305 42
48306 40
48307 30
48308 22
48309 6
48310 22
48311 26
48312 24
48313 16
48314 12
48315 12
48316 18
48317 24
48318 24
48319 26
48320 26
48321 22
48322 28
48323 32
48324 30
48325 34
48326 44
48327 46
48328 50
48329 58
48330 46
48331 34
48332 46
48333 62
48334 86
48335 112
48336 128
48337 134
48338 130
48339 134
48340 152
48341 158
48342 134
48343 92
48344 68
48345 54
48346 40
48347 48
48348 66
48349 66
48350 64
48351 46
48352 28
48353 38
48354 56
48355 54
48356 52
48357 56
48358 48
48359 66
48360 80
48361 72
48362 38
48363 8
48364 36
48365 48
48366 52
48367 46
48368 50
48369 52
48370 58
48371 64
48372 68
48373 70
48376 72
48377 64
48378 46
48379 36
48380 42
48381 46
48382 50
48383 44
48384 74
48385 80
48386 82
48387 54
48388 12
48389 4
48390 20
48391 36
48392 46
48393 42
48394 24
48395 30
48396 42
48397 40
48398 24
48399 20
48400 20
48401 20
48402 22
48403 36
48404 40
48405 32
48406 20
48407 20
48408 32
48409 34
48410 28
48411 20
48412 10
48413 12
48414 22
48415 24
48416 26
48417 40
48418 46
48419 48
48420 48
48421 44
48422 34
48423 24
48424 22
48425 26
48426 30
48427 28
48428 24
48429 20
48430 10
48431 12
48432 16
48433 22
48434 28
48435 32
48436 36
48437 40
48438 36
48439 36
48440 36
48441 34
48442 34
48443 32
48444 26
48445 20
48446 12
48447 8
48448 14
48449 16
48450 12
48451 8
48452 8
48453 10
48454 18
48455 20
48456 20
48457 18
48458 16
48459 20
48460 32
48461 36
48462 38
48463 50
48464 56
48465 48
48466 34
48467 28
48468 22
48469 10
48470 2
48471 22
48472 32
48473 20
48474 10
48475 10
48476 12
48477 4
48478 6
48479 8
48480 4
48481 14
48482 22
48483 16
48484 20
48485 28
48486 40
48487 40
48488 40
48489 32
48490 14
48491 18
48492 26
48493 34
48494 38
48495 50
48496 76
48497 78
48498 78
48499 86
48500 96
48501 92
48502 78
48503 52
48504 42
48505 40
48506 44
48507 52
48508 62
48509 62
48510 54
48511 48
48512 46
48513 46
48514 44
48515 40
48516 38
48517 36
48518 30
48519 18
48520 6
48521 4
48522 4
48523 2
48524 4
48525 8
48526 8
48527 18
48528 28
48529 38
48530 38
48531 34
48532 28
48533 24
48534 22
48535 34
48536 30
48537 22
48538 10
48539 8
48540 16
48541 18
48542 22
48543 22
48544 22
48545 20
48546 16
48547 24
48548 30
48549 28
48550 30
48551 38
48552 34
48553 32
48554 42
48555 42
48556 40
48557 50
48558 58
48559 76
48560 96
48561 102
48562 102
48563 102
48564 116
48565 124
48566 114
48567 84
48568 54
48569 42
48570 34
48571 24
48572 48
48573 62
48574 64
48575 64
48576 54
48577 32
48578 30
48579 44
48580 32
48581 18
48582 20
48583 14
48584 20
48585 56
48586 76
48587 70
48588 60
48589 78
48590 72
48591 48
48592 28
48593 38
48594 44
48595 60
48596 70
48597 74
48598 90
48601 44
48602 34
48603 30
48604 14
48605 30
48606 46
48607 46
48608 22
48609 32
48610 52
48611 60
48612 44
48613 18
48614 2
48615 30
48616 54
48617 52
48618 32
48619 20
48620 28
48621 48
48622 56
48623 38
48624 16
48625 8
48626 6
48627 2
48628 14
48629 22
48630 16
48631 0
48632 4
48633 20
48634 24
48635 20
48636 14
48637 6
48638 10
48639 20
48640 26
48641 28
48642 40
48643 44
48644 42
48645 40
48646 36
48647 22
48648 16
48649 22
48650 24
48651 24
48652 22
48653 20
48654 18
48655 14
48656 18
48657 28
48658 36
48659 38
48660 38
48661 42
48662 40
48663 38
48664 38
48665 36
48666 34
48667 36
48668 38
48669 32
48670 24
48671 20
48672 18
48673 14
48674 14
48675 14
48676 12
48677 8
48678 14
48679 16
48680 14
48681 14
48682 6
48683 10
48684 14
48685 16
48686 22
48687 28
48688 32
48689 36
48690 34
48691 22
48692 16
48693 16
48694 18
48695 10
48696 30
48697 40
48698 32
48699 24
48700 26
48701 20
48702 4
48703 6
48704 12
48705 14
48706 24
48707 24
48708 14
48709 28
48710 30
48711 34
48712 38
48713 36
48714 24
48715 18
48716 34
48717 40
48718 44
48719 52
48720 68
48721 86
48722 78
48723 72
48724 78
48725 86
48726 74
48727 58
48728 34
48729 30
48730 30
48731 32
48732 36
48733 44
48734 44
48735 44
48736 46
48737 42
48738 36
48739 34
48740 34
48741 34
48742 34
48743 34
48744 24
48745 12
48746 16
48747 12
48748 10
48749 10
48750 14
48751 8
48752 22
48753 32
48754 44
48755 46
48756 40
48757 30
48758 24
48759 34
48760 40
48761 30
48762 20
48763 14
48764 14
48765 20
48766 18
48767 22
48768 22
48769 16
48770 12
48771 8
48772 18
48773 26
48774 26
48775 26
48776 32
48777 32
48778 26
48779 26
48780 30
48781 38
48782 48
48783 52
48784 62
48785 78
48786 82
48787 72
48788 74
48789 82
48790 82
48791 62
48792 38
48793 24
48794 20
48795 18
48796 12
48797 44
48798 62
48799 64
48800 58
48801 54
48802 42
48803 38
48804 50
48805 38
48806 20
48807 34
48808 38
48809 44
48810 80
48811 102
48812 96
48813 94
48814 96
48815 76
48816 42
48817 12
48818 10
48819 24
48820 44
48821 58
48822 66
48823 80
48826 8
48827 38
48828 62
48829 64
48830 56
48831 84
48832 98
48833 88
48834 92
48835 96
48836 72
48837 32
48838 18
48839 12
48840 40
48841 50
48842 30
48843 28
48844 22
48845 22
48846 36
48847 52
48848 50
48849 34
48850 24
48851 22
48852 18
48853 26
48854 32
48855 28
48856 14
48857 18
48858 26
48859 24
48860 16
48861 14
48862 10
48863 12
48864 24
48865 34
48866 32
48867 38
48868 38
48869 34
48870 32
48871 28
48872 18
48873 18
48874 24
48875 20
48876 16
48877 16
48878 18
48879 20
48880 22
48881 28
48882 34
48883 36
48884 32
48885 30
48886 34
48887 32
48888 32
48889 26
48890 28
48891 26
48892 32
48893 36
48894 32
48895 22
48896 20
48897 24
48898 22
48899 18
48900 14
48901 14
48902 10
48903 18
48904 16
48905 12
48906 8
48907 6
48908 16
48909 16
48910 16
48911 22
48912 32
48913 30
48914 28
48915 28
48916 20
48917 16
48918 16
48919 16
48920 8
48921 24
48922 36
48923 32
48924 32
48925 40
48926 36
48927 20
48928 16
48929 22
48930 26
48931 28
48932 18
48933 14
48934 28
48935 34
48936 34
48937 36
48938 40
48939 34
48940 42
48941 48
48942 48
48943 52
48944 52
48945 66
48946 80
48947 70
48948 64
48949 68
48950 70
48951 52
48952 40
48953 14
48954 22
48955 36
48956 44
48957 42
48958 36
48959 22
48960 22
48961 30
48962 32
48963 22
48964 16
48965 20
48966 24
48967 28
48968 36
48969 34
48970 24
48971 12
48972 4
48973 8
48974 8
48975 8
48976 0
48977 14
48978 28
48979 40
48980 46
48981 44
48982 34
48983 24
48984 32
48985 30
48986 20
48987 16
48988 14
48989 12
48990 14
48991 14
48992 24
48993 26
48994 20
48995 16
48996 4
48997 10
48998 16
48999 16
49000 18
49001 24
49002 30
49003 30
49004 22
49005 16
49006 22
49007 34
49008 38
49009 44
49010 56
49011 62
49012 52
49013 52
49014 50
49015 46
49016 34
49017 28
49018 16
49019 8
49020 4
49021 14
49022 44
49023 60
49024 64
49025 56
49026 52
49027 50
49028 48
49029 58
49030 48
49031 32
49032 52
49033 62
49034 64
49035 78
49036 100
49037 92
49038 78
49039 66
49040 50
49041 36
49042 24
49043 12
49044 12
49045 28
49046 56
49047 76
49048 88
49051 46
49052 72
49053 86
49054 82
49055 64
49056 76
49057 92
49058 86
49059 76
49060 64
49061 34
49062 6
49063 18
49064 26
49065 34
49066 38
49067 36
49068 34
49069 26
49070 22
49071 32
49072 32
49073 38
49074 36
49075 32
49076 30
49077 18
49078 16
49079 18
49080 16
49081 6
49082 8
49083 10
49084 18
49085 20
49086 18
49087 18
49088 18
49089 28
49090 32
49091 30
49092 36
49093 34
49094 32
49095 30
49096 26
49097 22
49098 22
49099 22
49100 18
49101 16
49102 18
49103 22
49104 24
49105 28
49106 34
49107 38
49108 38
49109 32
49110 30
49111 34
49112 32
49113 30
49114 28
49115 30
49116 26
49117 30
49118 34
49119 36
49120 28
49121 24
49122 26
49123 22
49124 16
49125 14
49126 16
49127 12
49128 16
49129 14
49130 8
49131 4
49132 8
49133 14
49134 12
49135 12
49136 20
49137 26
49138 30
49139 36
49140 36
49141 30
49142 28
49143 28
49144 26
49145 16
49146 6
49147 22
49148 26
49149 36
49150 52
49151 56
49152 46
49153 36
49154 30
49155 24
49156 20
49157 10
49158 18
49159 28
49160 34
49161 38
49162 38
49163 38
49164 36
49165 48
49166 42
49167 38
49168 44
49169 46
49170 62
49171 76
49172 64
49173 56
49174 60
49175 60
49176 42
49177 26
49178 20
49179 46
49180 50
49181 50
49182 42
49183 32
49184 18
49185 16
49186 18
49187 20
49188 12
49189 4
49190 10
49191 16
49192 18
49193 28
49194 40
49195 40
49196 30
49197 14
49198 6
49199 8
49200 10
49201 12
49202 20
49203 28
49204 28
49205 38
49206 40
49207 36
49208 40
49209 38
49210 26
49211 16
49212 14
49213 12
49214 4
49215 10
49216 14
49217 26
49218 32
49219 32
49220 30
49221 22
49222 26
49223 30
49224 24
49225 16
49226 8
49227 16
49228 24
49229 24
49230 12
49231 6
49232 14
49233 20
49234 22
49235 28
49236 36
49237 30
49238 26
49239 18
49240 12
49241 16
49242 22
49243 16
49244 10
49245 14
49246 28
49247 52
49248 60
49249 52
49250 56
49251 58
49252 56
49253 54
49254 62
49255 52
49256 38
49257 54
49258 60
49259 58
49260 52
49261 70
49262 70
49263 62
49264 54
49265 52
49266 42
49267 32
49268 30
49269 18
49270 28
49271 54
49272 70
49273 78
49276 54
49277 70
49278 74
49279 62
49280 40
49281 36
49282 52
49283 58
49284 40
49285 22
49286 14
49287 8
49288 12
49289 26
49290 32
49291 34
49292 38
49293 40
49294 30
49295 40
49296 38
49297 22
49298 24
49299 26
49300 22
49301 22
49302 16
49303 2
49304 18
49305 24
49306 24
49307 16
49308 14
49309 24
49310 24
49311 18
49312 14
49313 12
49314 18
49315 20
49316 24
49317 30
49318 28
49319 30
49320 30
49321 26
49322 24
49323 20
49324 14
49325 12
49326 10
49327 14
49328 20
49329 20
49330 24
49331 28
49332 30
49333 30
49334 26
49335 26
49336 28
49337 28
49338 24
49339 24
49340 26
49341 26
49342 30
49343 32
49344 36
49345 34
49346 30
49347 34
49348 30
49349 18
49350 14
49351 18
49352 16
49353 10
49354 6
49355 0
49356 4
49357 8
49358 12
49359 14
49360 18
49361 30
49362 32
49363 32
49364 38
49365 34
49366 28
49367 28
49368 30
49369 28
49370 20
49371 8
49372 8
49373 18
49374 22
49375 36
49376 46
49377 46
49378 42
49379 30
49380 18
49381 10
49382 6
49383 16
49384 26
49385 32
49386 36
49387 30
49388 24
49389 36
49390 34
49391 24
49392 24
49393 34
49394 40
49395 50
49396 56
49397 44
49398 38
49399 44
49400 42
49401 24
49402 18
49403 34
49404 48
49405 46
49406 40
49407 30
49408 24
49409 20
49410 22
49411 26
49412 28
49413 20
49414 8
49415 8
49416 12
49417 12
49418 14
49419 30
49420 42
49421 40
49422 30
49423 18
49424 18
49425 16
49426 20
49427 24
49428 24
49429 18
49430 26
49431 30
49432 30
49433 36
49434 34
49435 26
49436 14
49437 10
49438 8
49439 6
49440 10
49441 16
49442 26
49443 30
49444 34
49445 38
49446 38
49447 42
49448 38
49449 28
49450 16
49451 8
49452 6
49453 10
49454 18
49455 12
49456 4
49457 6
49458 4
49459 12
49460 16
49461 22
49462 20
49463 16
49464 12
49465 4
49466 8
49467 12
49468 16
49469 22
49470 24
49471 34
49472 50
49473 52
49474 36
49475 42
49476 52
49477 52
49478 50
49479 52
49480 42
49481 24
49482 34
49483 38
49484 34
49485 26
49486 28
49487 42
49488 50
49489 56
49490 64
49491 58
49492 50
49493 54
49494 50
49495 50
49496 52
49497 44
49498 40
49501 42
49502 52
49503 52
49504 38
49505 20
49506 12
49507 22
49508 32
49509 28
49510 16
49511 12
49512 6
49513 20
49514 28
49515 18
49516 16
49517 24
49518 36
49519 46
49520 44
49521 26
49522 10
49523 18
49524 16
49525 14
49526 14
49527 16
49528 8
49529 10
49530 12
49531 18
49532 12
49533 10
49534 16
49535 18
49536 14
49537 8
49538 6
49539 12
49540 18
49541 26
49542 30
49543 28
49544 32
49545 32
49546 24
49547 20
49548 14
49549 8
49550 6
49551 4
49552 10
49553 16
49554 16
49555 22
49556 28
49557 28
49558 28
49559 24
49560 22
49561 24
49562 24
49563 18
49564 22
49565 24
49566 28
49567 36
49568 38
49569 38
49570 38
49571 36
49572 42
49573 42
49574 28
49575 18
49576 20
49577 22
49578 14
49579 8
49580 6
49581 10
49582 12
49583 10
49584 12
49585 20
49586 28
49587 30
49588 28
49589 32
49590 28
49591 18
49592 18
49593 24
49594 24
49595 16
49596 12
49597 14
49598 12
49599 6
49600 10
49601 14
49602 16
49603 24
49604 24
49605 16
49606 12
49607 8
49608 16
49609 26
49610 30
49611 32
49612 18
49613 16
49614 20
49615 14
49616 14
49617 18
49618 32
49619 38
49620 38
49621 38
49622 28
49623 24
49624 30
49625 24
49626 14
49627 14
49628 26
49629 28
49630 28
49631 26
49632 22
49633 24
49634 26
49635 26
49636 24
49637 24
49638 16
49639 4
49640 4
49641 8
49642 14
49643 10
49644 16
49645 28
49646 34
49647 32
49648 22
49649 16
49650 14
49651 12
49652 10
49653 8
49654 12
49655 16
49656 16
49657 16
49658 10
49659 16
49660 18
49661 12
49662 10
49663 12
49664 14
49665 14
49666 16
49667 26
49668 26
49669 26
49670 36
49671 44
49672 42
49673 38
49674 30
49675 28
49676 20
49677 10
49678 14
49679 18
49680 12
49681 0
49682 10
49683 8
49684 2
49685 8
49686 12
49687 12
49688 14
49689 12
49690 8
49691 10
49692 10
49693 16
49694 24
49695 24
49696 30
49697 38
49698 38
49699 28
49700 24
49701 32
49702 38
49703 42
49704 38
49705 26
49706 12
49707 12
49708 22
49709 26
49710 18
49711 16
49712 22
49713 42
49714 56
49715 68
49716 68
49717 64
49718 68
49719 68
49720 76
49721 84
49722 80
49723 76
49726 36
49727 42
49728 38
49729 24
49730 12
49731 6
49732 8
49733 28
49734 36
49735 24
49736 8
49737 8
49738 20
49739 24
49740 18
49741 12
49742 24
49743 44
49744 48
49745 36
49746 16
49747 2
49748 16
49749 26
49750 14
49751 14
49752 16
49753 4
49754 10
49755 12
49756 16
49757 6
49758 4
49759 4
49760 8
49761 8
49762 4
49763 8
49764 16
49765 24
49766 32
49767 38
49768 38
49769 36
49770 30
49771 22
49772 16
49773 10
49774 4
49775 2
49776 6
49777 10
49778 16
49779 20
49780 28
49781 34
49782 32
49783 30
49784 22
49785 20
49786 22
49787 18
49788 14
49789 20
49790 22
49791 24
49792 32
49793 38
49794 40
49795 42
49796 46
49797 52
49798 50
49799 36
49800 24
49801 22
49802 24
49803 24
49804 16
49805 14
49806 20
49807 20
49808 8
49809 6
49810 16
49811 22
49812 28
49813 32
49814 28
49815 26
49816 18
49817 14
49818 20
49819 20
49820 14
49821 16
49822 18
49823 6
49824 6
49825 8
49826 10
49827 14
49828 16
49829 16
49830 16
49831 12
49832 8
49833 14
49834 24
49835 30
49836 36
49837 20
49838 12
49839 12
49840 8
49841 8
49842 16
49843 30
49844 34
49845 32
49846 32
49847 26
49848 22
49849 24
49850 16
49851 6
49852 10
49853 14
49854 20
49855 28
49856 28
49857 24
49858 26
49859 24
49860 20
49861 16
49862 18
49863 12
49864 0
49865 0
49866 6
49867 12
49868 10
49869 10
49870 16
49871 26
49872 30
49873 24
49874 20
49875 16
49876 12
49877 2
49878 6
49879 8
49880 12
49881 12
49882 10
49883 8
49884 12
49885 12
49886 14
49887 14
49888 16
49889 18
49890 16
49891 16
49892 22
49893 22
49894 32
49895 40
49896 44
49897 38
49898 44
49899 40
49900 42
49901 36
49902 20
49903 14
49904 10
49905 12
49906 10
49907 0
49908 10
49909 14
49910 12
49911 14
49912 18
49913 22
49914 22
49915 20
49916 20
49917 16
49918 20
49919 28
49920 28
49921 30
49922 30
49923 28
49924 28
49925 20
49926 20
49927 26
49928 34
49929 34
49930 24
49931 14
49932 12
49933 24
49934 28
49935 28
49936 32
49937 34
49938 34
49939 48
49940 52
49941 56
49942 60
49943 64
49944 64
49945 76
49946 92
49947 94
49948 88
49951 24
49952 26
49953 24
49954 22
49955 22
49956 20
49957 28
49958 42
49959 36
49960 20
49961 6
49962 12
49963 18
49964 18
49965 16
49966 14
49967 26
49968 40
49969 42
49970 32
49971 18
49972 8
49973 18
49974 24
49975 14
49976 14
49977 14
49978 4
49979 10
49980 12
49981 16
49982 6
49983 6
49984 6
49985 12
49986 10
49987 4
49988 16
49989 24
49990 30
49991 36
49992 42
49993 40
49994 32
49995 26
49996 22
49997 12
49998 6
49999 2
50000 6
50001 8
50002 14
50003 22
50004 26
50005 30
50006 32
50007 28
50008 26
50009 20
50010 18
50011 16
50012 14
50013 14
50014 16
50015 20
50016 22
50017 28
50018 36
50019 36
50020 36
50021 44
50022 52
50023 52
50024 38
50025 26
50026 24
50027 22
50028 24
50029 18
50030 14
50031 22
50032 24
50033 10
50034 4
50035 14
50036 28
50037 34
50038 32
50039 22
50040 26
50041 24
50042 16
50043 20
50044 22
50045 16
50046 20
50047 20
50048 4
50049 8
50050 6
50051 4
50052 12
50053 14
50054 14
50055 16
50056 12
50057 8
50058 12
50059 20
50060 26
50061 38
50062 32
50063 16
50064 16
50065 12
50066 8
50067 12
50068 22
50069 30
50070 34
50071 32
50072 28
50073 22
50074 20
50075 12
50076 2
50077 8
50078 16
50079 34
50080 42
50081 32
50082 24
50083 20
50084 16
50085 22
50086 16
50087 18
50088 14
50089 2
50090 2
50091 4
50092 8
50093 8
50094 6
50095 6
50096 16
50097 28
50098 30
50099 26
50100 20
50101 22
50102 14
50103 4
50104 6
50105 12
50106 14
50107 18
50108 16
50109 8
50110 10
50111 16
50112 16
50113 18
50114 16
50115 12
50116 14
50117 14
50118 16
50119 36
50120 44
50121 46
50122 36
50123 44
50124 42
50125 44
50126 40
50127 30
50128 22
50129 14
50130 4
50131 8
50132 10
50133 10
50134 12
50135 12
50136 14
50137 16
50138 18
50139 22
50140 22
50141 22
50142 18
50143 20
50144 30
50145 32
50146 32
50147 28
50148 26
50149 26
50150 22
50151 22
50152 30
50153 36
50154 36
50155 30
50156 24
50157 26
50158 46
50159 48
50160 48
50161 50
50162 46
50163 32
50164 46
50165 36
50166 32
50167 40
50168 44
50169 44
50170 56
50171 76
50172 84
50173 84
50176 24
50177 30
50178 32
50179 26
50180 20
50181 18
50182 30
50183 38
50184 32
50185 22
50186 12
50187 18
50188 22
50189 22
50190 14
50191 10
50192 20
50193 34
50194 40
50195 32
50196 18
50197 6
50198 8
50199 20
50200 14
50201 12
50202 16
50203 8
50204 4
50205 12
50206 20
50207 10
50208 6
50209 2
50210 14
50211 16
50212 8
50213 16
50214 24
50215 28
50216 32
50217 34
50218 30
50219 26
50220 24
50221 22
50222 12
50223 4
50224 0
50225 4
50226 12
50227 20
50228 26
50229 26
50230 28
50231 28
50232 26
50233 28
50234 22
50235 14
50236 8
50237 8
50238 8
50239 6
50240 14
50241 20
50242 22
50243 28
50244 26
50245 22
50246 28
50247 38
50248 46
50249 38
50250 28
50251 28
50252 24
50253 20
50254 14
50255 10
50256 18
50257 24
50258 12
50259 4
50260 18
50261 24
50262 30
50263 30
50264 22
50265 22
50266 24
50267 20
50268 18
50269 20
50270 18
50271 18
50272 14
50273 2
50274 12
50275 8
50276 6
50277 12
50278 14
50279 14
50280 16
50281 14
50282 12
50283 12
50284 18
50285 24
50286 26
50287 20
50288 6
50289 12
50290 12
50291 10
50292 10
50293 22
50294 34
50295 36
50296 30
50297 26
50298 14
50299 8
50300 8
50301 8
50302 12
50303 20
50304 34
50305 32
50306 20
50307 16
50308 14
50309 12
50310 18
50311 20
50312 18
50313 14
50314 2
50315 4
50316 6
50317 12
50318 12
50319 6
50320 8
50321 12
50322 14
50323 22
50324 20
50325 14
50326 18
50327 18
50328 8
50329 8
50330 8
50331 6
50332 16
50333 16
50334 8
50335 10
50336 16
50337 16
50338 16
50339 14
50340 14
50341 18
50342 12
50343 16
50344 34
50345 42
50346 34
50347 20
50348 26
50349 32
50350 36
50351 32
50352 24
50353 18
50354 20
50355 16
50356 24
50357 24
50358 18
50359 14
50360 12
50361 14
50362 18
50363 22
50364 26
50365 24
50366 20
50367 14
50368 16
50369 26
50370 26
50371 26
50372 24
50373 24
50374 26
50375 18
50376 14
50377 22
50378 32
50379 30
50380 24
50381 24
50382 40
50383 54
50384 48
50385 48
50386 44
50387 30
50388 18
50389 36
50390 28
50391 18
50392 24
50393 26
50394 28
50395 36
50396 52
50397 56
50398 54
